time_s,alignment,signature,n_subjects,mean_beta_outcome_demeaned,sem_beta_outcome_demeaned,mean_beta_trial_type,sem_beta_trial_type,mean_beta_p_threat_risky,sem_beta_p_threat_risky,mean_beta_r_risk_risky,sem_beta_r_risk_risky,mean_beta_rational_p_threat_amb,sem_beta_rational_p_threat_amb,mean_beta_a_amb_amb,sem_beta_a_amb_amb
-1.0,cue,Ceko_negative_affect,101,0.003731526647471977,0.00833936805740925,-0.0067868136046919224,0.00458510745445826,-0.010457727178616694,0.00668364483124502,-0.00029104461910896794,0.004014307446040894,-0.015926390180261405,0.013210228813646974,-0.017069658644147317,0.009230510126607753
-0.9,cue,Ceko_negative_affect,101,0.0033176609861425943,0.008334635236630594,-0.006974931422871676,0.004603401778132497,-0.009796158780905038,0.006680947462335983,-0.00045428340111954165,0.004009756375805999,-0.015422434438161492,0.013269738938267519,-0.017683532420043457,0.009247703799453002
-0.8,cue,Ceko_negative_affect,101,0.0029715226952501317,0.008347717653021482,-0.007456908212268412,0.0046170125199916446,-0.009082805126266668,0.0066865195620130855,-0.00041194418531426927,0.004010789093855842,-0.014386137646152337,0.01327183257350921,-0.01818206491492279,0.009280268785518112
-0.7,cue,Ceko_negative_affect,101,0.0030613763018987714,0.008381691759858426,-0.007662894691873946,0.004622231661381761,-0.00846758958312192,0.006721571954803475,-0.00032656480471859054,0.004027687423383762,-0.013481739616023072,0.013279371476115761,-0.01823543225581821,0.009310076242528614
-0.6,cue,Ceko_negative_affect,101,0.0035713114616513367,0.00841956307553324,-0.007796174528541978,0.004614222369242,-0.00798985211863708,0.006772577717014759,-0.0003665003415652723,0.004038190351204342,-0.013251502156571579,0.013269698859107549,-0.018307927382015414,0.00929149340493656
-0.5,cue,Ceko_negative_affect,101,0.00422173392624455,0.008464309769965664,-0.007910822248164692,0.004612921711272025,-0.0076165204924822484,0.006816104766471157,-0.000405738780473094,0.004053978148830305,-0.01282840784905052,0.013255666243979832,-0.01819351685054813,0.009284645095822894
-0.4,cue,Ceko_negative_affect,101,0.004850420611973108,0.008492564096192035,-0.00810476874087399,0.004598824613824867,-0.007105324464092626,0.006854766666447353,-0.0004375308405969901,0.004077179740259891,-0.012390387974176777,0.013215358219643657,-0.01808188518850681,0.00925859108876857
-0.3,cue,Ceko_negative_affect,101,0.0053592626464123985,0.008495909150911056,-0.008350059971921937,0.0046013282488185136,-0.006671911924627234,0.006912395513156675,-0.0005399088942500125,0.0040839322901810434,-0.011763939977502426,0.013238648036574046,-0.018038116750865373,0.009255488806222411
-0.2,cue,Ceko_negative_affect,101,0.005591261272442122,0.008496145175509248,-0.008740335396208956,0.004586535488986046,-0.006173990039474291,0.006982055804221211,-0.0006128428124725708,0.004064156022523082,-0.01107460452437699,0.013209996987963612,-0.01813376471643117,0.009214259846051544
-0.1,cue,Ceko_negative_affect,101,0.00597913844920675,0.008469361277592109,-0.009287852380658972,0.004548803692687224,-0.005874128416210823,0.007015543834456205,-0.0006508411052505062,0.004022224457635519,-0.01037318903620849,0.013177846131622362,-0.01829740630847202,0.009135438808805789
-0.0,cue,Ceko_negative_affect,101,0.006361329441000143,0.008439243336247515,-0.009729659441904487,0.004523179144977004,-0.005648683216386769,0.007048415670108256,-0.0005535771966186275,0.004003772110344115,-0.00948823550732729,0.013177546907982477,-0.01833917620951304,0.009096972322116328
0.1,cue,Ceko_negative_affect,101,0.006676576631944672,0.008350820735629504,-0.01030972744981429,0.00449077069456173,-0.005504589293613893,0.0070499783669965635,-0.0006137842683028763,0.0039987725727891115,-0.008852385922399637,0.013200135438806555,-0.018387772277867278,0.00903126421535044
0.2,cue,Ceko_negative_affect,101,0.0068766197838184915,0.00827559764896937,-0.010845232547618013,0.004454431544347268,-0.005456060534261235,0.007050674549175385,-0.0005449118971917505,0.00400502174460228,-0.008664359430372649,0.013142649103462214,-0.018542995265078414,0.008976481989693646
0.3,cue,Ceko_negative_affect,101,0.0071264328837947685,0.008184566555355106,-0.01107860134048648,0.004394214841670942,-0.005601753879873971,0.007064033237398523,-0.0005143898913463422,0.004007541281432078,-0.00849504277284662,0.013068081039864189,-0.01808108783950991,0.008864956677233018
0.4,cue,Ceko_negative_affect,101,0.007315065621603645,0.008103662967991717,-0.010973453165553048,0.004331231970261996,-0.00572766328582844,0.0070964338144049975,-0.0006435060015774068,0.003993333951811369,-0.008609304960205113,0.013060784281741365,-0.017571166458251446,0.008734953299936498
0.5,cue,Ceko_negative_affect,101,0.007420869812945799,0.008013504304644665,-0.010797072288745439,0.0042691365567217405,-0.005869359650993774,0.007115351663125686,-0.000961057219398403,0.00397187943376014,-0.00845713308951041,0.013048182356442955,-0.016935075517480025,0.008571962920514941
0.6,cue,Ceko_negative_affect,101,0.007175060616959378,0.007899934140443675,-0.010700015980245576,0.004207032602094987,-0.005939750885532879,0.007118843613522855,-0.0012002185565020715,0.003976000157717065,-0.008430648228593471,0.013017015242961177,-0.01656356977227134,0.008429065545644075
0.7,cue,Ceko_negative_affect,101,0.006941543629609534,0.007737303476846784,-0.010595252330346536,0.004172727695775601,-0.005901449541888693,0.007119921376578512,-0.0014048307088122514,0.0040219472250724005,-0.008287619881589332,0.013013764596944382,-0.015953160040143008,0.008318042638164602
0.8,cue,Ceko_negative_affect,101,0.006781186753753664,0.007578397826873294,-0.010225014160331,0.004126196419882584,-0.005917677079077336,0.007103158838061336,-0.001477030162018178,0.004065354378443723,-0.007594003240824427,0.0130381340419122,-0.014949361944324833,0.008215865903046413
0.9,cue,Ceko_negative_affect,101,0.006939263420166666,0.00743526509512181,-0.00950221269578098,0.0040898366990143355,-0.0060045154723204095,0.007114154773577701,-0.001341362893250699,0.004116404016750757,-0.006990327865727224,0.013066543081213253,-0.013667699843899258,0.00813316368635039
1.0,cue,Ceko_negative_affect,101,0.007377363720666186,0.007343266435167416,-0.008805603519483153,0.004075585586114051,-0.006043911886895788,0.00709778597263359,-0.001173221450336161,0.004175308955437795,-0.0061319110351899025,0.013123370998809272,-0.012569424105792397,0.008066347657983882
1.1,cue,Ceko_negative_affect,101,0.007669113449213857,0.007238028037281987,-0.007925692478429487,0.004070720720409275,-0.0057767674521489905,0.007066926336501761,-0.0011150264917124894,0.004225218698434386,-0.004898251085113179,0.013269742272478301,-0.01114226054155808,0.008022147310092338
1.2,cue,Ceko_negative_affect,101,0.008057735245365216,0.007157965850407177,-0.006981873664076343,0.004069878885316827,-0.005232465056697042,0.007025613416374394,-0.0011477178488744355,0.004284883082963143,-0.004133403191598518,0.013471667379634504,-0.010040701380705572,0.00798605257528252
1.3,cue,Ceko_negative_affect,101,0.008453421925148774,0.007065242179274809,-0.00580371213660955,0.0040817809907248296,-0.004466698160108884,0.006955569813947115,-0.0013177464801346801,0.0043294525573730255,-0.003077789862768615,0.013685445441000569,-0.008618858333602888,0.008010023748006355
1.4,cue,Ceko_negative_affect,101,0.008802951341581476,0.007019089258194569,-0.004443984244627782,0.004101860111611837,-0.003322030902889577,0.006891232165522152,-0.001629339316329803,0.004339435504809523,-0.0018845674380592009,0.013808348179059392,-0.006907001887423815,0.008044547461826437
1.5,cue,Ceko_negative_affect,101,0.008913815624749948,0.006940541709382772,-0.0030169112137443522,0.004134704214008878,-0.0016439225997440963,0.006840223297903267,-0.002174032635710467,0.004349629085895594,-0.00043141143786324895,0.013914172194684748,-0.005427059347623096,0.00805421372868886
1.6,cue,Ceko_negative_affect,101,0.009594864434058463,0.006883422774420775,-0.0016696270423872566,0.004170599088731058,-0.0001651806156254584,0.006771957456517781,-0.0025835374001815055,0.0043541448751816085,0.0013532928010908003,0.014013788746253942,-0.004174027718198185,0.00810179958175468
1.7,cue,Ceko_negative_affect,101,0.010156005162354534,0.006852545207465072,-0.00045091564410825727,0.004233290820365572,0.001532514657138162,0.0066929637302879435,-0.002882795621256766,0.004331964350122636,0.0022486295925248133,0.014077227842412552,-0.0031170473124237826,0.008191350194625224
1.8,cue,Ceko_negative_affect,101,0.010640194679327745,0.006827101965002308,0.0007771542034015857,0.004302036640558876,0.003398148403627465,0.006596546299354174,-0.0033200848623550325,0.004290598540433277,0.0035564397425912934,0.014133159920952041,-0.0020551168656701476,0.008311629084988389
1.9,cue,Ceko_negative_affect,101,0.010926175194477172,0.006788599550232402,0.0019009390745738923,0.004383797589159501,0.005660638737452982,0.006489680107273739,-0.0039813994146353565,0.0042283761828920095,0.00502623670221362,0.014114031295913135,-0.0013091562245382004,0.00843473345583587
2.0,cue,Ceko_negative_affect,101,0.010940931489428369,0.006758679056225256,0.002979682788931498,0.00444944176976242,0.008079816304969019,0.0063863427906818955,-0.004653983640158059,0.004185166463714081,0.005861193873064931,0.014123626216431541,-0.0010465797567051512,0.008519858568766497
2.1,cue,Ceko_negative_affect,101,0.010834495178709842,0.006749744121970486,0.0037459468549330315,0.004508173615166298,0.010729657721034062,0.0063063301983261495,-0.005387848088652199,0.00416603828522671,0.006435511497628065,0.01414439026460248,-0.0012203074258753726,0.008566213334480054
2.2,cue,Ceko_negative_affect,101,0.01056013018481302,0.006727972746089256,0.004356947369396526,0.004574661849894515,0.013525199658897374,0.006232540445860125,-0.006350137596849313,0.0041582709476233925,0.006414663723098903,0.014226793723246854,-0.001496578507373335,0.008670768126488726
2.3,cue,Ceko_negative_affect,101,0.010003583345191618,0.0067035154604511765,0.0050028281362065165,0.0046197086258917665,0.01632839837253228,0.0061796746641425504,-0.0074133392187562324,0.00414276639077188,0.005918843422139613,0.014314222904262902,-0.0017324208855544231,0.008772717490848216
2.4,cue,Ceko_negative_affect,101,0.009132324401692914,0.006678844709789172,0.005832136409153798,0.004641749067843628,0.019251375199014948,0.006126154449607532,-0.008369403003255454,0.004142193100947657,0.005489031371798743,0.014333749798439977,-0.0010692882597053998,0.008769897451164414
2.5,cue,Ceko_negative_affect,101,0.007737758221727863,0.0066554136184318186,0.006437924221482594,0.004680077891874741,0.022271300080254942,0.006106335157594933,-0.009332545589746395,0.004153452528883225,0.005241011437956278,0.014350091569399225,-0.0007099347810197545,0.008776382864783503
2.6,cue,Ceko_negative_affect,101,0.006044755352786466,0.006599439643652609,0.006936674058553053,0.0047055854556349724,0.025197946266131782,0.006083091321277569,-0.010520687746965964,0.004169520510288622,0.005114207060698704,0.014392452849676126,-0.0005254900024053505,0.008735298678010501
2.7,cue,Ceko_negative_affect,101,0.0047854130085545924,0.0065514560193621115,0.00729120253434362,0.004739063308713385,0.027716962136035778,0.006089757332356881,-0.011792532614956304,0.004195826108999795,0.004588506597999411,0.014442292851014237,-0.0005110819709021427,0.00869639137049327
2.8,cue,Ceko_negative_affect,101,0.00377128317044471,0.006486578727681014,0.007601037183275091,0.004762214204850026,0.029872888202803257,0.006122791709941821,-0.013066108523191372,0.004239250708354481,0.00418482847196955,0.01447863354556418,-0.00040419326646822965,0.008633906584658178
2.9,cue,Ceko_negative_affect,101,0.0022743234666378486,0.0064419356081329895,0.007913066412659306,0.004786895793168015,0.032078460344470906,0.006171017289094089,-0.014324871586996983,0.0043074009825884675,0.004648231608714992,0.014505905573802502,-0.00014595962611132474,0.008550593266110487
3.0,cue,Ceko_negative_affect,101,0.0010205029146997911,0.006424803914491763,0.00814133603253228,0.004815330623324443,0.034287792205109954,0.00625802043112342,-0.015373813032130102,0.004392273996694122,0.00534452344378439,0.014523999787657232,0.00022399773224506076,0.00843634529244594
3.1,cue,Ceko_negative_affect,101,6.659161130688616e-05,0.006427690910079533,0.00846192864269273,0.0048302333980607196,0.03599720820081552,0.006367936426089105,-0.016479809931677854,0.0044825353059964376,0.005523640927017823,0.014550417253163972,0.0005397488957508288,0.008290100899717023
3.2,cue,Ceko_negative_affect,101,-0.00047362290823659405,0.006449052443287108,0.00881753257779733,0.004881593651306649,0.03738913057449964,0.006511454169903579,-0.017445020596841013,0.004601922247956996,0.006846791449775833,0.014558369082698088,0.0011771605454237142,0.008167060710176241
3.3,cue,Ceko_negative_affect,101,-0.0011335564315448977,0.006471894980414314,0.00919075111255872,0.004958306574381275,0.03873859381210923,0.006665093231502458,-0.018592767517278508,0.004718859905070752,0.009010318078805719,0.014581464439562104,0.00196089838438431,0.008088136724939408
3.4,cue,Ceko_negative_affect,101,-0.0016072163490769842,0.00651078746937587,0.009589987475183625,0.005052418461578733,0.03983437971431408,0.006804754555745223,-0.019660016292480535,0.0048422264633870265,0.010971636704636965,0.014604670036850785,0.0028828090257932183,0.008043961224671629
3.5,cue,Ceko_negative_affect,101,-0.0019718083727168403,0.006563625821960123,0.00999666679144258,0.005157544512100356,0.04073641360043866,0.006950623250592297,-0.0207212118690564,0.004950018541676219,0.013314221670231741,0.014637541406472868,0.0037803371681362657,0.008024902200641627
3.6,cue,Ceko_negative_affect,101,-0.0019853401759827565,0.006585649452650082,0.01055846523660349,0.005242125357069632,0.0414088857591198,0.007095444889149793,-0.021825082054779173,0.0050528749071771205,0.015599073055758075,0.014645895589105397,0.004984123551266444,0.007969487428481825
3.7,cue,Ceko_negative_affect,101,-0.0016963929347992746,0.006596386995121854,0.011014343002188376,0.005299440701616417,0.04196227282198449,0.0072271339417164255,-0.022919612017538917,0.005156036223306557,0.017873710761751885,0.014676863049770854,0.005983160034346259,0.00794409452526028
3.8,cue,Ceko_negative_affect,101,-0.0008815761798118347,0.006566996261624516,0.011617669690344643,0.005333691963252489,0.04225106677408269,0.007331091269267993,-0.023754193087262065,0.005235673788300645,0.020607822968802293,0.01467509529267528,0.007300565180664063,0.007946220261767493
3.9,cue,Ceko_negative_affect,101,-9.26863705889544e-05,0.00651590376166992,0.011981019303691477,0.005353093574976537,0.042789706952303934,0.0073909999457341,-0.02388431287339499,0.005278470164630246,0.022810329371643418,0.014653405791206378,0.008386330052997822,0.007971121467446246
4.0,cue,Ceko_negative_affect,101,0.0004205807376647758,0.006465151826285893,0.01211222388068533,0.005375561547174903,0.043253788839996775,0.007449941139574914,-0.02371407669885444,0.005307117159266599,0.025262102122167795,0.014582949215056592,0.00926430120665403,0.007972459828908669
4.1,cue,Ceko_negative_affect,101,0.0009950263701363408,0.006422198240651774,0.012193641392985085,0.00540510531145687,0.04392405435268903,0.0075139995321826724,-0.023508876544995175,0.00531430195756886,0.027290162159129987,0.014608586626995155,0.01006189500189989,0.007968206615478719
4.2,cue,Ceko_negative_affect,101,0.0018520761360397483,0.006384054878163599,0.012239715678174527,0.005421998918649805,0.044215434715166944,0.007537110209358841,-0.02360200350749171,0.005316386317727415,0.02857474355922186,0.014589188481042632,0.010640246726993262,0.007993834621881813
4.3,cue,Ceko_negative_affect,101,0.0022152860290114785,0.0063876994228182675,0.012188205184783259,0.005429314761081294,0.044658779295558435,0.007557842503924266,-0.023330983999645494,0.005340151357507893,0.03077700161886449,0.014475553590595755,0.0108488930271761,0.008058706203779334
4.4,cue,Ceko_negative_affect,101,0.001999834057030948,0.006400469885834136,0.011934378075253849,0.005431435622996838,0.04547764625697247,0.007573732959313152,-0.02298988228265021,0.005366679114013246,0.03318870369792972,0.014336570622216972,0.010891264097698845,0.008134331097046215
4.5,cue,Ceko_negative_affect,101,0.001671027281943487,0.006384443356164872,0.011531205585630469,0.005419043721596927,0.0464332600808843,0.00758029004317961,-0.02255274297027082,0.0053987298203678905,0.03481863616972977,0.01410787815150619,0.010700241548149515,0.00819325071913943
4.6,cue,Ceko_negative_affect,101,0.0011238308037942722,0.00641848753042475,0.011025293671677878,0.005409960723700215,0.04744526678919791,0.00759152660472518,-0.022020542594294854,0.005432972759463161,0.03648457665591881,0.013868086518178209,0.010195030707484736,0.008273275029055229
4.7,cue,Ceko_negative_affect,101,0.0004590813894503139,0.006464454247011289,0.010373648838644344,0.005416056043770315,0.04854361543510852,0.0076297595034410595,-0.021554247280916487,0.005477114437737971,0.037965278182010904,0.01369430218177893,0.009491619544586426,0.008360998275514937
4.8,cue,Ceko_negative_affect,101,-0.0005237771627747887,0.006510444702142644,0.009436191621129866,0.005429555400420505,0.0497571678989213,0.007680253987912643,-0.020858286715881306,0.005506873657363333,0.039054227603586254,0.013570343150714313,0.008536569455813046,0.008460631408584867
4.9,cue,Ceko_negative_affect,101,-0.0018450804947889841,0.006536165462605531,0.008397348827070175,0.005461245976910739,0.05106848582994501,0.007742738366780421,-0.020065363984768294,0.005518475107851061,0.04054837264946215,0.01351884597461229,0.00726451142423505,0.008555354955734529
5.0,cue,Ceko_negative_affect,101,-0.0032064760925037635,0.006598551127731853,0.0071933394788833765,0.0055089626183836785,0.0523389000049807,0.007816333895329486,-0.01920290110254002,0.0055449096603513975,0.04162777947415625,0.01354914608554187,0.005843456006952417,0.00865125294107828
5.1,cue,Ceko_negative_affect,101,-0.005091794151783407,0.006690679916944275,0.005896121797906026,0.005565383774134305,0.05356185731191493,0.007903935517515772,-0.018550553479085012,0.005556739910291512,0.042567854121902185,0.013651114619980151,0.004533822035650143,0.008788673259879011
5.2,cue,Ceko_negative_affect,101,-0.007132335316551462,0.0067989068758766286,0.004642458757420489,0.005621746519404904,0.0546224751283178,0.007990630803888125,-0.018206199232542294,0.005560927944787921,0.04456307831069123,0.013768468574000487,0.0032710697824581284,0.008994159298119569
5.3,cue,Ceko_negative_affect,101,-0.009305314067906271,0.006961223681332372,0.003425371032170791,0.0056600710582297075,0.05571983996661177,0.008065438008869502,-0.017884694930712784,0.005572427571982563,0.04658926879769137,0.013862943489764554,0.002295975056011611,0.009124661721128122
5.4,cue,Ceko_negative_affect,101,-0.011986783624351582,0.007226343660425755,0.0022055534000765425,0.005715125101266429,0.056932993450474007,0.008140141319898044,-0.017358462965291543,0.005568546010824279,0.04897303348564056,0.013957495325408086,0.0016585457394473304,0.009271051226722598
5.5,cue,Ceko_negative_affect,101,-0.014832065752286579,0.007599497584196257,0.0009755597742710245,0.005766819916465554,0.05816891369347084,0.008209654576850784,-0.016762140423672432,0.005546615177180984,0.05107945675098118,0.01413075328164141,0.0012246223896932812,0.009360502104256414
5.6,cue,Ceko_negative_affect,101,-0.017628232320678533,0.007966731104086628,-8.163002684192518e-05,0.005820379443924762,0.05894560907477529,0.008241805574830592,-0.01608842813749102,0.005505659776269022,0.0522109825082807,0.014272031127173642,0.0009152354404960284,0.009454415786209222
5.7,cue,Ceko_negative_affect,101,-0.02028234367028912,0.008367503647223544,-0.0011510301741771973,0.005868922853750083,0.05944621390017047,0.008249938383780287,-0.015269100107374924,0.005481668521961507,0.05300661045687467,0.014479377240073617,0.0006539072604963254,0.009497835242743093
5.8,cue,Ceko_negative_affect,101,-0.022859593605596144,0.008783073260827034,-0.0019613425020967275,0.0059023740510691525,0.059811357736541323,0.008254949272273335,-0.014750242705946494,0.005471927779633988,0.05387898303140623,0.014585393867482538,0.0008556397064258515,0.00947261236132364
5.9,cue,Ceko_negative_affect,101,-0.025264142826571412,0.0091792577678807,-0.0025516990161726554,0.005916497326754012,0.06015572719705882,0.008261016300495345,-0.014193166058360523,0.005457037996938266,0.054693489187777417,0.01473815075571729,0.0015958380348933426,0.009418871012793933
6.0,cue,Ceko_negative_affect,101,-0.02759304822145866,0.009606125185811379,-0.0029606171864475592,0.005937224824510791,0.06064440264285645,0.008243236945732117,-0.013667874684055744,0.005461478588072455,0.05624796623067398,0.014861489870676077,0.0026667460644981267,0.00938366916711393
6.1,cue,Ceko_negative_affect,101,-0.02944957592659982,0.01000778013594108,-0.003684982646626711,0.005893945401547742,0.060802140763503106,0.008208466982197902,-0.013168555530399617,0.005488850959023675,0.057986003832672176,0.014924266034847668,0.0028763437417026793,0.009228463119746807
6.2,cue,Ceko_negative_affect,101,-0.03094628578139125,0.01034066251808869,-0.004769253434648803,0.005811501209878013,0.06091766093023735,0.00820362341139775,-0.012769253893477493,0.005511904980791761,0.059903599006222795,0.015020618872156687,0.0025686398416800357,0.00900299810906596
6.3,cue,Ceko_negative_affect,101,-0.03196452989459012,0.010594761412752646,-0.00577852822405499,0.005731518684591973,0.060873608371460074,0.008198974077544339,-0.012308478113616258,0.005545228787121019,0.06207589076925324,0.015140617137203466,0.0022047306619886894,0.008799300502167795
6.4,cue,Ceko_negative_affect,101,-0.032349190243875704,0.0108273935660859,-0.006512236979048408,0.005655379490301264,0.06124132732080979,0.008215473422212264,-0.012183162379836686,0.005570714956004476,0.06377334617143496,0.015206162563555755,0.002100091778878567,0.008548455626584277
6.5,cue,Ceko_negative_affect,101,-0.03251081584958274,0.01106868563860378,-0.007295276859282115,0.005590001774639578,0.061642946796203815,0.008290339005499442,-0.011998286539982878,0.005577088649551765,0.06506638753331996,0.015243419103077811,0.002025046986082159,0.00830753539899965
6.6,cue,Ceko_negative_affect,101,-0.03221107907293186,0.011244331733491018,-0.0079340945657632,0.005526460127653992,0.06199379649260723,0.008390431117620452,-0.01193461870305375,0.005557125391333148,0.06589021133758398,0.015225801763854378,0.0014417053511887375,0.008118624276541427
6.7,cue,Ceko_negative_affect,101,-0.031465318822946654,0.011295503562984215,-0.008458325279702299,0.005462654090774708,0.06267523345014687,0.008497149234955583,-0.012055060919043004,0.005537563253848148,0.06704740040816529,0.015214586199210435,0.0006624251536664883,0.008004920209181872
6.8,cue,Ceko_negative_affect,101,-0.030182580126846572,0.011270685127722538,-0.009198419886509645,0.005409197601382361,0.06370511625782106,0.008624300870564336,-0.012185625050197699,0.005529717557204901,0.06899769908330433,0.015150539429930011,-0.0003504420918886563,0.007889065061614263
6.9,cue,Ceko_negative_affect,101,-0.02790795974479793,0.011191388741926302,-0.00997271551624304,0.005365743863683245,0.06494497934014301,0.008744114254823417,-0.012235992429399808,0.005524093263688714,0.07019362223150699,0.01511722073579059,-0.001530658598977877,0.007789221540239151
7.0,cue,Ceko_negative_affect,101,-0.02471096954925709,0.01105180697852324,-0.010849266381853661,0.0053267587133549585,0.06582046211150701,0.00884842153146956,-0.012144313645062596,0.005509857333585149,0.07124497200908125,0.015142091686290911,-0.0025570276854024604,0.007733950285701354
7.1,cue,Ceko_negative_affect,101,-0.020509110744100487,0.010888878199799522,-0.012010697859005505,0.005284078951201314,0.06642838033427789,0.008915795086243135,-0.01189858185196423,0.005510193115863644,0.07255992593704863,0.015110099420662616,-0.003840806406093365,0.007744589583686851
7.2,cue,Ceko_negative_affect,101,-0.015294033261273134,0.010641705105699123,-0.012901279297443679,0.005252748289415579,0.06693771921674924,0.008989604172741075,-0.011289386071485445,0.005470711726655879,0.07454720615817763,0.015045686690377648,-0.004543075995404556,0.007761151169154187
7.3,cue,Ceko_negative_affect,101,-0.009813659872105179,0.010376203744359668,-0.013729170798651803,0.005225281597797088,0.06827273852693758,0.009007832395414533,-0.01087295871061461,0.005411012460994693,0.07672441857976539,0.014938402174856388,-0.004985629514342822,0.0077878160525814725
7.4,cue,Ceko_negative_affect,101,-0.0028095337089308297,0.01005576556975995,-0.014195820159723599,0.005214771466123034,0.06932129368486134,0.009019139282739777,-0.009948037404293375,0.005340314181986138,0.07916546415000521,0.014790799989130379,-0.004387003826823216,0.007828160378786144
7.5,cue,Ceko_negative_affect,101,0.004502428296651463,0.00976072484096225,-0.014603194422567993,0.005206211651346562,0.07037318280772897,0.009018979507671675,-0.008945629926288,0.005306407331820499,0.0811508221849676,0.014664885002482336,-0.0036315811092695574,0.007885995661862067
7.6,cue,Ceko_negative_affect,101,0.0127341528669891,0.009475296877920945,-0.014897346150368099,0.0051849299197434615,0.07141200411665424,0.00899584112534029,-0.007478107909044113,0.005278807689184366,0.08154586167105071,0.01460074353885897,-0.003350234127663726,0.0078971382098957
7.7,cue,Ceko_negative_affect,101,0.02134671527584813,0.009212583364856836,-0.01518393836689773,0.005138782397138566,0.07265777980003682,0.00895754885802871,-0.00579125299861575,0.005258695254891175,0.08073019011592378,0.014469617372898012,-0.00320578749648847,0.007887298523156604
7.8,cue,Ceko_negative_affect,101,0.029793489733041613,0.009029121024555236,-0.015522624490352386,0.00505124370925188,0.0743877184368469,0.008917068323248744,-0.004194655440495387,0.005257430087381578,0.07950979245113281,0.014372877333241956,-0.0025949957783544197,0.007831685050927836
7.9,cue,Ceko_negative_affect,101,0.03920880354235819,0.008891116322284408,-0.015766616594584983,0.0049946876138105304,0.07593489104519494,0.00887666548968636,-0.0022979855153014185,0.005267764558949459,0.07800230439202276,0.01430472478214244,-0.0020330602000102815,0.007816674335313105
8.0,cue,Ceko_negative_affect,101,0.0489116262335672,0.008844680462841287,-0.015930865196243336,0.004926676951059357,0.0775637817674674,0.00879560346151726,-0.0006286139396041593,0.0052621151251532865,0.0762985035852895,0.014275734223736902,-0.0013539436972562113,0.0077962249813212136
8.1,cue,Ceko_negative_affect,101,0.0589389983752609,0.008799538313788276,-0.015864258805907992,0.004850914390645216,0.07916082658886466,0.008651922101567098,0.0005515368828840177,0.005251726514732122,0.07534209247920703,0.01411160756095123,-6.867043752489762e-05,0.007689317940226455
8.2,cue,Ceko_negative_affect,101,0.06882730986662915,0.0088270270998961,-0.015608925234063143,0.0047735630601344475,0.08122639369506683,0.008491908828957723,0.001265527839540659,0.0052194932860828245,0.07487615937560485,0.013974765811798618,0.002364435937782023,0.007528716944467556
8.3,cue,Ceko_negative_affect,101,0.07875934379568131,0.008911916279028657,-0.015522572276354478,0.004699386411613528,0.08331538244409013,0.008374267089859123,0.001998601530692995,0.005199965320789661,0.07360118785477043,0.013909028930493818,0.003933200436658125,0.007368075231401176
8.4,cue,Ceko_negative_affect,101,0.0880021179974736,0.009027388896653528,-0.015428454431594716,0.004614973801111026,0.08564751743820408,0.008256295873863314,0.00277997256606756,0.005184489776474549,0.07189087059338457,0.013928636036526344,0.004876765505661217,0.007236325335140842
8.5,cue,Ceko_negative_affect,101,0.09721712486103527,0.009137537728536574,-0.015536563528788587,0.0045324925222518025,0.0871471568889803,0.008097006807535927,0.003526516065165133,0.005158889206785477,0.0701414130256677,0.0140376298549455,0.0049595229813976455,0.007142306440640947
8.6,cue,Ceko_negative_affect,101,0.10591862210317264,0.009214414238246309,-0.015555661346242075,0.0044356842578473265,0.0881435531011355,0.007970076579378989,0.004248004665509245,0.005145143977505119,0.06822523664911823,0.014146701302848752,0.00499574697918052,0.00700367619112031
8.7,cue,Ceko_negative_affect,101,0.11416304659865346,0.009325321182425341,-0.015462498744119849,0.004331718036690117,0.0889185938436864,0.007859985070698615,0.004856642639199589,0.005148757016619333,0.0665471538495916,0.014236471910563119,0.004785171259154753,0.006863367173271259
8.8,cue,Ceko_negative_affect,101,0.12220031869651549,0.009440291737351812,-0.015376081702267444,0.004243385719239761,0.08932883770925695,0.007767056896331252,0.005469776407535058,0.005143792317088111,0.06488470868852579,0.014356150686255271,0.004437687275189458,0.0067577216798550095
8.9,cue,Ceko_negative_affect,101,0.130558545381138,0.009534426257463983,-0.015229020928692456,0.004164773600609796,0.08894098361601557,0.007667643454045907,0.005881772546040674,0.0051349185123977644,0.06436942140166814,0.014561349542650797,0.00416107954179146,0.006668749405209995
9.0,cue,Ceko_negative_affect,101,0.13915992783167294,0.0095827251114645,-0.014988333335168129,0.004100311975323735,0.08827706761207199,0.007548945271311081,0.006514109005811398,0.005105128601201416,0.06458208991036613,0.014709322178783162,0.003590815177694392,0.006604158974881213
9.1,cue,Ceko_negative_affect,101,0.14765112741184785,0.009654985323301887,-0.014971947343525098,0.004037599815802673,0.08730981449487465,0.007432511184628729,0.007543605362759076,0.005055754662938805,0.06449234486927043,0.014857878884333141,0.0028238622775320224,0.006581094864568525
9.2,cue,Ceko_negative_affect,101,0.15550644142594533,0.009695973768895721,-0.015074843060939059,0.003989492049530889,0.08608008836779633,0.007321634389144822,0.00866901762283021,0.0050001250391186695,0.06443723462885406,0.014947729818286473,0.0023113272547218666,0.006641009534122658
9.3,cue,Ceko_negative_affect,101,0.16333420345455893,0.009775921995278327,-0.015071559365107623,0.00397962564407911,0.08425579199775955,0.007235784043532303,0.01016063246976367,0.004953978232081366,0.06360297849855394,0.015007957184914962,0.0017775210712109686,0.006728509874955535
9.4,cue,Ceko_negative_affect,101,0.1704808482026804,0.0098848762204013,-0.015218650424851954,0.003986311011928819,0.0819874423879168,0.007163384603483126,0.012051917305970286,0.004942180285341436,0.06270775607705631,0.015018991127084018,0.0009808948705835399,0.006832690176999094
9.5,cue,Ceko_negative_affect,101,0.17680321186396855,0.009959491028735825,-0.015070164193554293,0.0039964625785770804,0.07979491347917929,0.007105697702043042,0.014003882064940645,0.004931871101773047,0.06182125912197724,0.014917370431813232,9.257647898182136e-05,0.006943696524695763
9.6,cue,Ceko_negative_affect,101,0.1826582420788443,0.010038684233689647,-0.01483437876538058,0.004003964724535362,0.07716398629851258,0.007034499873451382,0.01565734481687542,0.004921837692651449,0.060132396541807055,0.014724642239083966,-0.0004063633487142219,0.007035203786608509
9.7,cue,Ceko_negative_affect,101,0.18805848324677607,0.010161107122780998,-0.014939483236287944,0.004019524554827992,0.07441628588639039,0.006926984652235736,0.01704885636733137,0.00494933292097938,0.057408922583048555,0.014540853970624481,-0.0013495560400062858,0.007152722291208919
9.8,cue,Ceko_negative_affect,101,0.1931323400139912,0.010294507106942723,-0.015023913994600962,0.004006579552457965,0.0714770288833471,0.006833550624782283,0.01844862424766161,0.0049698812522490695,0.052585943169855286,0.014228448226547268,-0.001963712556744747,0.007246213497452128
9.9,cue,Ceko_negative_affect,101,0.1970737260523,0.010415210486271281,-0.014877711108634839,0.003963602909546143,0.06885177299835467,0.006734744082850919,0.019313161763838346,0.005005984236509403,0.046570282989150044,0.013958596041882026,-0.002433823524482644,0.0072725484984524835
10.0,cue,Ceko_negative_affect,101,0.2008797210312176,0.010533388298858543,-0.0144415245292209,0.003932551845412072,0.06622528551999587,0.006664835331710532,0.020123269982918565,0.005022267174839088,0.04143286591960172,0.013672557703366443,-0.0024650241524455225,0.0073452315600128736
10.1,cue,Ceko_negative_affect,101,0.20373279395310934,0.010604832176008298,-0.014235020483937266,0.003908683114635112,0.06381746701699909,0.006605580037577915,0.020841150756825976,0.005028956870007195,0.037018746977113444,0.013399362912913054,-0.002438082594338165,0.007413898808353811
10.2,cue,Ceko_negative_affect,101,0.20556316936850283,0.01066906718964242,-0.014328870206185203,0.0038883365015402703,0.06124712118903649,0.0065217939486878285,0.021514247712433703,0.005046143612277333,0.033493877487957374,0.013097712184955142,-0.0024335408635450064,0.007483753349909357
10.3,cue,Ceko_negative_affect,101,0.2069339097830142,0.010734297662041242,-0.014223643948380865,0.003867240142413242,0.058425443814111216,0.006452711688793553,0.02180757612799822,0.005074818349524275,0.030769945457333758,0.012782534052342646,-0.0021966967948651864,0.007514207804311645
10.4,cue,Ceko_negative_affect,101,0.20800960127631662,0.010825567125546607,-0.013832447606227033,0.0038547698284422164,0.05531661968495411,0.006409423389588468,0.02170028454037691,0.005085207360667988,0.028328835750764808,0.012557261936048255,-0.001334999338788926,0.007542701770160707
10.5,cue,Ceko_negative_affect,101,0.20824544553750068,0.010918972349801466,-0.013681019693541952,0.003854041297159909,0.05215288800824312,0.006359107448923237,0.02159188607333405,0.005059080207299759,0.02492205179723188,0.012437981591851189,-0.0009798294539183606,0.007589204879606525
10.6,cue,Ceko_negative_affect,101,0.20786247603591665,0.010970071445371132,-0.013422855665482588,0.0038646556072768797,0.048883248150713945,0.006303706983402703,0.021411524705111228,0.0050200485218611585,0.0213109297880517,0.012422007321767578,-0.0011696954872908775,0.007684342437805104
10.7,cue,Ceko_negative_affect,101,0.20636257491927165,0.010987341676664665,-0.013257319204631173,0.0038893073623575457,0.045929417927894116,0.006253162503884829,0.02109601660014153,0.004970047473977908,0.01748260060225389,0.012451044584075269,-0.002355415057806881,0.0077430645381497696
10.8,cue,Ceko_negative_affect,101,0.20411969654656303,0.011006831565316257,-0.012938768075958331,0.003932901850185777,0.04335136997878864,0.006213411217537787,0.021016746566377253,0.004931402858928832,0.01482207508300807,0.012611351502672636,-0.0030949157826005093,0.00780744187992565
10.9,cue,Ceko_negative_affect,101,0.2010847961575541,0.011019306014188884,-0.012444223613568634,0.003972155410837391,0.041313711262001805,0.006191327835689503,0.02090273179227966,0.004883157913555844,0.013231020592800447,0.012734852830391436,-0.003500860970121087,0.007867781456262138
11.0,cue,Ceko_negative_affect,101,0.19742236532554014,0.010998002956896973,-0.011727018962405435,0.004030570303521585,0.03927784021632474,0.006180460251612828,0.020848489819286765,0.004839299269003184,0.01201751052699064,0.012917052451897466,-0.003512082399487977,0.007963877432312519
11.1,cue,Ceko_negative_affect,101,0.1928470583306489,0.010952553413881965,-0.011233606083111336,0.004083775368147711,0.03749131936776793,0.0061555485873960435,0.021064739969281415,0.004788815016491821,0.012702354459681287,0.0130984234787402,-0.004231739802196197,0.008053600785635861
11.2,cue,Ceko_negative_affect,101,0.18753158844839354,0.010883261673699844,-0.010796726814100552,0.004142810492530391,0.036062387868583075,0.00613531257268939,0.02147561254408168,0.0047500823440562966,0.013004491334841892,0.013258827491996068,-0.005150485609891315,0.008082351346797448
11.3,cue,Ceko_negative_affect,101,0.18172020794228236,0.01082379712211294,-0.010432470012334664,0.004199617192835187,0.03491257711743766,0.006090265139491046,0.021597601323469877,0.0047495664625386395,0.013659765519854336,0.013455179344019696,-0.005936942229786933,0.008113052753992494
11.4,cue,Ceko_negative_affect,101,0.17481127983037661,0.010758981339057738,-0.01000046246016441,0.004244153928778059,0.03393060471379808,0.006040329522588952,0.02112866250614748,0.004753980741883195,0.014814579446710083,0.013603361512284461,-0.006480459990106083,0.008158560436040744
11.5,cue,Ceko_negative_affect,101,0.1675065786420793,0.010676286368419696,-0.009594677000187351,0.0042845128813733015,0.033059905752765295,0.005981820000352271,0.020718321105182742,0.0047471626946216745,0.015678557024407874,0.013686135228792234,-0.007429682556890397,0.008215134644086014
11.6,cue,Ceko_negative_affect,101,0.15982320744317868,0.010579734764142455,-0.00917893902893204,0.0043235365644327265,0.03229337621228849,0.005923677456304356,0.02038033453506759,0.004769339798412887,0.01648142463301131,0.01378229129597475,-0.008386799537118156,0.008252930162631966
11.7,cue,Ceko_negative_affect,101,0.15177160569431145,0.010486876359419016,-0.008867284190868336,0.004348180654701398,0.03174688622348841,0.005858399012325102,0.019750594758805504,0.004804339238908183,0.017353229798945012,0.013836040684345463,-0.009352653032265889,0.008272280199635324
11.8,cue,Ceko_negative_affect,101,0.14355161619246243,0.010396830775460554,-0.008556646726448437,0.00435014174771235,0.031072382529593417,0.005832730616881277,0.01919601331487143,0.004851430438333493,0.018897721225644176,0.013848570842798323,-0.010120273898178407,0.008242946757213593
11.9,cue,Ceko_negative_affect,101,0.135495716925421,0.010275813212138498,-0.008328042571304478,0.004325621176804186,0.030250973220568494,0.005853914324454551,0.01884736350968723,0.004907003587924003,0.02024239309945631,0.013826531298959239,-0.010908958903667344,0.008218370148693152
12.0,cue,Ceko_negative_affect,101,0.12799515781543966,0.010165928092923979,-0.007989813376131276,0.004319413491802203,0.029064910200551464,0.005898524508376158,0.018295064602234023,0.004966794435978241,0.021529533991435097,0.013764506862869643,-0.011343396439901138,0.008254553013729673
12.1,cue,Ceko_negative_affect,101,0.12064529036856134,0.01004402067259411,-0.007808453325094069,0.004324122933273338,0.02780943256604978,0.005941752014780083,0.01779242983824253,0.005033218626660652,0.022844337121546817,0.013683436689594953,-0.011838793587937707,0.008277892338519562
12.2,cue,Ceko_negative_affect,101,0.11358302965219251,0.009969696554397832,-0.0075162750933249955,0.004345138622732512,0.026429995448565204,0.005972166940642599,0.017283826782132687,0.005102280992590312,0.02417486812170675,0.013644752158274502,-0.012048136639010982,0.008324448965665811
12.3,cue,Ceko_negative_affect,101,0.10682541017895694,0.009915599350059812,-0.007251007021953069,0.0043833347473334625,0.025276578023345958,0.005954346454371613,0.016560676649050872,0.005155862840635489,0.025633248468396472,0.013571568023896046,-0.012060824059172765,0.008374245426788938
12.4,cue,Ceko_negative_affect,101,0.10040582091650821,0.009866262133876686,-0.006934481349848054,0.004407776070669733,0.023834686790721493,0.005921355531047241,0.015727057216223722,0.005217130025031105,0.026854034022370677,0.013520582388904223,-0.011425472590319842,0.008410938585647579
12.5,cue,Ceko_negative_affect,101,0.09396325414147595,0.00978128604734593,-0.0066886269129869235,0.004438615513094,0.02248758194767341,0.005901626573841088,0.014827334795908156,0.0052724562579319996,0.02740590662410358,0.013487340209293253,-0.010695433298949517,0.008509463477921477
12.6,cue,Ceko_negative_affect,101,0.08773232621908394,0.009635517895693313,-0.0064229331314182144,0.004459795423794708,0.02077035672023225,0.005864916148352362,0.014450941966650557,0.005301606004553225,0.027594015747932396,0.013451828052231253,-0.010010349666978993,0.008598361959365202
12.7,cue,Ceko_negative_affect,101,0.08170132147434064,0.00944779231138756,-0.0061060267797098675,0.004478976634759212,0.019141136678130635,0.005829752573883168,0.014253151239634018,0.005331968784779723,0.0269189038908729,0.013437733272341873,-0.009167280411025863,0.008648310563234556
12.8,cue,Ceko_negative_affect,101,0.07554666201557445,0.00928982708122245,-0.005877707989213919,0.004513810839265663,0.017818497890724084,0.00580953203607154,0.013766636516455103,0.005362354789394318,0.02571052197450514,0.013400999481537472,-0.008228495377001,0.008732871902137911
12.9,cue,Ceko_negative_affect,101,0.06981410120166952,0.009142294800219247,-0.005655981720738445,0.004546484234120032,0.01635374307417564,0.005805629155976087,0.01326637795284147,0.005381014543425548,0.02461249410199075,0.013472388151666084,-0.007709627853563814,0.008849480300168472
13.0,cue,Ceko_negative_affect,101,0.0640937389800065,0.008996432965507511,-0.005365335311638626,0.004598079907496595,0.015155594189787638,0.005796761180881009,0.012790226592027032,0.005403066867736409,0.023804425356673587,0.013514066500045645,-0.007319493194816877,0.008981156784530353
13.1,cue,Ceko_negative_affect,101,0.05828141824859902,0.008898245028049194,-0.005170924297726377,0.004651102261497946,0.014385011969650271,0.005757611051866627,0.012064106018189932,0.005404386356056231,0.023704292941962513,0.013511221986001217,-0.006610679550770001,0.009087316846523375
13.2,cue,Ceko_negative_affect,101,0.05220009470981921,0.008859838377332343,-0.0050274632865447335,0.004700052165932745,0.013955510495094104,0.005730696904668971,0.011409033069367419,0.005401118963838823,0.024365050139662635,0.01344999098257045,-0.005814733200604157,0.009190438995055044
13.3,cue,Ceko_negative_affect,101,0.046084115468207336,0.008805037003539696,-0.005012121160586428,0.004725478700822072,0.013732242570936781,0.00570335969127377,0.010943389842596787,0.005387845081409364,0.02487009414005483,0.013406990315962335,-0.005342273916131816,0.009266494308749488
13.4,cue,Ceko_negative_affect,101,0.04026195585318492,0.008784237707157807,-0.004974854275765395,0.004783755097197389,0.013557381752403891,0.005691805918806214,0.01040945662144715,0.005379618580619504,0.025460334567902764,0.013383678991102772,-0.004972585468714051,0.009401558859824724
13.5,cue,Ceko_negative_affect,101,0.03471611468330056,0.008776296889623178,-0.004902760935310906,0.004838844048465546,0.013267245936876303,0.005720372658916653,0.00991174015114072,0.005351674134602672,0.025979520625211444,0.013355326680401281,-0.00482136835263655,0.009534053252270048
13.6,cue,Ceko_negative_affect,101,0.030181848697637643,0.008778472212705911,-0.0047545182968031655,0.0048168434015106185,0.012720342568827377,0.0057808842993394395,0.009465283936658105,0.005323125905673541,0.02589994418104029,0.013435260773466157,-0.0048172424832617815,0.009556582108902815
13.7,cue,Ceko_negative_affect,101,0.02612051092205572,0.008796978804889905,-0.0047617512244115204,0.004792255478995688,0.012035820207737885,0.00586862376412661,0.00931557116863672,0.005283926878533959,0.026507365958600426,0.013527251335030828,-0.005068764066317367,0.009585653559082844
13.8,cue,Ceko_negative_affect,101,0.0225913772503529,0.008835144118748582,-0.004682102081119635,0.004754892717905836,0.011673350000416865,0.005919476654403208,0.008997999145549995,0.0052363073120258756,0.02664414571063493,0.01366935780038093,-0.005230148975748027,0.009571376996138114
13.9,cue,Ceko_negative_affect,101,0.01933177678790275,0.008845365778136499,-0.004407898892676152,0.004725443690836168,0.011443401862453996,0.005946217495135034,0.00868570885747077,0.005145197906415852,0.026802390326733518,0.013730091823235296,-0.005245853682757611,0.009560071331052413
14.0,cue,Ceko_negative_affect,101,0.016398133670760005,0.008820976458696216,-0.004041710868656926,0.004669174372495076,0.011220976620297524,0.005954475676699722,0.008619325984628024,0.005058288641803622,0.027110248965683068,0.013798146019775102,-0.0050826175678956005,0.009509419468651926
14.1,cue,Ceko_negative_affect,101,0.01355394849633951,0.008799410131631932,-0.0036736803990317316,0.004639998857707454,0.011129019052626612,0.005949303080706747,0.008807606659213048,0.004987946086939617,0.027566396310718635,0.01387547824673418,-0.004635145797521569,0.009482021399688898
14.2,cue,Ceko_negative_affect,101,0.010780738867564883,0.008825280379769547,-0.0033193783796636998,0.004638412784543495,0.011367796005572901,0.00594328344519679,0.008986487970956369,0.00491383185296302,0.028185921358408916,0.01404920398748652,-0.0039467179426348736,0.009525885851898503
14.3,cue,Ceko_negative_affect,101,0.008772826215466259,0.008854026285070336,-0.0028937857308875157,0.004625799101083869,0.01126785812772642,0.005944880614110649,0.009130090491731304,0.004861254867497203,0.028231969815758904,0.014259235206441455,-0.0032269607314683556,0.009613088069527436
14.4,cue,Ceko_negative_affect,101,0.007404534567093981,0.008845361919688407,-0.002531628596218143,0.004619930204251651,0.010934667064277918,0.005942560306605319,0.009322526110967712,0.004838463508584882,0.027508423996685977,0.0144207466195945,-0.0026727596746202497,0.00968770643491135
14.5,cue,Ceko_negative_affect,101,0.006529909012625117,0.008843752453428192,-0.0022144817067623855,0.004639788081247354,0.010515189771548712,0.005957181568846074,0.00932969025035103,0.004824188930878419,0.026339444943123087,0.014582529706704542,-0.0019319968198064149,0.009755092457034117
14.6,cue,Ceko_negative_affect,101,0.005851010027875053,0.008862543389224804,-0.0019264194918798265,0.0046791655914903835,0.010029937605512879,0.005965469304195954,0.009264972875846295,0.004804362006975323,0.02507144045659617,0.014708774159407079,-0.0011945243770920323,0.009862259643390735
14.7,cue,Ceko_negative_affect,101,0.005489086881851471,0.008889376075678789,-0.0015736972448577539,0.004736624256938251,0.009607081575288176,0.005986286473284624,0.009358101878684024,0.004793313714244478,0.023543910295615762,0.014902348877173973,-0.0003057050612881246,0.010010260533246681
14.8,cue,Ceko_negative_affect,101,0.004921318130925213,0.008916475425043468,-0.0013964487310577484,0.004808512092664033,0.009771439110523326,0.006014328890493943,0.009397160235611915,0.004801536347432354,0.02256419570947632,0.014972281644341976,0.00036401588668397183,0.010178883392562219
14.9,cue,Ceko_negative_affect,101,0.003957678539050525,0.008894964543401997,-0.0010477748701450355,0.004835494949018997,0.0101696818993277,0.00600378454316805,0.009359287398006023,0.004820578036767331,0.02149595483549248,0.01493854550288808,0.0014167560477987688,0.010239660836848085
15.0,cue,Ceko_negative_affect,101,0.002994534120000618,0.00887858010881313,-0.0007326312238075414,0.00487491044587456,0.010430104423064851,0.006003026960025829,0.009271565597560726,0.004853286937158442,0.02017576116345685,0.014951251933446673,0.0024129811155571964,0.01034506716374414
15.1,cue,Ceko_negative_affect,101,0.0017631059285911333,0.008829625996677411,-0.0006368911678809593,0.004926208659532121,0.011105884084096707,0.006001890479960898,0.009009621053446493,0.004888204304889613,0.01937947708974763,0.014989449846826066,0.003088841545413161,0.010487346212469885
15.2,cue,Ceko_negative_affect,101,0.000698182618777035,0.008807165953538011,-0.0008533005125414924,0.004962207118739365,0.011873799445048142,0.0060263861568676,0.008511632647258514,0.0049410597719740405,0.01820439774245949,0.015083043204617457,0.0033014851415054717,0.01058674429070247
15.3,cue,Ceko_negative_affect,101,-4.240778049548412e-05,0.008803044196278614,-0.0009118746272602433,0.004988743332535513,0.012500952488860807,0.006029714681510052,0.0077307178355941935,0.004992319993057468,0.016584430283986075,0.015127562790581826,0.003639847558662006,0.010626048275281975
15.4,cue,Ceko_negative_affect,101,-0.0004255143599202557,0.008807356165402036,-0.001188930944072398,0.0050038987457161795,0.012930077228423056,0.00607324447542909,0.007088432980460781,0.005015424620375115,0.0147448310390686,0.015135935921984539,0.0034854833787846947,0.010650950891343882
15.5,cue,Ceko_negative_affect,101,-0.0008017993451914059,0.008806361659045626,-0.001559544445886389,0.0050295578456636975,0.013488200648704618,0.0061312201046980225,0.006664188605858388,0.005030609937119203,0.012751265969885222,0.01503973547114736,0.0030000407882549195,0.010675158720320526
15.6,cue,Ceko_negative_affect,101,-0.0015489569438634006,0.008801421625728972,-0.0018403953748022115,0.005048851803012369,0.014331143712225363,0.006144570115764212,0.006166087497175695,0.005031305091143881,0.012026661171170988,0.014932305552356067,0.0026416931158827718,0.010688526777921675
15.7,cue,Ceko_negative_affect,101,-0.002054244398899372,0.008777600196923903,-0.0019950365300199172,0.005050826006976499,0.015217966696701677,0.00616643342632073,0.005696594363176424,0.005013744164656991,0.01150674255719125,0.014859755163415603,0.002945577043914072,0.010674684460712106
15.8,cue,Ceko_negative_affect,101,-0.0025047686157188332,0.008752233821950242,-0.0022482885312680736,0.0050520102253071904,0.01609962746797612,0.006179314084140124,0.005321275047062345,0.0050060743031926465,0.010948117758424377,0.014795804258556557,0.0029012641820238667,0.010663643371255662
15.9,cue,Ceko_negative_affect,101,-0.003003607379029118,0.008697532933470994,-0.0026962075043453515,0.005057023286521388,0.016905832759440458,0.006201937820482302,0.004794906199278363,0.00500514214163209,0.010443117866691934,0.014724032714595202,0.00248512728841843,0.010656477752370398
16.0,cue,Ceko_negative_affect,101,-0.0033207497395138998,0.00863649159220493,-0.00319628033787544,0.005069780611881816,0.017364530734798368,0.006217304167675066,0.004261027730172449,0.0049948984727354,0.010075057457759632,0.014677366703710728,0.002045372835797769,0.010637356284574092
-1.0,outcome,Ceko_negative_affect,101,-0.02770091634979084,0.00893384775824039,-0.0019164520104822508,0.005601623064991414,0.060705221913854863,0.008109522598973472,-0.01668520337836269,0.005552846532309813,0.05889773045118209,0.014492071463155414,0.002833132109775166,0.007965899943408445
-0.9,outcome,Ceko_negative_affect,101,-0.0319022234993058,0.009725577585380663,-0.0029040256485311456,0.005589797758096028,0.06091893018156615,0.008167753398371363,-0.016132931868678212,0.005509727663434444,0.061283073117988855,0.014614515175095898,0.0022084459733400295,0.00793902288386011
-0.8,outcome,Ceko_negative_affect,101,-0.03618871910814386,0.010547573042537632,-0.0038414119982224625,0.005571229933816145,0.061208116598411744,0.008240949986978422,-0.01573982675306197,0.005445676197699387,0.06379362951222481,0.014733157187775776,0.001643034155199781,0.007925698576793604
-0.7,outcome,Ceko_negative_affect,101,-0.040056981476106916,0.011427413318939587,-0.004589064260185374,0.005573795259112812,0.061481102383670626,0.008337039348150577,-0.015268376253580044,0.005402604279448197,0.06588113697825476,0.01483970836778616,0.0012689487632461269,0.007979696067045313
-0.6,outcome,Ceko_negative_affect,101,-0.04314971355731198,0.012167803662214271,-0.0052476177670886665,0.00559355451782,0.06158678729993456,0.008443447568481038,-0.014547019751036842,0.0053296602938802395,0.06808672842216588,0.014938242289558104,0.0010523370001384552,0.00803378519593711
-0.5,outcome,Ceko_negative_affect,101,-0.0452442055283746,0.01271533602521346,-0.005799600402167843,0.005602399952418247,0.06174072093533066,0.00855863017862741,-0.013481555584806213,0.0052740233920289805,0.06972479104104141,0.015007211381381084,0.0013994294763412984,0.008035147788953721
-0.4,outcome,Ceko_negative_affect,101,-0.04696995316417125,0.013079597626593673,-0.0061981924512104335,0.005602536578369843,0.06162900949593849,0.00871275884399255,-0.012048432749113464,0.005228224669526245,0.07082898471142457,0.015089216583947754,0.0016724819375453287,0.00806206895563212
-0.3,outcome,Ceko_negative_affect,101,-0.04756236970745324,0.013365502497471865,-0.0069497868225572475,0.005572518023579028,0.06135441517222181,0.00889130629895965,-0.010722575526363725,0.0052079949156104794,0.0726783826262897,0.015007636804578998,0.0014639247936553935,0.008092144502614631
-0.2,outcome,Ceko_negative_affect,101,-0.04722520723270537,0.013495397996427176,-0.007988511915847152,0.005515908502145762,0.06187680380945339,0.009054397443313624,-0.010014697231377146,0.005194968326473912,0.07408759383385774,0.014935055014897523,0.000733592453096261,0.008130002283328734
-0.1,outcome,Ceko_negative_affect,101,-0.045968577258883585,0.013488522119208923,-0.009120070573278637,0.005425143962069526,0.06291472357320813,0.00919019214548543,-0.009151430127343624,0.005182713555019625,0.07504789599350721,0.014824942739240983,-0.0005785435147066134,0.008176775462447085
-0.0,outcome,Ceko_negative_affect,101,-0.04386587854229757,0.01340755395622211,-0.010185006047433528,0.005344210820512378,0.06409722393456445,0.009323403124386946,-0.007979439051384525,0.005184170375407417,0.07598005280867556,0.014681288444845595,-0.0017883679929009922,0.008233170177112975
0.1,outcome,Ceko_negative_affect,101,-0.04038675792798702,0.013215796079811703,-0.011271970451603917,0.005248645250307626,0.06572974609822535,0.009353808815802089,-0.0073386667584520865,0.005180221822646506,0.07544894605454107,0.014543738446164037,-0.0037283882257988445,0.008292643451948868
0.2,outcome,Ceko_negative_affect,101,-0.03573040036436367,0.012869154195451963,-0.012495425598081896,0.005143939030056995,0.06736046371855275,0.009350705209007376,-0.0066758840605819336,0.00519363447267066,0.0756598741180624,0.014367209457201359,-0.005410613625509646,0.008285707949184958
0.3,outcome,Ceko_negative_affect,101,-0.029656523827445238,0.012397772226369938,-0.012940649842977379,0.005051964430131915,0.06900774869405098,0.009293119508672195,-0.006169025688419464,0.005161153081646915,0.0755935996647526,0.014199665565975308,-0.005193091615810388,0.008112661496142905
0.4,outcome,Ceko_negative_affect,101,-0.02200788427547443,0.011807544637873892,-0.012698276529595737,0.004966860491435454,0.07101191805189347,0.009192134045591091,-0.005784166867323444,0.005125170000701898,0.07396909166996266,0.01406546681978032,-0.0042983032486577115,0.007905560591180293
0.5,outcome,Ceko_negative_affect,101,-0.013316305481759305,0.011187991645236938,-0.012526108836987578,0.004885984537094089,0.07272825434368815,0.009047149546250494,-0.005171661936907925,0.005119753882424866,0.07281860042627947,0.014024743013771717,-0.003490444594352167,0.007697263862337873
0.6,outcome,Ceko_negative_affect,101,-0.0033096363273631925,0.010622419806705296,-0.012161692700574257,0.004824632099749269,0.07420010066466776,0.00890848639017645,-0.004406483434353688,0.005117840197422257,0.07156068998609032,0.014015627843387553,-0.0021729886867197915,0.007505816986160143
0.7,outcome,Ceko_negative_affect,101,0.0074094765831811986,0.010131081791178272,-0.011887037935584729,0.004772839200622516,0.0756831029402478,0.008774045554482727,-0.003714697247211929,0.005119739512616186,0.06955117608173969,0.014047013300593332,-0.0010043715750843246,0.007334072890074531
0.8,outcome,Ceko_negative_affect,101,0.018379656561871387,0.009740111004307384,-0.011608219111394,0.004724083937618579,0.07720811336634677,0.008627236664173473,-0.002921387282939674,0.0051257571596129625,0.06782654074916517,0.01405953381133356,0.0003923430378078874,0.007239886035953803
0.9,outcome,Ceko_negative_affect,101,0.02952095453132205,0.009417774083978118,-0.011670415604625856,0.0046529645038338495,0.07898388009297728,0.00849940850604295,-0.0017173283928043472,0.005141219827338583,0.06682633816997463,0.014034070726831884,0.001804782864231314,0.007178243626621332
1.0,outcome,Ceko_negative_affect,101,0.04064424386153282,0.009185389146737933,-0.012039563935407385,0.004568481102841213,0.08093809357204429,0.008391147490303093,-0.00045594307312442583,0.0051577851722832465,0.06552619913947468,0.014032310240155409,0.0031283450956862704,0.007111201091589738
1.1,outcome,Ceko_negative_affect,101,0.0521532048494518,0.009055588697195938,-0.012244921899489704,0.004517791758266806,0.08294649055008294,0.008277682866935736,0.0007559347241050329,0.005173567729613101,0.06398862057227532,0.014054116600421485,0.004454994643138254,0.007029968729986035
1.2,outcome,Ceko_negative_affect,101,0.06487613125796723,0.009029063036382953,-0.012373296590177774,0.004481968438445456,0.08438078579070143,0.008153590308152027,0.0020448474886240234,0.005190569287645474,0.0633653437616856,0.01416920831286501,0.00569018407495802,0.006950476150851637
1.3,outcome,Ceko_negative_affect,101,0.07755162295572045,0.009058747656407008,-0.01263981486447985,0.004454518686870014,0.08576460794433766,0.008038794409801021,0.0033096348379078183,0.005192024410988921,0.06372806111302562,0.01433180089198689,0.006602973363173911,0.0069180859826593576
1.4,outcome,Ceko_negative_affect,101,0.09005874672782514,0.009160645718965774,-0.012842688457428085,0.004429502877783104,0.0869634607602885,0.007946951342574882,0.00465650205488813,0.005189053987774486,0.0636093929476593,0.014408610349323519,0.007269994126169614,0.006905664700905755
1.5,outcome,Ceko_negative_affect,101,0.10207653375912792,0.009358805649020821,-0.013099740178764469,0.0044050843379121385,0.08817328254417074,0.007868433872186891,0.005980957366519599,0.005190293384444813,0.06339684003227361,0.014516674918827138,0.007520879775650594,0.006884365056490978
1.6,outcome,Ceko_negative_affect,101,0.11347944024702593,0.00954078956020799,-0.013473372055491067,0.0043803665911443905,0.08847987089879829,0.0077743098376984055,0.007701574897802265,0.005184439523505115,0.0635864971588358,0.014646669574724302,0.007322154353544047,0.006831429456117691
1.7,outcome,Ceko_negative_affect,101,0.12396067163669268,0.009721731925680252,-0.01388408776021493,0.00433894486590282,0.08891691026191813,0.007689787358043299,0.009337044042111753,0.005148039949712322,0.06393780687858754,0.014725404843698463,0.007057018891023436,0.006780575360731364
1.8,outcome,Ceko_negative_affect,101,0.13367147286723727,0.009887028600438124,-0.01437854163569433,0.004293810709322807,0.08958133641537387,0.007607319695692412,0.010796536704743702,0.0051044584445973885,0.06375570920054935,0.014832413786152505,0.006572545201410145,0.006701395362146047
1.9,outcome,Ceko_negative_affect,101,0.14250359207525334,0.010054906283558679,-0.015016633137446693,0.004250085270403985,0.09023304330956944,0.007520728453882616,0.011914642328062578,0.0050668067201263,0.06299134913536197,0.014906667706030838,0.005904706308944137,0.006589276751115071
2.0,outcome,Ceko_negative_affect,101,0.15083667054934932,0.01022671805662026,-0.015765249472438486,0.004218661094158908,0.09059607626164348,0.007446857712310942,0.013038002209302204,0.005020476726410364,0.062402765595432765,0.014975891617792308,0.004603066628332578,0.006561530890555642
2.1,outcome,Ceko_negative_affect,101,0.1593803379256985,0.010403659254856147,-0.016170364089510766,0.004190085832988989,0.09041283970090726,0.007371389971816231,0.013645314722458942,0.004968469199313509,0.0611343565105035,0.015028608470422871,0.0033293039934495176,0.006569685796700721
2.2,outcome,Ceko_negative_affect,101,0.16770630630070563,0.010547593509155795,-0.01585677852250113,0.0041582082431244095,0.08970337277894973,0.0073031008565556665,0.014245909775589989,0.004930564010919956,0.05929687801428348,0.015007564370058665,0.002256231524403814,0.006575480845957925
2.3,outcome,Ceko_negative_affect,101,0.17591579857622816,0.010684063890596144,-0.0151718104231752,0.004147362119845323,0.08811958074008668,0.007214539073037293,0.015052928600813968,0.004897621530405538,0.057189648353291135,0.014956378010725904,0.00181509768493601,0.006623918277736395
2.4,outcome,Ceko_negative_affect,101,0.18302902920774827,0.0108269138365405,-0.014673780393752611,0.004124788746366248,0.08629760561447485,0.007123015665256192,0.015879003126310506,0.0048783332144438345,0.05509899407418664,0.014867595511850833,0.001559534377782764,0.00670710589150015
2.5,outcome,Ceko_negative_affect,101,0.18921880896585225,0.010932431836097732,-0.014172580807093237,0.004083861719872541,0.08437378230298276,0.007034936844254484,0.01650835268715449,0.004888968444327003,0.051213127834711776,0.01467431106683662,0.0017277072131427944,0.006746294137062398
2.6,outcome,Ceko_negative_affect,101,0.1943850912428102,0.010991294143857801,-0.013489161290504354,0.004042346546872702,0.0821024309675496,0.006928236528097728,0.017347342240210586,0.00489425317234161,0.04915064495380786,0.014486520127099334,0.002906812201883394,0.006817348727072927
2.7,outcome,Ceko_negative_affect,101,0.19910167324056285,0.011020012091318119,-0.012733478193082988,0.00398970659459729,0.07967302479684395,0.006807866793828417,0.01813367532692491,0.004912707484873064,0.04600378390813867,0.014263938651943267,0.004004692451729076,0.0068522529024709926
2.8,outcome,Ceko_negative_affect,101,0.20365037507078335,0.011047625536489717,-0.012661004483381656,0.003953778798537044,0.07704601958618389,0.006678514894435258,0.018544182735365615,0.004884982791163016,0.042511837847341444,0.014095846048657225,0.003862014439695468,0.006935870947288283
2.9,outcome,Ceko_negative_affect,101,0.20763030476172714,0.01106254206052514,-0.013265688705884406,0.003922692404064475,0.07422851754001175,0.0065535650215535635,0.018626089767312608,0.004850519253485227,0.039848858428175815,0.013954340668511875,0.0030147114890008942,0.007015166724030356
3.0,outcome,Ceko_negative_affect,101,0.21152184302670157,0.011088546015005281,-0.013830769594716293,0.003882493729178758,0.07093051162050866,0.00645558261195936,0.01860456528168716,0.00482029499746871,0.03750245686812257,0.01372538908940175,0.0021481030609125933,0.007096464244029223
3.1,outcome,Ceko_negative_affect,101,0.21496302359887218,0.011092897276790406,-0.014476463041966951,0.0038630007191482836,0.06723872702173601,0.006370521240237497,0.018617942208487816,0.004803121076567259,0.03489016051078082,0.013514543220558763,0.0008864277635629358,0.007158942630112325
3.2,outcome,Ceko_negative_affect,101,0.2179435780464871,0.011082802308246903,-0.014704582266636675,0.0038506321497755926,0.06334791727413212,0.006311043214704357,0.018790973448962817,0.0047994075048842086,0.0339876820550842,0.013329968611361522,0.00011235601659032962,0.007226970661047814
3.3,outcome,Ceko_negative_affect,101,0.22010384373534148,0.01104029077058365,-0.014786016015128332,0.0038381940135553947,0.05972770885020628,0.0062416670241183456,0.018788535413453152,0.004816342926583617,0.032960576649737366,0.013171023498540164,-0.000494200680271678,0.00728037346694459
3.4,outcome,Ceko_negative_affect,101,0.22200285489974872,0.011027355521273341,-0.014827321936783853,0.0038148685239426947,0.0563045762858874,0.006178476771518494,0.018551800117284106,0.004850829607268494,0.031247680918610216,0.013051413612433714,-0.0008015058462411956,0.007326005299218617
3.5,outcome,Ceko_negative_affect,101,0.22335224405003995,0.011031748348185048,-0.014634208423156794,0.0037663958385160874,0.052723377898622366,0.006095713084028871,0.0182648207052631,0.004888884630634229,0.030076752634295344,0.012879187245145153,-0.0013595195196222636,0.0073642778871421824
3.6,outcome,Ceko_negative_affect,101,0.22369303953824862,0.011035957178811735,-0.014521378988938459,0.0037173265423795492,0.049038170151920524,0.006037531271501596,0.017962276186393487,0.004920879375226179,0.02941103521885036,0.01279978238283765,-0.0018745591373144125,0.007395590349628397
3.7,outcome,Ceko_negative_affect,101,0.22261270147842666,0.011019825097472482,-0.014073345875838082,0.0036869870869303835,0.045751886126399674,0.005984416276424826,0.01731222114161644,0.00492295624304643,0.02837834776639236,0.012807217815642702,-0.0018693644972543834,0.007395463233590606
3.8,outcome,Ceko_negative_affect,101,0.21985661053095817,0.010964709854454094,-0.013475588146642755,0.0036609220498331307,0.043006420852251676,0.005924578174900156,0.016718577929151292,0.004900917918884003,0.026442908434913093,0.01286214392587422,-0.001725170856073145,0.007404319676827219
3.9,outcome,Ceko_negative_affect,101,0.21613955820046532,0.010905563761561926,-0.012840917120841112,0.0036355035898982353,0.04035006640386628,0.005905656233404076,0.0160423941953782,0.004881779266153292,0.024850197249390266,0.012824053160230263,-0.001819842740887839,0.007361772677773729
4.0,outcome,Ceko_negative_affect,101,0.2116616459129273,0.010842186555070093,-0.012172387136537795,0.0036316670704754023,0.03774937522819212,0.005886316346208518,0.01561748059666834,0.004872732672003164,0.02346967452476394,0.012773422679949034,-0.0022790682764878343,0.007374989064963351
4.1,outcome,Ceko_negative_affect,101,0.2066747935792999,0.010779660037158332,-0.011317460730792565,0.003643541425263897,0.03471161096723557,0.0059001473822752806,0.0154073899117466,0.004892467279349162,0.02256749757021127,0.012779449219401015,-0.0026697232814773767,0.007435857706406093
4.2,outcome,Ceko_negative_affect,101,0.20076026415073497,0.010681127646010586,-0.010447028922437972,0.0036505451009835395,0.031934521076527014,0.005903078837543415,0.015099092352174345,0.004907903369013652,0.02236508066940145,0.012841912436549953,-0.003057390418375747,0.00751126633184684
4.3,outcome,Ceko_negative_affect,101,0.19397932680500926,0.01061075020688331,-0.00974603391185196,0.0036469131401656463,0.029713319773454778,0.005923007078715328,0.014788829879346377,0.004931628735612136,0.02248348181810892,0.012944014516519244,-0.003731367866380774,0.007571530165741519
4.4,outcome,Ceko_negative_affect,101,0.1866300602724177,0.010562531367891313,-0.00911132504706254,0.003660712311520969,0.027939850598858094,0.005932409919779317,0.014387207777096936,0.004936154492500932,0.023143143961558695,0.013032348136083222,-0.004327934484032669,0.00758584277826034
4.5,outcome,Ceko_negative_affect,101,0.1788840132170594,0.010543630240909426,-0.008851142549905116,0.0037267164643605606,0.026227407603402607,0.005946426965147716,0.014009670211231543,0.004952662358875876,0.02327552619075717,0.0131453241444365,-0.0054814267840909954,0.007665309316788757
4.6,outcome,Ceko_negative_affect,101,0.1704475531673359,0.01054601479705442,-0.00871857815065419,0.0038229864875282665,0.024577172604728637,0.005964136514860892,0.013910144194153446,0.004973831453276778,0.02441155169854872,0.013263253557860783,-0.006939449440596384,0.0077525817147754555
4.7,outcome,Ceko_negative_affect,101,0.16091059746722117,0.010530150906183759,-0.00873115992813997,0.003903653921862072,0.023323013070988444,0.00601362215476684,0.013967944340578138,0.0050010242610637,0.025623322434387925,0.013353834760152132,-0.00822459335630003,0.00776505859949234
4.8,outcome,Ceko_negative_affect,101,0.15080997940206187,0.010489821044270436,-0.008799193475171505,0.003974763425961206,0.022464398305600305,0.006073550338122683,0.01399014047016014,0.005031074274420018,0.026493366107399923,0.01347876982312785,-0.009273146766581652,0.007752211442050376
4.9,outcome,Ceko_negative_affect,101,0.14072415606417304,0.010430964693593728,-0.008787538888821306,0.004035572747077508,0.02152841618485558,0.006112498187143782,0.013981767891813036,0.0050715041940652275,0.027075998601578527,0.013567231818915426,-0.010192132516101642,0.007779724679375438
5.0,outcome,Ceko_negative_affect,101,0.13122944534221434,0.010355795867585445,-0.009061151895401591,0.0040955991103858135,0.02033580797967504,0.006134235374025954,0.014131195172101924,0.005118346470512892,0.028661873562034604,0.013627764573719076,-0.011542358803742724,0.007836076051047405
5.1,outcome,Ceko_negative_affect,101,0.12216397614065788,0.010229322391675934,-0.009381217507916326,0.004164567459038417,0.019393219117131762,0.00615015784890069,0.013953838360145623,0.005148310824478445,0.02965954770562046,0.013687427150735726,-0.012894031359682477,0.007956717479099089
5.2,outcome,Ceko_negative_affect,101,0.11332621375605041,0.010107422360366762,-0.009697583032348923,0.004226563518964692,0.018479777679507522,0.006171893701968352,0.013504880271368251,0.005165583681025174,0.030698281181305694,0.013705171815511064,-0.013644892405092608,0.008084339866138974
5.3,outcome,Ceko_negative_affect,101,0.10431275190739171,0.009982390520890184,-0.00983963450878781,0.0042998505214554925,0.018083809707414446,0.006192345978111964,0.012896822849309531,0.005165666019103608,0.031874066486359355,0.013712284793945543,-0.01364000935904936,0.008203943735528307
5.4,outcome,Ceko_negative_affect,101,0.09558540270638546,0.009900550939788425,-0.009850866414674583,0.004405616389071179,0.01822216577619735,0.006226003317591356,0.01244273450085931,0.00517148673198475,0.03238045228074641,0.013710337286982835,-0.013612582503462046,0.008376437889927073
5.5,outcome,Ceko_negative_affect,101,0.08729473224920198,0.009770852934093896,-0.009662857670037632,0.004497151402297779,0.018275371118659543,0.006215391859365427,0.01210383740528191,0.005193169515077827,0.03228924194021393,0.013701592067898326,-0.013216246336175599,0.008534995039190368
5.6,outcome,Ceko_negative_affect,101,0.07948311898549709,0.009619389205797647,-0.009462318893421298,0.004558818509003909,0.01804477009549067,0.006181991436644576,0.011701099119620893,0.005214808377640496,0.03155318580544207,0.01369154819671702,-0.012770771022879459,0.008648987192901253
5.7,outcome,Ceko_negative_affect,101,0.07195992328046387,0.00947731703657868,-0.008966858245186804,0.0045814006071176186,0.01788918388737803,0.0061380343156730785,0.011325983811144755,0.005219594132450414,0.030469028543973525,0.01373930009180001,-0.011896402813758443,0.008741077807990034
5.8,outcome,Ceko_negative_affect,101,0.06470837033624272,0.0093242973163825,-0.008397281825262613,0.004587793412035165,0.017651893072626802,0.006095088184124926,0.010949665089442319,0.005226101830625347,0.029397916559538963,0.01375406415730253,-0.010587725015483688,0.008810137719340416
5.9,outcome,Ceko_negative_affect,101,0.057732571711118556,0.00916374213268886,-0.008010482171683498,0.004575267545807044,0.017517230249031436,0.006051593996208234,0.010600081023889351,0.005194515269683043,0.028730127521473685,0.01378416175273478,-0.009424659898080471,0.008848946288687284
6.0,outcome,Ceko_negative_affect,101,0.051493664479395775,0.009072192232065738,-0.007712612034864758,0.004535601428814676,0.017359125996967414,0.005991573623392875,0.010097585732722967,0.005184828538749858,0.027655442165801413,0.01377364461078938,-0.008258580876096546,0.008886138891182711
6.1,outcome,Ceko_negative_affect,101,0.04613117493971668,0.008982669022220597,-0.007388660201351239,0.00450456903735813,0.016901505918793584,0.0059017183930131275,0.009613598715229571,0.005186960740911536,0.026959690176852322,0.013804227481582628,-0.007482118187775357,0.008905736541185247
6.2,outcome,Ceko_negative_affect,101,0.041424252217109415,0.008882906132678342,-0.007043694184736078,0.004515244612019333,0.016359406949653817,0.005812081510984163,0.009049011419560412,0.005197893443185017,0.02598408404211706,0.013842955212454258,-0.006720900723063902,0.008954501851227767
6.3,outcome,Ceko_negative_affect,101,0.03730779620664173,0.0088168799738844,-0.00681804036530756,0.004496135158027581,0.015569918218115403,0.005765095971252915,0.008490077317998009,0.005198047566847756,0.025133143911251182,0.013824876722945923,-0.006459832461336783,0.009003812807721275
6.4,outcome,Ceko_negative_affect,101,0.033883905070628086,0.008728313947353019,-0.00638342713087991,0.004470474597119792,0.014422673773308343,0.005697509653562522,0.007950790881611072,0.005178251182134899,0.024643138385048897,0.013807355871554641,-0.0058882251431546335,0.00899935388468419
6.5,outcome,Ceko_negative_affect,101,0.030461784165625973,0.008631646637254615,-0.006143282871237586,0.0044401499444450135,0.01341957760834353,0.005649218174777658,0.007768392113593773,0.005151348680692676,0.024808086516444235,0.013770176956356659,-0.005913444924621631,0.009000056050271842
6.6,outcome,Ceko_negative_affect,101,0.027267156743236307,0.008558992752506241,-0.00575566834038806,0.004423700901498695,0.012547750418036305,0.005621183712307023,0.007703884689201426,0.005115258724086346,0.024564491201702628,0.013761786875515167,-0.005880432038169012,0.00903125415941175
6.7,outcome,Ceko_negative_affect,101,0.02411846958493277,0.008522947060668485,-0.005301623511117074,0.004419887985523207,0.011654984797940408,0.0056473561764568015,0.007581501844661341,0.0050523321761457895,0.023822582437776685,0.013800937319332402,-0.00576374358253587,0.009057597444647838
6.8,outcome,Ceko_negative_affect,101,0.02101015409383773,0.008498819504363793,-0.004831935649370829,0.004408970345554054,0.011170131104080615,0.005697391275664253,0.007405952004215348,0.0049831260588521905,0.023062998246304568,0.013940042255689785,-0.0055469680337177085,0.009101534699484493
6.9,outcome,Ceko_negative_affect,101,0.01788003335831257,0.008491895498305648,-0.004484151120627762,0.004424137360424678,0.010601204362940092,0.005778043565838283,0.007423482563494118,0.004935861935954552,0.022677253504568895,0.014100866499116817,-0.005253377681269306,0.009165319555637465
7.0,outcome,Ceko_negative_affect,101,0.014724492053775481,0.008501718226438216,-0.004319011225826032,0.004446980984312553,0.01034386424636342,0.0058464204528131695,0.0073783486028622235,0.004904295799288009,0.021990822996434782,0.014214987011627777,-0.005400677356776901,0.009252738513250388
7.1,outcome,Ceko_negative_affect,101,0.012029803099500911,0.00855808249177022,-0.004034019766024256,0.004478526629705637,0.010111954749522574,0.005939518631536491,0.007414864615538412,0.0048672842383382505,0.020956524864282528,0.014368644590462054,-0.0053970871251300765,0.009377433564448276
7.2,outcome,Ceko_negative_affect,101,0.009535541675438564,0.00863022596070133,-0.003833528333181673,0.004521173427723777,0.009887390691222483,0.0060432328507664486,0.007497797726246147,0.004817486981221586,0.02043838026798246,0.014413740648742391,-0.005333128552155067,0.009503924682420981
7.3,outcome,Ceko_negative_affect,101,0.007231640825259438,0.008674858057169992,-0.0036969282044350964,0.004573230496186599,0.009937365470896381,0.006132694987283154,0.007472474902953777,0.004788078323005055,0.019667302160191805,0.014506301271645691,-0.005391124994165389,0.009631547912824315
7.4,outcome,Ceko_negative_affect,101,0.005069333268860972,0.008775569748129972,-0.0035352723104516604,0.004626276190738201,0.010175651890358626,0.0061986756329325135,0.00747764091523597,0.004766511357032698,0.019253634753946428,0.014659501249071063,-0.005247902882859486,0.00974522744795483
7.5,outcome,Ceko_negative_affect,101,0.0028746702366239476,0.008835935712494435,-0.0033074280549595754,0.004689570718541873,0.010784835600524834,0.006218930469046298,0.007570029720310619,0.004736081047031224,0.018827777167399005,0.014850600332680186,-0.004929188602005538,0.00985453702769277
7.6,outcome,Ceko_negative_affect,101,0.0003536303905954806,0.008881575773905671,-0.0032693591279418003,0.004767798647626698,0.011732079088426354,0.006221700259603936,0.00762650595788998,0.004724987641039895,0.017857424151482514,0.015131941017253415,-0.004764624374749433,0.009973030356968034
7.7,outcome,Ceko_negative_affect,101,-0.001750734301664507,0.008958941996155122,-0.0031606452370006753,0.004837285230454127,0.012604982673720956,0.006233071976721319,0.007718572609885832,0.004729532290579795,0.016061655814839784,0.015405988384435755,-0.004422968513924899,0.010075556982754842
7.8,outcome,Ceko_negative_affect,101,-0.0031115142763267437,0.009038933720070832,-0.0028554613596819983,0.004912852552778951,0.01323813264522937,0.0062312304973045525,0.007768950679928081,0.0047276469635936175,0.013686899028358585,0.01567449576521025,-0.003399346010446064,0.01020127733226993
7.9,outcome,Ceko_negative_affect,101,-0.003965244747621074,0.009104096757576391,-0.002423292617610419,0.004999536190227591,0.013746816810539958,0.00619574599286449,0.007721682465293434,0.004713459807288635,0.011817378911948966,0.015874484141054645,-0.0016585381600585493,0.010365298904542616
8.0,outcome,Ceko_negative_affect,101,-0.004673290807761,0.00915000919015477,-0.002096653304585242,0.005094467819577241,0.01427482304827477,0.006158788657207072,0.007720179593813365,0.004715384063405854,0.010600888326606705,0.015899172081521615,-6.39337725999227e-05,0.010557581226850403
8.1,outcome,Ceko_negative_affect,101,-0.00502842375131921,0.009169347347742414,-0.0017627323334073544,0.0051671185659823635,0.014515875747634771,0.006101954895618932,0.007792337236641259,0.004719735943356589,0.009714553020165224,0.015876392076021494,0.0012673902003504738,0.010691482082823486
8.2,outcome,Ceko_negative_affect,101,-0.005069239649224429,0.009165995816918982,-0.0013517736386273029,0.005252398310571399,0.01458545732219568,0.006041384464607903,0.007811336255271829,0.004722268377527637,0.008874397819087759,0.01577163726167632,0.002826590975338232,0.010821782598833174
8.3,outcome,Ceko_negative_affect,101,-0.004842742138520864,0.009165540165645828,-0.0010009870063203922,0.005332990364417668,0.014490764118340433,0.006006474919349543,0.007596202240680086,0.004735124514385071,0.007721597364458861,0.01561494175299733,0.0044901581379244455,0.010931246562936004
8.4,outcome,Ceko_negative_affect,101,-0.004759281953100072,0.009101947465829164,-0.0008738127206612754,0.005368721097794329,0.014640010411978346,0.005979039452454776,0.007432716038236273,0.004776087827543157,0.006844757328640218,0.015507212859451764,0.005705688350992862,0.010982381935793836
8.5,outcome,Ceko_negative_affect,101,-0.004951744259172112,0.009002333115479025,-0.0007171851451922032,0.005388670324917408,0.01495492159370731,0.00596623434820844,0.0072309523089531345,0.0048117259666812335,0.0057144356763999425,0.015336681769660621,0.006709649672504069,0.010995495213933277
8.6,outcome,Ceko_negative_affect,101,-0.005108592317590893,0.0088600175205953,-0.0006459911878121297,0.005400291687673415,0.015180349247163442,0.005966892385175347,0.007126529046093113,0.004828664844961597,0.004337847032956665,0.015173616270091011,0.007412222588122377,0.0110252788232342
8.7,outcome,Ceko_negative_affect,101,-0.005086737574951297,0.008718736680415043,-0.0008292433080791812,0.005373520553440271,0.01545814072580896,0.0059985078413982,0.007125640351999481,0.004842871055702737,0.0027669890705522694,0.014974959298220777,0.0075047794876178684,0.011017454624580515
8.8,outcome,Ceko_negative_affect,101,-0.0045292049294474055,0.008573520702014902,-0.0012479948067108866,0.0053251449161970015,0.015506317719667272,0.006031376978774891,0.0072792581409780845,0.004882081356028152,0.0017881953508865887,0.01476675620455415,0.0071062381474855715,0.010969882735002701
8.9,outcome,Ceko_negative_affect,101,-0.0040937035863909165,0.00844756773996426,-0.0017033951054495045,0.005260955035510075,0.015843540148324873,0.006029272446380751,0.00741724710846917,0.004895205736527502,0.0014348423936449406,0.014527313115381702,0.006595362453466838,0.010876336145783906
9.0,outcome,Ceko_negative_affect,101,-0.004086524968636038,0.00830421196278006,-0.002568428639610758,0.005199780372121195,0.016428529824985116,0.006034264213143698,0.007424273279349855,0.004894834117134954,0.0015404564296938859,0.01432395778191263,0.005471821712066743,0.010751038875378668
9.1,outcome,Ceko_negative_affect,101,-0.004288588750296823,0.008141300642147752,-0.003568170584903301,0.0051372347284082695,0.01690157069057764,0.006015027436650676,0.007535443172033602,0.004889049244753438,0.001670127848326111,0.014212616997109809,0.00379647106621966,0.010589436756793089
9.2,outcome,Ceko_negative_affect,101,-0.0041931598821839085,0.007999892939010904,-0.004489730673089151,0.005060592068748929,0.0172940434551556,0.005990141093688057,0.007745487042635482,0.004871209249057655,0.0016967221492284084,0.014165155918782629,0.0020836197022012213,0.010409933480534731
9.3,outcome,Ceko_negative_affect,101,-0.004159956611832335,0.00788076556898634,-0.005607939683294419,0.0049643766729395205,0.01782113803790938,0.005969451451072886,0.008049180917320988,0.004848991878379127,0.001100923656535717,0.014154184840142761,5.253041884866136e-05,0.01020656722146993
9.4,outcome,Ceko_negative_affect,101,-0.004133744535205839,0.007796714559717425,-0.006792976192534228,0.004893354793716124,0.01869980894405819,0.005953836720724448,0.008331538967841164,0.004835500264120663,0.0005842548905410278,0.014191375336524245,-0.0020685487980074526,0.010032469218987726
9.5,outcome,Ceko_negative_affect,101,-0.003938603791492377,0.00770212489345455,-0.008041174948392439,0.004826783247331415,0.019393626293981885,0.0059384471283505935,0.008713574172101637,0.004817975963842343,0.0005245680428647676,0.014279046928162864,-0.004468124581137815,0.009886223012827653
9.6,outcome,Ceko_negative_affect,101,-0.0037424176980211184,0.007637512660763608,-0.009160461174111002,0.0047618535885789876,0.019842318463012883,0.005938098855670962,0.008996835288855635,0.004808572067685179,0.0006398943050503717,0.014409968873174927,-0.006688222024617287,0.009777358727279618
9.7,outcome,Ceko_negative_affect,101,-0.003164794315688832,0.007610773068303802,-0.01004645703514785,0.004710101409719964,0.019926397838512314,0.005959494940156628,0.009346348174375282,0.004810636979371559,0.0006966292216436855,0.014493767125047482,-0.008455674635430918,0.00969351374999047
9.8,outcome,Ceko_negative_affect,101,-0.0025138954068474185,0.007617596894254275,-0.01074161599835975,0.004654000124236154,0.02003675127821724,0.005980337963577527,0.009821658115147633,0.004833386139000816,0.0005996208627234711,0.014567231216025224,-0.009881814804808002,0.009573291957668314
9.9,outcome,Ceko_negative_affect,101,-0.0019792982405529708,0.0076499177642027115,-0.011274610325202956,0.0046168685745694845,0.020064364261557086,0.0060212181560433545,0.010225113974504907,0.0048655811511410345,0.0011514434077081555,0.014633182057212635,-0.01113619359656526,0.009460101777071189
10.0,outcome,Ceko_negative_affect,101,-0.0017288224387066145,0.007672824236114462,-0.011662920240244767,0.004591774565280951,0.02021978765723374,0.006037373347045242,0.01068919454926976,0.0048647586507433215,0.0011454709801938204,0.014627288941858918,-0.011950651365654074,0.009394216080279539
10.1,outcome,Ceko_negative_affect,101,-0.001199503541451793,0.0076800435275051,-0.011782319393991535,0.004565307763189019,0.0200294948654414,0.006054929489165751,0.01124551767537012,0.00484777716363944,0.0010403598966729896,0.01458970052814878,-0.012328874151847873,0.009364769182147082
10.2,outcome,Ceko_negative_affect,101,-0.00040309800980462587,0.00768003073817232,-0.011539130198801591,0.0045531925256932304,0.019505406756372454,0.006048034787350937,0.011845460577267066,0.004850090450019347,0.0009581866964500033,0.01460102306438664,-0.012356307200956639,0.009360038185236801
10.3,outcome,Ceko_negative_affect,101,0.0007533827000180803,0.0077012137893136155,-0.011151124197807415,0.004551188673760473,0.018682356494388055,0.006044030909931246,0.012407490464934235,0.00483383918201651,0.0006387480130855473,0.014672508713772759,-0.01208159575716291,0.009357580519807946
10.4,outcome,Ceko_negative_affect,101,0.0018295424809368348,0.007745695752359679,-0.010945790076291812,0.00456992182144724,0.017840474791079537,0.006030657233442511,0.013070976410760363,0.004813462242409327,0.00010791754297901572,0.01478532175532527,-0.011832454101833327,0.0093786273438322
10.5,outcome,Ceko_negative_affect,101,0.0028996281344760323,0.007819391981520919,-0.010756077376848408,0.004589719269117159,0.016867800816314043,0.0060010469406021885,0.013622564358213832,0.004817977521813777,-0.00036602969413236197,0.014870135311215196,-0.011974923260011342,0.00944977141860299
10.6,outcome,Ceko_negative_affect,101,0.003882699018620525,0.007903520615009683,-0.010507880336486614,0.004613292128420475,0.01563760334796611,0.005963973314713885,0.013993675642934822,0.004834647507140791,-0.0006539340644421047,0.014997928817830984,-0.012059947878144265,0.009542734526235868
10.7,outcome,Ceko_negative_affect,101,0.004882921083365917,0.007967971941480443,-0.009945154487323473,0.00465185666698414,0.014307946389942554,0.005908471407378262,0.014416655663433055,0.0048898102735242775,-0.0012997702465313609,0.0151213425783212,-0.011839145994343816,0.00963411077456903
10.8,outcome,Ceko_negative_affect,101,0.006202977092142552,0.008023169303495267,-0.009390629895271113,0.00466215142144004,0.013066585512434857,0.005867316980611605,0.014953644756938366,0.004921017616664402,-0.002783016054581975,0.015191215368442389,-0.011332671887622402,0.009648440428299975
10.9,outcome,Ceko_negative_affect,101,0.00763393921030349,0.00807978346270054,-0.009074036537856628,0.004657644132189568,0.011810023156894124,0.005844100933883341,0.015392181065191638,0.004938881665898568,-0.00440282433786297,0.015184467018317263,-0.011362292732806633,0.009636312955985306
11.0,outcome,Ceko_negative_affect,101,0.009097133630618147,0.008128383084084496,-0.008971576088542987,0.004632260372052935,0.010620231067090704,0.005841665584239754,0.01575843144150424,0.0049707839015826405,-0.006168592445451315,0.015163587803071884,-0.01179830910596994,0.009620957260546114
11.1,outcome,Ceko_negative_affect,101,0.010366973935969912,0.008207095246275376,-0.008784414544147563,0.004602287579473553,0.009607942833320091,0.00584787478554874,0.01608289791582706,0.0049984762110606784,-0.007975300321313206,0.0152023081703728,-0.011684402376534753,0.009587201212475997
11.2,outcome,Ceko_negative_affect,101,0.011661128944235818,0.008312236019802341,-0.008676895325004779,0.004574090237834517,0.00877697604054194,0.005849250138567689,0.016450716900644445,0.005002341159876521,-0.009869546942228826,0.015277434879080494,-0.011551035651457176,0.009497221646789863
11.3,outcome,Ceko_negative_affect,101,0.012690034791430344,0.008350696138307195,-0.008705611093184974,0.004559582080602203,0.007959795334908154,0.0058264456259145,0.0166453935008361,0.00498775642101722,-0.011526527413503717,0.015343182585016038,-0.011800712102328676,0.009403541021493518
11.4,outcome,Ceko_negative_affect,101,0.013599809025209368,0.008402949094065864,-0.008827088589954358,0.004536947746281913,0.007240059017249045,0.005813552203110989,0.01677900053045599,0.004951222393938986,-0.014075566379976668,0.015398932999565402,-0.012303237605421588,0.009316475554179958
11.5,outcome,Ceko_negative_affect,101,0.014584366604572747,0.008465738455053868,-0.008949313931344271,0.004514334218850538,0.006745247171718604,0.00578880693652483,0.016850460233985096,0.004902385136573076,-0.017193024126550882,0.015418858890915247,-0.012840234943327774,0.00921047474655856
11.6,outcome,Ceko_negative_affect,101,0.015455180948662385,0.008517097830030271,-0.009098671869785155,0.004475882425187009,0.006460637791434795,0.005787005572166972,0.01676112741687744,0.0048538489259363085,-0.020387267009806018,0.015448184499543893,-0.013856022982146188,0.009061355148716685
11.7,outcome,Ceko_negative_affect,101,0.016124877392728547,0.008585100431915396,-0.00925797104814337,0.004450741812843734,0.006262312248427579,0.0058204971698540215,0.016541820679695226,0.0048032904851542,-0.02370137951579053,0.015436738641239543,-0.014643848884426564,0.008887044797549589
11.8,outcome,Ceko_negative_affect,101,0.016859412145660748,0.008639593080263576,-0.009301752749157314,0.004452730823270722,0.006034841680721248,0.005879403694759423,0.01633715212237666,0.004772908196167544,-0.02720341864487009,0.015410079970846246,-0.014936058410116243,0.008728508367840997
11.9,outcome,Ceko_negative_affect,101,0.017777210984530264,0.008706174599206527,-0.00941995889234417,0.004444903465445484,0.0058763864801953305,0.005964350641725666,0.016200616757217266,0.004752350847893277,-0.030482197840667215,0.015330666353319717,-0.015233232878677897,0.008586805202552054
12.0,outcome,Ceko_negative_affect,101,0.01801761876088884,0.008757517560554044,-0.009689193101520294,0.004453913535663046,0.006040580850688806,0.006058194858623728,0.015981177475784057,0.004766239179461532,-0.03265151139628849,0.015282056144256416,-0.015732564308396348,0.008502536192909792
12.1,outcome,Ceko_negative_affect,101,0.017781565108443746,0.008751830334602098,-0.009817807708447281,0.00446186048673816,0.0065242852372395885,0.006143868968846461,0.01595603264622031,0.004803070244250906,-0.034213696161463664,0.015140512345879108,-0.016206396456952776,0.008460759121941898
12.2,outcome,Ceko_negative_affect,101,0.01768542270330213,0.008711625448519006,-0.009884103440055086,0.004468815960392391,0.0068891446284008945,0.006227041504585908,0.015855253524867104,0.004833431036695874,-0.035160629221894675,0.01494503253985554,-0.016825565762842734,0.00845945927086163
12.3,outcome,Ceko_negative_affect,101,0.017933900729472343,0.008623197002268839,-0.009549808925778674,0.004495060902099729,0.007096918607231098,0.006258160016294775,0.015769738535175343,0.00484246992164904,-0.036781304019791405,0.014686878271465005,-0.017023291058693178,0.008566078603043143
12.4,outcome,Ceko_negative_affect,101,0.01822982797148437,0.008503302588303936,-0.009543977324813718,0.0044996986396618355,0.0067489629162956494,0.006255018240323514,0.01565520569701714,0.004861885129482228,-0.037656353456466854,0.014518326932822272,-0.01821936185914012,0.008603868255745535
12.5,outcome,Ceko_negative_affect,101,0.01848871024803803,0.008382288038150018,-0.009388742168113367,0.00449921976954728,0.006557159577804963,0.006271198994181313,0.015358949899552068,0.0048911210235983195,-0.03835836677888214,0.014335349176704607,-0.018904440756920073,0.008654412021079855
12.6,outcome,Ceko_negative_affect,101,0.018594876520266167,0.008307628248564455,-0.0092562872639308,0.004477021163699459,0.0064765198236612035,0.0062920611597640135,0.015131562892280523,0.004935421716722948,-0.0382303823091042,0.014224922931895347,-0.019376387063253342,0.008682396281546644
12.7,outcome,Ceko_negative_affect,101,0.018688719648103647,0.00824362802117209,-0.009164734796400903,0.0044443348594456885,0.00636822517612347,0.006319333818868816,0.014903906403814044,0.004979151063379812,-0.03774112124214947,0.014149119189863401,-0.01958567919989404,0.008708827408124798
12.8,outcome,Ceko_negative_affect,101,0.018907772174312082,0.008230599811402449,-0.00909082728615972,0.004426426537320211,0.006076908903374856,0.006343401203166742,0.014520875668687216,0.005016368669366849,-0.0364925333885161,0.014137903580102603,-0.019518889359714672,0.008792408245457073
12.9,outcome,Ceko_negative_affect,101,0.019288655348368444,0.008286037995625791,-0.008870834820549721,0.004425262795821589,0.005857517594015574,0.006352010894103282,0.014130617975030374,0.00502335998935485,-0.034866785561118954,0.014237771221300741,-0.01945983204380513,0.008866745398019595
13.0,outcome,Ceko_negative_affect,101,0.019941020466500484,0.008394906072965454,-0.008465960985058418,0.0044059921148215855,0.005589519320844065,0.006384729862809068,0.013776399163102401,0.005013307617740383,-0.033148016794066995,0.014280414027496307,-0.019327518326732195,0.008921748266634732
13.1,outcome,Ceko_negative_affect,101,0.02041752374564654,0.008539159414294364,-0.0080146459477176,0.004393110146969428,0.005352484123126385,0.006418946726502116,0.013314307572918509,0.005004366621045606,-0.03149655361858144,0.014444563249310871,-0.018957859577183957,0.008929574954010646
13.2,outcome,Ceko_negative_affect,101,0.0209194215755103,0.008708845130675432,-0.00745466660675562,0.004382498244313463,0.004980470587388325,0.006454192516857314,0.012677044187962054,0.0049863690145729575,-0.030037300954081487,0.01463459551042479,-0.018310086692509095,0.00891452802193617
13.3,outcome,Ceko_negative_affect,101,0.021744084930660875,0.00889633514826083,-0.006885286704558824,0.004361821095773723,0.0043937268018954655,0.006496462170527253,0.012000378638701747,0.0049700859991372555,-0.02913705713726995,0.014870489544077882,-0.01760849720391783,0.008887291297573159
13.4,outcome,Ceko_negative_affect,101,0.022528609769542726,0.009063462241836007,-0.006521467197182188,0.004339496933365923,0.003908603239278863,0.0065182553972857726,0.01140601603960058,0.004976110888314611,-0.029051081057246117,0.015014071501224984,-0.016715322089070284,0.008856041045399833
13.5,outcome,Ceko_negative_affect,101,0.023274685291174487,0.009242758509980306,-0.006133483909194927,0.004315159879314446,0.003361233625564352,0.006536948807114228,0.010914885994410655,0.00501303781124727,-0.02925652913230173,0.015121941740823833,-0.015394322236859154,0.00882185213659549
13.6,outcome,Ceko_negative_affect,101,0.0239322461347562,0.009412962815763632,-0.005745950621335805,0.004306232757242088,0.00289847499130648,0.00650848635754281,0.010470769418951175,0.00503593187497858,-0.029404343559575906,0.015229649860473014,-0.013790016720073649,0.008800071791319046
13.7,outcome,Ceko_negative_affect,101,0.023531067586931277,0.009600039855610143,-0.005582587729750661,0.00433865546670742,0.002212994509505302,0.006433087613423169,0.008767336485386426,0.004927637201559781,-0.028809203871689767,0.015368816882563837,-0.012789460230899602,0.00878243162522591
13.8,outcome,Ceko_negative_affect,101,0.023929428024169964,0.009682403896557215,-0.005371424070346618,0.004345338594026166,0.0018683836917430235,0.0063800431727308975,0.008581394837279018,0.004920743963094041,-0.028837817646764324,0.015442544340485214,-0.011788724751448055,0.00879132927206186
13.9,outcome,Ceko_negative_affect,101,0.024233025902847576,0.009732240597868473,-0.00491561134059526,0.004350302928277364,0.0014468621620736318,0.00632748992421736,0.008249835873329765,0.004902799806465316,-0.028852365655275627,0.015436683173364706,-0.010570307858239165,0.008833922860903494
14.0,outcome,Ceko_negative_affect,101,0.024399682038902002,0.009743080588423395,-0.004475555931558626,0.004367234441471832,0.0009438161881899595,0.006276788686615742,0.008042701031969376,0.004874523722099048,-0.029053920316220862,0.015410128369896066,-0.009642277116366234,0.008892259593251831
14.1,outcome,Ceko_negative_affect,101,0.024258228615273707,0.009724225421351545,-0.004070325311143837,0.004394450989886127,0.0006465247669768058,0.006221255287720144,0.008217378381656754,0.004814351942350447,-0.02918847164524739,0.015411456026020384,-0.009002890667333193,0.008958228287858739
14.2,outcome,Ceko_negative_affect,101,0.024004387339995444,0.009671606537010715,-0.004103812654550864,0.004415148381846909,-6.491486221393845e-05,0.006144759752360571,0.008274120961672423,0.00477383206433928,-0.029428120370162923,0.015437044040818922,-0.008545904663565853,0.009067017240537692
14.3,outcome,Ceko_negative_affect,101,0.023812486966395957,0.00960552748005134,-0.004228749417705993,0.004433274418285293,-0.00048749763381438854,0.006065252677899509,0.008385861817221747,0.004754073467319242,-0.029845130528620235,0.015378787669286385,-0.008384271003583318,0.009139049905611646
14.4,outcome,Ceko_negative_affect,101,0.02397081497530952,0.009500032776771607,-0.004349785620888468,0.004454583101934118,-0.0011250046929658143,0.006005879125904778,0.008609721383127744,0.004730024798662034,-0.03043268975691892,0.015276867877211567,-0.008725880917558201,0.009215275344471327
14.5,outcome,Ceko_negative_affect,101,0.02408608959027893,0.009395408186127704,-0.0045158254247260774,0.004507680612450748,-0.0016488631432477875,0.005976517239626738,0.00891929934812465,0.004727906411990163,-0.031119486647314627,0.015176715938108057,-0.009048036696218809,0.009344322065212976
14.6,outcome,Ceko_negative_affect,101,0.025324447323120097,0.009312581426774815,-0.004131187343942105,0.004598620894254809,-0.0028360050446206444,0.0059739876576228165,0.00890541384914377,0.004726543696946451,-0.028972593884693025,0.01528885001155327,-0.009359063891676612,0.009476987415073163
14.7,outcome,Ceko_negative_affect,101,0.026053704914233332,0.0092855653940001,-0.003930102149063183,0.0046702851001864405,-0.003698173759210148,0.006041381889265307,0.008834907339332954,0.004739724661232144,-0.02899779007557526,0.015249684462821904,-0.00962488763795222,0.009631110676158156
14.8,outcome,Ceko_negative_affect,101,0.027029311403971416,0.009185581341389925,-0.003674700527678195,0.004729058029853635,-0.004687893582271532,0.006107192864491935,0.008774433804207787,0.004768329850541449,-0.030062024238749777,0.015263121133845245,-0.01021809424339321,0.009771140680988515
14.9,outcome,Ceko_negative_affect,101,0.027905848744242644,0.009099003817311746,-0.003560232648150198,0.004797859971005497,-0.005427600361857857,0.006192460482737178,0.008397008776817639,0.004774999104801918,-0.030698530420383462,0.015303317678218607,-0.01063994922399801,0.009976970834038314
15.0,outcome,Ceko_negative_affect,101,0.028743747094218175,0.009030685908087725,-0.0033723326654331947,0.004863584758418421,-0.006306724210608086,0.006273719455693162,0.00797099257287172,0.004750055334398741,-0.032333283889479876,0.015379464213770018,-0.010802614114906272,0.010151847319904752
15.1,outcome,Ceko_negative_affect,101,0.02998668619027853,0.008942056677414382,-0.0030153387280481623,0.004941360488424393,-0.007151998783606055,0.006330934424762605,0.007571969763233565,0.004716994571010289,-0.03323021808486623,0.015387013431218257,-0.010962666470324811,0.01032362464419413
15.2,outcome,Ceko_negative_affect,101,0.03158726254349531,0.00888407054807395,-0.0028680236679312424,0.004999997407454719,-0.008023855393968916,0.006408720051257484,0.0070785608571849335,0.004716333088193829,-0.033508616743866564,0.015429930628272503,-0.011773074247585774,0.010420689049158058
15.3,outcome,Ceko_negative_affect,101,0.03347946843811701,0.008859943750457065,-0.0027891038716437847,0.005064424938468305,-0.008966253108398528,0.006474995177154716,0.006706807948370313,0.004732785217159214,-0.033139034944930784,0.01549533172994886,-0.012208140817311953,0.010523067251583142
15.4,outcome,Ceko_negative_affect,101,0.03516023603744842,0.008918605998427842,-0.002635588506915297,0.005158611191196996,-0.009756535590810855,0.006548626607254752,0.006388575938626748,0.004731016108067722,-0.03242900336535475,0.015653072630964,-0.012322362983695111,0.010637027984756938
15.5,outcome,Ceko_negative_affect,101,0.03669552836785384,0.00897048634061399,-0.0025091993225920886,0.0052460102720671975,-0.010321574618525,0.006650805148893488,0.0059693278700008985,0.004740304385652794,-0.03079739493053016,0.015814723360903116,-0.012001771432288238,0.010789283321657609
15.6,outcome,Ceko_negative_affect,101,0.03813788496952199,0.00901968305681149,-0.0022927880217171906,0.005380510849971492,-0.010814807131543203,0.00675836480829173,0.005481733058218907,0.004747652828743235,-0.028588575970516415,0.01601699448834669,-0.011522536865773713,0.010959196630318663
15.7,outcome,Ceko_negative_affect,101,0.03942663960542878,0.00907198339380927,-0.0021726368084316753,0.00551694298061539,-0.011285751856634874,0.006851565042307626,0.005017331171866786,0.004747321047651511,-0.025675885444878407,0.01613676454330358,-0.011071468261910005,0.01111454745705815
15.8,outcome,Ceko_negative_affect,101,0.04064021911369318,0.009131967463433834,-0.0021975657515600783,0.005637319421198496,-0.011852901404114779,0.00694472610507153,0.004633841721418169,0.004760970447551511,-0.022683884604366183,0.016249359327925355,-0.01099603422601307,0.011215531182644881
15.9,outcome,Ceko_negative_affect,101,0.04148865488574496,0.009184697255721344,-0.00273048832663608,0.005767631185983206,-0.01224370341117596,0.007026218685768974,0.00427455037982964,0.00477806158478305,-0.019740602242687873,0.016246005459967072,-0.01171597659141708,0.011358047732260365
16.0,outcome,Ceko_negative_affect,101,0.04237249044592285,0.009189484444504879,-0.0033420463771233035,0.005840655516308262,-0.012528471974297668,0.007059640217100295,0.00389837218384779,0.004808460178757307,-0.014879115730128532,0.016239453057613987,-0.011992309735490847,0.011503580375961352
-1.0,cue,LiuBecker_threat_anticipation,101,0.034452581765313434,0.023246031942614643,-0.03960905504913235,0.014941192110087544,-0.016084013722187564,0.02162007826993909,-0.004256430491086771,0.016223932105020804,-0.03808480235433038,0.04522641158371253,-0.03604201073201232,0.027959902526311975
-0.9,cue,LiuBecker_threat_anticipation,101,0.03225513100725335,0.022875388442515115,-0.04090096585922822,0.014812259086350806,-0.016509809268953048,0.02161716948455762,-0.0034307698141098956,0.016308619443641183,-0.041336281452515944,0.04615765489689275,-0.03781445740428639,0.02833770466380456
-0.8,cue,LiuBecker_threat_anticipation,101,0.03033600547235627,0.02257926217104645,-0.042983801542437465,0.014670030389560709,-0.017492475192550757,0.021590887933380702,-0.0015919613525338149,0.01623705416305986,-0.042385060294397474,0.047116698753983374,-0.040148675678490515,0.028738424022516057
-0.7,cue,LiuBecker_threat_anticipation,101,0.028600100924858884,0.02247024426370999,-0.04467742348631968,0.014585325379799367,-0.018219077168770508,0.02170951438037351,-5.0683972996687556e-05,0.016114399762648966,-0.04458008778688088,0.04783306979336484,-0.041905925969434425,0.029196494160088238
-0.6,cue,LiuBecker_threat_anticipation,101,0.026977494689872122,0.022457955784511555,-0.04595798003653867,0.01458195284745864,-0.019550959033772766,0.021817408230729016,0.001843399406072645,0.016048799481120448,-0.04702569624571256,0.048640218481038604,-0.04307788355545085,0.02954126097179669
-0.5,cue,LiuBecker_threat_anticipation,101,0.024932686626746844,0.022535885843706544,-0.046816746601102834,0.014688654752752436,-0.021121575263131145,0.021962150941287128,0.003315649126107971,0.016082534444230516,-0.04931480060219852,0.0491943302518418,-0.04426753986460649,0.029911707277741926
-0.4,cue,LiuBecker_threat_anticipation,101,0.022272884206836752,0.02274278078414297,-0.04793372852082233,0.014679973335339167,-0.021156332716260308,0.022117474565327207,0.004206254652753842,0.01613699765497309,-0.05171267679922018,0.04980997831093054,-0.04623533915152216,0.030169244284476482
-0.3,cue,LiuBecker_threat_anticipation,101,0.019813985280329897,0.023029301316858774,-0.04918831181849779,0.01468641399332401,-0.019936787619046523,0.02230198806909993,0.004803974081371981,0.016231279437307348,-0.05250033093431193,0.050496343220828896,-0.04807874314728415,0.030466538909600795
-0.2,cue,LiuBecker_threat_anticipation,101,0.016396163567962647,0.023271184902538405,-0.05044678893108856,0.01476970129492372,-0.017568027618933894,0.022349509280031644,0.0055481749776637715,0.016279813620713488,-0.05402223808006955,0.05088929013240256,-0.04963190739916483,0.03068026098887493
-0.1,cue,LiuBecker_threat_anticipation,101,0.014613385679863792,0.023481578353574038,-0.052130568409361096,0.014874372656707512,-0.016315270921321033,0.02235838369448556,0.006945865872292709,0.01635189152057544,-0.055384764892240534,0.05118069885583687,-0.051481619470030056,0.030709160282584275
-0.0,cue,LiuBecker_threat_anticipation,101,0.013433610143460638,0.023648583986655394,-0.053637678895666625,0.015012285397038966,-0.015145067304641772,0.022310222255673688,0.0094328178859472,0.016377810089689814,-0.057659657921099096,0.051314833902334045,-0.05281500520984601,0.030752954353685653
0.1,cue,LiuBecker_threat_anticipation,101,0.012000840420781757,0.023720497608048507,-0.055366184919365805,0.01510531937791855,-0.0137788607509608,0.02219088711000949,0.011401494334324854,0.016480134171323102,-0.06281380062520038,0.05130325786994032,-0.05370247877850985,0.030746797174385575
0.2,cue,LiuBecker_threat_anticipation,101,0.010774794256733777,0.023661565646465717,-0.0571008597147533,0.015196462088341293,-0.0116840747398343,0.02204764099333836,0.013890857291095569,0.01655265420584395,-0.06839406832123421,0.05077222484253449,-0.05443690065071289,0.030682046733508883
0.3,cue,LiuBecker_threat_anticipation,101,0.0089290637282155,0.023562178336624377,-0.0585583839457882,0.015278412123009517,-0.008714787888417747,0.02194510015242504,0.016237881186435772,0.01656327467547901,-0.07590345146966822,0.050169128484094175,-0.05457992764323151,0.030345600836675278
0.4,cue,LiuBecker_threat_anticipation,101,0.007580336846633251,0.023518197924816447,-0.058978639515215155,0.015310096608868848,-0.0054800373298707055,0.021786228539285347,0.01753282212391737,0.016566593760913254,-0.08381099343309861,0.049319112139473244,-0.055487437511123706,0.030042554269852063
0.5,cue,LiuBecker_threat_anticipation,101,0.00521963573760382,0.02353225828928963,-0.05888165524052033,0.015295891600715745,-0.0019568852222222005,0.02150498151997398,0.01766448862536394,0.016610280492118618,-0.09119411564968706,0.04840342650430723,-0.056027293319238246,0.029736618515598688
0.6,cue,LiuBecker_threat_anticipation,101,0.0035227576896484825,0.023671449050726052,-0.05870640374834526,0.015256595639612538,0.0011329325392657032,0.021233434481684455,0.01757915037188564,0.016651326678695254,-0.09351870580734935,0.04756013584429774,-0.056360728515436276,0.029539800372513574
0.7,cue,LiuBecker_threat_anticipation,101,0.002938540491147618,0.023787457386589928,-0.058413885514003096,0.015251106337061986,0.005081601776839032,0.020998609873746608,0.017477223250999152,0.016661643259266654,-0.09598657746278572,0.0470074249222022,-0.054946829612624294,0.029487023177057235
0.8,cue,LiuBecker_threat_anticipation,101,0.003331622129082324,0.02392080518976707,-0.05742239260021004,0.015316855774087645,0.008714575725767042,0.020854340911535565,0.01795225370147245,0.016602949583008134,-0.09745267855744566,0.04663268017539597,-0.05288774453771453,0.02960497776448462
0.9,cue,LiuBecker_threat_anticipation,101,0.0034086921235289562,0.02401320143591027,-0.055783593087815164,0.015516510029531267,0.012627929217461992,0.020802497987311784,0.018498009601656994,0.01651794100232584,-0.09871972493750905,0.04645323439956569,-0.05021117412805135,0.029861552801166494
1.0,cue,LiuBecker_threat_anticipation,101,0.0030857919130404827,0.024114083650189324,-0.05356573623273279,0.01573448649214115,0.01696579366617298,0.020808780748947438,0.018082952094737075,0.016445167316095285,-0.0970122707017661,0.046392576776028656,-0.04699224589750984,0.030186533708848984
1.1,cue,LiuBecker_threat_anticipation,101,0.002236447192024694,0.024215839105273435,-0.05100132431687212,0.015824082686029337,0.022748443211248224,0.0209169300625048,0.017593047202842722,0.01629341042831832,-0.09341487152942173,0.04596537176583371,-0.04419325445184067,0.030329021991955387
1.2,cue,LiuBecker_threat_anticipation,101,0.0006551019061816332,0.024373997631513815,-0.048281754060963696,0.015895430651865036,0.029041070896649143,0.0210816166320396,0.016119666488928684,0.01620552896397889,-0.08785009835622365,0.04573474343946733,-0.0415682469669784,0.030504235706232865
1.3,cue,LiuBecker_threat_anticipation,101,-0.0009319741486071061,0.024426876105635865,-0.045151171046426804,0.015920298445793818,0.03611843688556383,0.021246805946380475,0.014305420078351424,0.016113513050379,-0.080874982871334,0.045665278710304465,-0.03992496705671156,0.030660385756900572
1.4,cue,LiuBecker_threat_anticipation,101,-0.0008915249580141404,0.02445029374891192,-0.04121069475168817,0.0158200166702437,0.042770667676296864,0.021273475911592832,0.01218783690200554,0.01593896050287437,-0.07379331618049154,0.045600830236172445,-0.03923416338804076,0.03076673922432463
1.5,cue,LiuBecker_threat_anticipation,101,-1.0432245120449504e-05,0.024328238188979102,-0.03711748990996002,0.015680585967878403,0.049500586889568966,0.02133508119638895,0.00938711795531838,0.0158623981231768,-0.06712160332134767,0.04548245585633784,-0.03984842703794411,0.030980527313170133
1.6,cue,LiuBecker_threat_anticipation,101,0.0004579790467563106,0.02421395129477738,-0.03220999176118653,0.015507261305608378,0.05604046718027207,0.021484535806403342,0.006457067141875172,0.015876601891781944,-0.05854973449952614,0.04516143656633036,-0.03991076954711936,0.031197726910280114
1.7,cue,LiuBecker_threat_anticipation,101,0.000722008880930498,0.024183929047466017,-0.026395100548108074,0.015372879443411902,0.06297556233007069,0.021666268459272206,0.002918669328231125,0.015865671475952282,-0.04811675550165996,0.04530382204390524,-0.03904863865032931,0.0314681673165411
1.8,cue,LiuBecker_threat_anticipation,101,0.0010922448261661548,0.024257455321173058,-0.02105820503302475,0.015273069898787935,0.0714108717935075,0.021843411283086412,-0.0022799036766387175,0.01580513911625265,-0.03667554110744438,0.04524676462900936,-0.03921961525550807,0.03169582329287838
1.9,cue,LiuBecker_threat_anticipation,101,0.001360453854801038,0.024443757008973784,-0.015236126005499463,0.015185802818651688,0.07993528942144468,0.022079350557277316,-0.008204227463904762,0.0158128179206437,-0.02525761797907634,0.044969049832535045,-0.040378873323786965,0.031928804564541544
2.0,cue,LiuBecker_threat_anticipation,101,0.0007993138874024503,0.024638920700808038,-0.009387097112821237,0.015137163137195273,0.08920377964837617,0.02227098911486353,-0.014883625390751382,0.015865793055816972,-0.012434565331478024,0.04483628978443525,-0.04259764638635627,0.03210416615574189
2.1,cue,LiuBecker_threat_anticipation,101,-0.0008590548923426326,0.024955185030472168,-0.0035333103888683746,0.01509956400665417,0.09907472779084028,0.022448373889730946,-0.02240775567095103,0.016029582909283215,0.00044044089162735843,0.0450336974220341,-0.04414590255643134,0.032282635275957844
2.2,cue,LiuBecker_threat_anticipation,101,-0.002359313388520574,0.025468482058763797,0.0025652021354562187,0.015150725189967903,0.10939711666992191,0.02279041860350173,-0.02973972232915605,0.01628379852915011,0.011919121981205448,0.0454975342713925,-0.04661661567600122,0.032722538299196115
2.3,cue,LiuBecker_threat_anticipation,101,-0.0025743780015700826,0.025922988488366234,0.009101860402481298,0.015149524147762154,0.11969159356926821,0.023010271733595752,-0.03730469118413975,0.016579583586653866,0.020894778719614957,0.046056013587406325,-0.04961275681514547,0.03309986453697309
2.4,cue,LiuBecker_threat_anticipation,101,-0.004346420617623494,0.026462802747409392,0.017026284010939932,0.014905012971285578,0.13167525911334557,0.02321970861036502,-0.04610066635651218,0.01687592167622528,0.030093595392836986,0.04650085956155456,-0.04980213401415909,0.032808468714983614
2.5,cue,LiuBecker_threat_anticipation,101,-0.005687027974037031,0.02693999698866287,0.025373739052462277,0.014698208518362585,0.14394017584630173,0.023416289549696157,-0.055067878467140785,0.01717926968336982,0.04012885183523461,0.0470660942032797,-0.04918473167200534,0.03249068150047568
2.6,cue,LiuBecker_threat_anticipation,101,-0.009690067715469802,0.02723974568325406,0.0339057098065574,0.014529300805944362,0.15828991519275326,0.023541979445573777,-0.06588617785484774,0.01750030324270186,0.053948304446430256,0.04793938680838729,-0.04628598551571177,0.03211934681897206
2.7,cue,LiuBecker_threat_anticipation,101,-0.013357016391566959,0.027541957168267846,0.04389458068002092,0.014294705799215584,0.1724345267461851,0.023640441082453806,-0.07775578112904018,0.017786659355526816,0.07103293258302061,0.04853148962173102,-0.040059544976307454,0.0316219078509907
2.8,cue,LiuBecker_threat_anticipation,101,-0.01572391153534575,0.027931951713785864,0.0534190058791884,0.014115892658504511,0.1866646944129548,0.023689331231341808,-0.09014585957548789,0.01804004644993424,0.08890402142620811,0.049176947485533834,-0.03354444750524522,0.03116173558217835
2.9,cue,LiuBecker_threat_anticipation,101,-0.01698219684326446,0.028170994101601884,0.06230494678842182,0.013965765990502383,0.20042279628526444,0.02375516393179249,-0.10232386544622465,0.018216519410438198,0.10495756724871709,0.049863498486104975,-0.02760286667995098,0.03074655651160672
3.0,cue,LiuBecker_threat_anticipation,101,-0.017150688724165714,0.028378249622213463,0.07134308628912284,0.013838432219966152,0.21411749698348073,0.023894106114670716,-0.11401707472361268,0.018359515588948022,0.11836690107163064,0.05029416701528274,-0.021061197520375722,0.0303507692612703
3.1,cue,LiuBecker_threat_anticipation,101,-0.017834504547529394,0.028597721994479387,0.07998643116660485,0.013782114166972996,0.22862785424093215,0.02414167912418244,-0.12520501816278393,0.018386670234588235,0.12912198960053084,0.05065736462803267,-0.014856127681654915,0.030107419189199073
3.2,cue,LiuBecker_threat_anticipation,101,-0.018899448473068917,0.028780601896194212,0.0886977322397946,0.013793244911477912,0.2431988066486249,0.024485365537938883,-0.13600881675199716,0.0184209435686039,0.1392702310986566,0.05083071857252501,-0.0076314605594453916,0.029830654952627288
3.3,cue,LiuBecker_threat_anticipation,101,-0.019818220048848357,0.028951170247550104,0.09680326380178028,0.013904327288297696,0.25784211783671707,0.024851473487876436,-0.14625291471082513,0.018420267460508708,0.1508686241790219,0.050980136145956506,-0.001997777146216564,0.029629562484103113
3.4,cue,LiuBecker_threat_anticipation,101,-0.019731765360465035,0.02915351917559705,0.10490693786225971,0.014121969343070627,0.2709638866199318,0.025138790979484016,-0.15618275051747033,0.018391548404223832,0.16310847696741937,0.05088294838456993,0.004028959889203783,0.029630094800546042
3.5,cue,LiuBecker_threat_anticipation,101,-0.02090388311416301,0.029323762216239863,0.11179454086390685,0.014370168492999302,0.2840602851375794,0.025411076793723817,-0.16616896841650458,0.01836841875360506,0.1756115421895505,0.05068413536339146,0.009434808011638988,0.029702325099243296
3.6,cue,LiuBecker_threat_anticipation,101,-0.02024129548329926,0.029209795818362472,0.11742512689997145,0.014593849183961359,0.2947278098963874,0.02563052298361669,-0.17476728317330809,0.01833269175496585,0.18993381859303388,0.05002325082770003,0.0131593063378464,0.029664130244488572
3.7,cue,LiuBecker_threat_anticipation,101,-0.01792557695173072,0.02921695172414014,0.12297481655877573,0.014862308305993279,0.30424225006738476,0.02586845991253088,-0.18265180562902744,0.018276056624176164,0.20061478954141404,0.04936227507056099,0.015944853010845087,0.029534646130286866
3.8,cue,LiuBecker_threat_anticipation,101,-0.01294471542849828,0.029261805026639897,0.12733830906024404,0.015073440098582813,0.3113407293253643,0.02605673080276421,-0.18974628718921585,0.018173052425560186,0.21074027754004918,0.04859619513997307,0.016718057089384203,0.029543285096174786
3.9,cue,LiuBecker_threat_anticipation,101,-0.006923237320177061,0.02930874509602162,0.12938176381130467,0.015216751202972662,0.3178874080838177,0.02615971867512381,-0.1947977849694001,0.017955281411863092,0.21732231836897553,0.047779456738808755,0.013529673309563084,0.029407754826805937
4.0,cue,LiuBecker_threat_anticipation,101,-0.0021957948839165836,0.029430618627900966,0.1307870989469725,0.015287515531036746,0.32381145536259187,0.02635433501557554,-0.1985491055842406,0.01775407669369902,0.22141068239462677,0.04703300380777643,0.009941129433073584,0.029145596500967312
4.1,cue,LiuBecker_threat_anticipation,101,0.0020939406078098895,0.029501890390810696,0.13177693984101846,0.01536115408838647,0.3301149652557334,0.026516478524843946,-0.20087238541628125,0.017579606950682714,0.22659689589339535,0.04632568168051996,0.005912600281012157,0.02885750639601848
4.2,cue,LiuBecker_threat_anticipation,101,0.004564949875015823,0.029687362230134833,0.13242661464877026,0.015465589885069374,0.3357062451455051,0.026606653391709954,-0.2030058579024276,0.0174100672508664,0.23228704412030163,0.04576609527594894,0.0017940658587227182,0.028736996728084482
4.3,cue,LiuBecker_threat_anticipation,101,0.007392016808675713,0.029912807742023876,0.13370290480651337,0.015588028184980519,0.3400659012791837,0.026645415552886815,-0.2036860461389351,0.01731455574273987,0.23714627603640417,0.04498428727501499,-0.0013443295847555452,0.028682146234581596
4.4,cue,LiuBecker_threat_anticipation,101,0.009262376881927704,0.030097130357977675,0.13483033210769602,0.01575023711506678,0.34394335273211163,0.026646348252496715,-0.20390803777490282,0.017321046196267245,0.24314605453781513,0.04430920259965291,-0.004137091079755173,0.028619885469247697
4.5,cue,LiuBecker_threat_anticipation,101,0.01076256553417375,0.030241280831156053,0.135819739068836,0.015919770357003385,0.34761948896719597,0.026605387182745893,-0.20386004042592146,0.017408525356744194,0.24691336584973336,0.04365812627629491,-0.006501577428545232,0.028640520032357234
4.6,cue,LiuBecker_threat_anticipation,101,0.011197286138494002,0.030274178464444967,0.13652668981920837,0.016000500996972273,0.3511807924002008,0.026538140371700967,-0.2036591316183654,0.01754942374932554,0.2494266362742698,0.04308136184237701,-0.008400214070716977,0.028557280212748132
4.7,cue,LiuBecker_threat_anticipation,101,0.012202173033482944,0.030368266428583226,0.13746107670843913,0.01615742759970136,0.3550407378644176,0.026476971002222488,-0.20276890139710504,0.017712441938108944,0.2510352555288419,0.04278179330417508,-0.009726683054867357,0.02855468707721435
4.8,cue,LiuBecker_threat_anticipation,101,0.01076704549267851,0.030349905334745585,0.13889961219490832,0.016224203713532198,0.35962344425963527,0.02626345527291202,-0.20189651867571848,0.017837032981376878,0.25278574450175506,0.04272362056736225,-0.009204840203297503,0.028482189011907286
4.9,cue,LiuBecker_threat_anticipation,101,0.0075066765197161186,0.030193038548786348,0.1400851165538373,0.01624509847980769,0.3651645083413831,0.02613196089706419,-0.20133495127173845,0.018021002571343026,0.25711300242871576,0.042892445102035145,-0.009029657910809794,0.0282928383672954
5.0,cue,LiuBecker_threat_anticipation,101,0.0017668312615534275,0.030049205746042446,0.14100516745868485,0.01627267997075048,0.3722133471847274,0.02613799461262529,-0.20048155702934295,0.018307267355223786,0.2611315784416249,0.04323322009803089,-0.008909371772215728,0.028162834931942965
5.1,cue,LiuBecker_threat_anticipation,101,-0.005000119053137136,0.02997371947755188,0.14231923220140294,0.016398507211704435,0.37855341509799884,0.02624632860064374,-0.19954181005522895,0.018636873084932008,0.2627881553065391,0.04381613858791082,-0.007591783885843004,0.02821825399448614
5.2,cue,LiuBecker_threat_anticipation,101,-0.011303777964781532,0.029827263868697374,0.14356042486226545,0.016516577734984002,0.38490695635846567,0.02637319578457633,-0.19882808698389,0.01895307108443164,0.26676662084622593,0.044623077659301014,-0.0067418461998587885,0.02843018632508301
5.3,cue,LiuBecker_threat_anticipation,101,-0.018073291756896138,0.029708578990893214,0.14520451619943134,0.016615216356925918,0.39126242422324853,0.026534742974248675,-0.1981297790814704,0.019319270702795648,0.26859279979806777,0.04556685110462405,-0.0044182183187488865,0.028452661578004492
5.4,cue,LiuBecker_threat_anticipation,101,-0.025293001831835412,0.029773225438785116,0.14687668163502884,0.016717944474768376,0.3983984870106259,0.026741975779158916,-0.19676031053445497,0.019573040861412174,0.2697905730318755,0.04644293705376998,-0.001698305273692226,0.028717525286562087
5.5,cue,LiuBecker_threat_anticipation,101,-0.03301509350889381,0.03001467437118517,0.14799885666702817,0.016733917368429736,0.4053262675894085,0.02693421250172006,-0.19536447462040651,0.019715118353089835,0.27389961148825015,0.047399284900182165,0.0005662370885372374,0.02888262677150594
5.6,cue,LiuBecker_threat_anticipation,101,-0.040501150303041474,0.03032528344556601,0.14746066206872935,0.016790719782779434,0.41169022559549956,0.027187857610779954,-0.19381355176884366,0.019907879550283458,0.2795894445099408,0.048068113424946254,0.0006610110577740079,0.029047683393221557
5.7,cue,LiuBecker_threat_anticipation,101,-0.047350877880322204,0.030539238381170584,0.1465912563248918,0.016864972754086816,0.41762293101051917,0.02735205559028276,-0.19215302370885431,0.020100832423814087,0.2841033482128841,0.048699228310908234,0.0008119252790344444,0.029243911446655745
5.8,cue,LiuBecker_threat_anticipation,101,-0.05352629651671647,0.030712875993629016,0.14569371890340374,0.01692675236872208,0.42297305641011984,0.027383676798585253,-0.19053879929170323,0.02027181689164055,0.2902459314082689,0.049226013864275484,0.0005471137181336609,0.0293223926992967
5.9,cue,LiuBecker_threat_anticipation,101,-0.060136492355348924,0.03082901773492097,0.1453784404828126,0.017009298188432248,0.4288910858332747,0.027389786427808132,-0.1884886323199182,0.020410962092150143,0.29842195401553384,0.04973321910598692,0.0011282603846601046,0.029405471801227046
6.0,cue,LiuBecker_threat_anticipation,101,-0.06665540840458249,0.03106590437569739,0.1446898071041299,0.017169918928979695,0.43375865597630764,0.027379341583249346,-0.18580294333250183,0.02056019308371124,0.308668052060053,0.050047619416642646,0.0009827408463960914,0.029564205425004094
6.1,cue,LiuBecker_threat_anticipation,101,-0.07006727455011756,0.03112841303699672,0.14236542921315695,0.017281719944923394,0.43723307844608894,0.027309660556965102,-0.18182781951931037,0.020647590474874064,0.3181505420358811,0.050088475729616284,-0.0020149662217667863,0.029695114309323645
6.2,cue,LiuBecker_threat_anticipation,101,-0.07202256373337099,0.031077008502790063,0.1400575996067095,0.017405960196175376,0.4389602248660811,0.02723879617680868,-0.1774043077124846,0.020674742838879104,0.32432148792876164,0.04995503180117675,-0.0036316650423612405,0.02982317359484427
6.3,cue,LiuBecker_threat_anticipation,101,-0.07216271418063887,0.030992050337408063,0.13732305241490173,0.017539652528996807,0.43962962083009993,0.0271545405383287,-0.173627908024177,0.0205594215691237,0.33303656393552955,0.050007380350151134,-0.005592854789722881,0.030034308631575957
6.4,cue,LiuBecker_threat_anticipation,101,-0.07257106884073489,0.030900509281268463,0.13442823090506367,0.017657049975047866,0.44244232962639474,0.027236370874267182,-0.1700577546822723,0.020404937964806136,0.33994654231172206,0.050219506912753044,-0.006706308739801483,0.029996806820275803
6.5,cue,LiuBecker_threat_anticipation,101,-0.0747362661174565,0.030767179957464336,0.13025562596879106,0.01775958913849333,0.44712089695501617,0.02738052889476861,-0.16647418098010044,0.020239879183655298,0.34384432925762776,0.05009831927127949,-0.009353153428685534,0.02992211521628211
6.6,cue,LiuBecker_threat_anticipation,101,-0.07617841609938393,0.03052509839946574,0.12592573874515706,0.017968868911688706,0.4514058974665466,0.027562108488683203,-0.16297220589572325,0.020052223387769942,0.3496100766127881,0.05008037557409624,-0.012512385169932047,0.0299023810945457
6.7,cue,LiuBecker_threat_anticipation,101,-0.07655285478264949,0.030220591185203993,0.12192188600982312,0.018242034146857437,0.45643768739348617,0.027821548874859048,-0.1592982651577987,0.020001628379724818,0.35637796107036435,0.050278152935791125,-0.015515090444435749,0.02992961750995114
6.8,cue,LiuBecker_threat_anticipation,101,-0.07580320954276193,0.029906283735367516,0.11801946476994585,0.01854249755333632,0.46200402865290396,0.028146590009974198,-0.15521154396922726,0.01997038592149547,0.3621844721790752,0.050631486571175395,-0.018479707610096457,0.029999839981480935
6.9,cue,LiuBecker_threat_anticipation,101,-0.07326497593095023,0.029640882895028916,0.11378828003301665,0.018762120949462197,0.4676274106463195,0.028565705248817113,-0.1505991323487336,0.019950863982756313,0.3681668909845512,0.05107078535037066,-0.021939507013378424,0.030148190833888498
7.0,cue,LiuBecker_threat_anticipation,101,-0.0690988084904657,0.02941022993840904,0.10823310917278331,0.018955951026880122,0.4727274539757131,0.029020533036659173,-0.14584323009195627,0.019992570328789743,0.37416666028873274,0.05150230407319333,-0.026830187627800307,0.030278215673763632
7.1,cue,LiuBecker_threat_anticipation,101,-0.062387570131477624,0.029290097205961322,0.10224784189039124,0.019199998318569902,0.476801580334519,0.02951874092316818,-0.1406768654057799,0.02004791468392746,0.3780282146170454,0.05219611133258621,-0.03210762471932038,0.030398478004827423
7.2,cue,LiuBecker_threat_anticipation,101,-0.05421893816560692,0.029300867071176784,0.09625155268949759,0.019513441647129242,0.4808294216671859,0.030046604274705475,-0.13515419637275783,0.02013857875077942,0.38207191919619427,0.05335672660454576,-0.03640732023901389,0.03065839174062236
7.3,cue,LiuBecker_threat_anticipation,101,-0.04570676174881059,0.029485911771655212,0.09031039184890922,0.019729076955610537,0.4863424003173648,0.03050664311934363,-0.1310819558698161,0.020245499615715236,0.38573281445851226,0.05442989456904488,-0.040083165922852645,0.030881006687968324
7.4,cue,LiuBecker_threat_anticipation,101,-0.03667695312425506,0.02970314429974691,0.08467189403570863,0.01978602947615669,0.49152343298975654,0.030828430995716107,-0.1268128489958392,0.020394010369906065,0.39062335489760713,0.05550098826322231,-0.04245857453452387,0.030616510850609
7.5,cue,LiuBecker_threat_anticipation,101,-0.027592123068860483,0.030031953849803894,0.0787927051470335,0.019773213056570392,0.49629607694529393,0.031085350967180774,-0.12192927951415518,0.02057555764197286,0.3924563203947516,0.056657183740782824,-0.04541522183653871,0.030400006015621914
7.6,cue,LiuBecker_threat_anticipation,101,-0.016077299206566552,0.0302382861414463,0.07385528333201025,0.0196837978267671,0.4991496041357546,0.031030356552256968,-0.11494200978254977,0.020774458810765395,0.3891646138892119,0.05762075909999265,-0.04816721627399184,0.030093160972315347
7.7,cue,LiuBecker_threat_anticipation,101,-0.0035824578247295002,0.030437813404174032,0.06891231829797301,0.019420729311724286,0.5012839723946841,0.030811779829811085,-0.10755915729562197,0.020931056771733746,0.3827551690918143,0.05843732933553281,-0.05119150864730753,0.029682624924874862
7.8,cue,LiuBecker_threat_anticipation,101,0.008304536616078165,0.030658789311864255,0.06457609363850364,0.018993110085072686,0.503060658154076,0.0305632218272057,-0.1000813754900336,0.021063189759267034,0.37636755081295953,0.059089479545826926,-0.05260577373347035,0.029166134613121664
7.9,cue,LiuBecker_threat_anticipation,101,0.02049188355022731,0.030871043593572164,0.060217461923716215,0.018512970123362418,0.5040450468623956,0.030215296033518795,-0.09211960861337866,0.021246824242838257,0.3689523893296448,0.05966062276414834,-0.05470176600371289,0.02871381218925542
8.0,cue,LiuBecker_threat_anticipation,101,0.03216092039517579,0.031118589790716668,0.05578050179416592,0.018066531324957887,0.5045106938688397,0.029773931274534073,-0.08523849976805441,0.021319891982820353,0.36073601211563416,0.06002375493376514,-0.05678640842382886,0.02849067243153612
8.1,cue,LiuBecker_threat_anticipation,101,0.04463053633828562,0.03131418000271006,0.052146408569116266,0.01763992468124931,0.5046320618188217,0.029310934297977174,-0.07986654247791203,0.021309060448671084,0.3542076416404875,0.06002061837883957,-0.05707187173165746,0.028108561743703075
8.2,cue,LiuBecker_threat_anticipation,101,0.05574036531505467,0.03140448068587646,0.049175561343461405,0.01739681816769477,0.5048307781915574,0.02894007317013745,-0.07512826873054576,0.02127017237769206,0.347491591142119,0.05959149929378357,-0.05466071163429812,0.027684009418060616
8.3,cue,LiuBecker_threat_anticipation,101,0.06557923553990451,0.031330668462089026,0.04678551620395512,0.017243544491743378,0.5044893224276144,0.028557941957748183,-0.07052216768994296,0.021242148037697542,0.341669929621934,0.05881185590630632,-0.051637172342026555,0.027590356214944767
8.4,cue,LiuBecker_threat_anticipation,101,0.07326796772854899,0.03130121995431259,0.04421497314430102,0.017139773102318085,0.5045006482822831,0.02815799160828832,-0.06534453943176001,0.02130636306703914,0.33565928783351107,0.05781632688358667,-0.04925696572816963,0.027572575679240003
8.5,cue,LiuBecker_threat_anticipation,101,0.08052752338948703,0.031192838605698582,0.041551657159218484,0.017115307014481433,0.5024562480108988,0.027719770262099826,-0.05993019799547571,0.02136419752565214,0.32835713646554887,0.05673409625526196,-0.0483989861494803,0.027600091645541624
8.6,cue,LiuBecker_threat_anticipation,101,0.08764001897728445,0.0309117038774115,0.03882390326301363,0.017108960783165244,0.49871030612558975,0.02746211495784368,-0.054188387694212116,0.021353810310535952,0.3193921171273071,0.05542054082684007,-0.04677091248521945,0.027549676156688383
8.7,cue,LiuBecker_threat_anticipation,101,0.0943943029838547,0.03069682749917482,0.03664048424336311,0.017149653265507814,0.4946555383337844,0.02729264437241229,-0.04857222959178055,0.021367078825434156,0.30986291025988366,0.054228615709303124,-0.04511992507492428,0.027673630434892793
8.8,cue,LiuBecker_threat_anticipation,101,0.09877309186254707,0.030467925908354787,0.033899051468147555,0.01722738351215076,0.4911820409704173,0.027220468535643142,-0.04283610311683331,0.021305865190509546,0.30363683323107393,0.05320633921839518,-0.04292205912117098,0.02782258578010287
8.9,cue,LiuBecker_threat_anticipation,101,0.1013588557185043,0.030275918050917807,0.03085072744884397,0.017249662131752736,0.48678966549264874,0.02715350166679415,-0.03768484865955018,0.02114815289075843,0.30058498346734447,0.052302781580033264,-0.041580262381710545,0.0278339573959616
9.0,cue,LiuBecker_threat_anticipation,101,0.10441690544994633,0.03009924215677456,0.02738361010774,0.01720652558393388,0.4811140171030093,0.02707964159973062,-0.03155547974346323,0.021025563152998833,0.2995673365944844,0.051039642650523166,-0.041492212448475764,0.027740954995442747
9.1,cue,LiuBecker_threat_anticipation,101,0.10819565894318756,0.03002285916502553,0.023240600941353134,0.017162110778425534,0.4744651354714885,0.026999879568848865,-0.024726835346733585,0.020856742864003974,0.29593858369501735,0.04967229877627072,-0.0429139929366109,0.027705475019516996
9.2,cue,LiuBecker_threat_anticipation,101,0.11164023529212425,0.029933955528215664,0.019621860222711653,0.017209088916909716,0.4676197540998211,0.027030438835515203,-0.017871089554697905,0.02067550189503146,0.29081334456677255,0.0483894755524337,-0.043486641539205124,0.027867781083341873
9.3,cue,LiuBecker_threat_anticipation,101,0.11505142162041405,0.029904712768150165,0.016313722201874912,0.017275966081772204,0.45978731003773615,0.02707287926062734,-0.009115527383711713,0.020526354728906834,0.2849667496993144,0.047284653710133184,-0.04308366185857984,0.02811359524824037
9.4,cue,LiuBecker_threat_anticipation,101,0.11726126687723691,0.029975710848256325,0.012981026331061334,0.017330785050176014,0.45121182375630764,0.026958917623546835,0.0011961309742529003,0.020431284038682718,0.27837245005552996,0.04632385941381433,-0.042783026054681005,0.028165394206013345
9.5,cue,LiuBecker_threat_anticipation,101,0.11947184833740379,0.030169864659292316,0.010071995313694498,0.01725865337649291,0.4424908842208727,0.026694186880852643,0.01168541576165847,0.02033960194570087,0.26914598393297706,0.045636853749773255,-0.04275328748722244,0.02798865565833823
9.6,cue,LiuBecker_threat_anticipation,101,0.12342391737128082,0.030474988696132906,0.007170188890807676,0.017127762690667674,0.43228594570004053,0.026456208167283488,0.020883534361010567,0.020233217066828794,0.25806527544860197,0.04527495115883035,-0.04224324149258891,0.027846411209367844
9.7,cue,LiuBecker_threat_anticipation,101,0.1283451326572493,0.030919416471413868,0.0035202762775438413,0.017008578048458733,0.4220209813487989,0.026104934720723946,0.028957931814575944,0.020155300206953976,0.24524744019323805,0.0453544523978985,-0.04293413866170086,0.027864354828101134
9.8,cue,LiuBecker_threat_anticipation,101,0.13361109238870422,0.031382763892050365,-0.00031405878260302766,0.01680855831387119,0.4113449147489632,0.02561293755208908,0.03699955103753903,0.020094227186991352,0.2309270217035843,0.04570675557473935,-0.04363728220961638,0.02777790675520972
9.9,cue,LiuBecker_threat_anticipation,101,0.13863813853115542,0.032044163195730106,-0.004935564837325672,0.016598386276328897,0.4004947404804906,0.02501726066912797,0.04441319687052195,0.020088585642255866,0.2180419667745057,0.04623044391987337,-0.0473009647348997,0.027546164905657276
10.0,cue,LiuBecker_threat_anticipation,101,0.14518107047531703,0.03273065935750875,-0.009637201729503353,0.016415263703082193,0.3891830088063583,0.024535409580594737,0.05137661051337102,0.02016680672078539,0.20522862173315615,0.04663784946963264,-0.05174715716196899,0.027500462006195894
10.1,cue,LiuBecker_threat_anticipation,101,0.15263850553665395,0.0334075210300282,-0.014391517045012105,0.016329962877916757,0.37702246712985393,0.02410812027244541,0.0580737385768459,0.020233705623430832,0.19332998663938963,0.04694154653334107,-0.05684759334341162,0.027802374594004114
10.2,cue,LiuBecker_threat_anticipation,101,0.16106714379685377,0.03413580281364842,-0.01813239253176418,0.016362211779161705,0.36428586889982617,0.023789230218462964,0.0636483848520663,0.020204010349545977,0.18117926857439684,0.04709216141921998,-0.060522564449819904,0.028232005880448205
10.3,cue,LiuBecker_threat_anticipation,101,0.16915953740249848,0.03493437760561142,-0.02146480647517182,0.01632680682346408,0.35167117761927236,0.02345561422038407,0.0676516601681905,0.020179988167026996,0.1721475534250196,0.04717523500411074,-0.06307511448270846,0.02861390124101642
10.4,cue,LiuBecker_threat_anticipation,101,0.1771833730906858,0.03582444611730005,-0.02537609930273277,0.01631025508064985,0.3389494034722782,0.023191438433318872,0.07013705353095258,0.02005499155574529,0.16392740087430221,0.04729323733602921,-0.06562314601954061,0.02905469263817496
10.5,cue,LiuBecker_threat_anticipation,101,0.1851017112652174,0.036644106707133826,-0.029989054746902555,0.016247103004723363,0.32578053299352927,0.022904258227554698,0.07232396416197481,0.019893112805557795,0.15405786018904216,0.04741832479147508,-0.06956273472268436,0.02934013320436353
10.6,cue,LiuBecker_threat_anticipation,101,0.19328858275765798,0.03741855381056974,-0.033677335004240895,0.016141422004873358,0.3127542450720299,0.022668591815992904,0.07383421617901402,0.019669557362089758,0.1442393183198834,0.047359806487057225,-0.07346456679795306,0.029595981162741643
10.7,cue,LiuBecker_threat_anticipation,101,0.20156711657983087,0.038053755737814214,-0.03761525612940147,0.016047198604046544,0.3001849513773629,0.022504548287015706,0.07474836297267434,0.01943031649565283,0.13476141640169553,0.047094555791076555,-0.07894503447206339,0.029849682137032738
10.8,cue,LiuBecker_threat_anticipation,101,0.20913088283221667,0.03854251025538164,-0.041630306635537566,0.01600819898862305,0.2885828300721174,0.02239048080881469,0.07594617603246452,0.019254535346414203,0.12671737625047771,0.04700644197016057,-0.08491845737997249,0.03011932332855146
10.9,cue,LiuBecker_threat_anticipation,101,0.21626697756859883,0.03903436144135812,-0.045139874819707444,0.016020184292524237,0.2776440017279437,0.022288586290342388,0.07790330116749104,0.018998916376353647,0.11934462011679943,0.04692733214407348,-0.09001040385124241,0.030483797702660274
11.0,cue,LiuBecker_threat_anticipation,101,0.22333524057208348,0.039375655396972416,-0.047992448234008084,0.016056725221308524,0.2672550590881526,0.022121807457073293,0.07997591103892439,0.01876074267234432,0.11325984539287709,0.04709501316654005,-0.09427225244825557,0.030925535759719826
11.1,cue,LiuBecker_threat_anticipation,101,0.22916196913469944,0.039555138349744834,-0.04981586311424665,0.016057460164785726,0.2591226559636799,0.021878993280488035,0.08200284559950875,0.01845838838898568,0.109152536696928,0.047325076273117446,-0.09576013669796256,0.03107739533642269
11.2,cue,LiuBecker_threat_anticipation,101,0.2341612008496546,0.03962716470493542,-0.05095378603446419,0.016115001092120836,0.25184151698015794,0.021678643538660544,0.08428189729263681,0.01811714518447108,0.10599220546754831,0.04780661147043251,-0.09595172864158774,0.031239460937290384
11.3,cue,LiuBecker_threat_anticipation,101,0.23851145201590526,0.039599395604077485,-0.051245160574534536,0.01612994950507826,0.24521547260462073,0.02141239581555701,0.08593272464558185,0.017789734298804562,0.10460664946484234,0.04842031498699616,-0.09454850152322364,0.031205146084453694
11.4,cue,LiuBecker_threat_anticipation,101,0.242310024191821,0.03962412449932636,-0.05210142324017837,0.016025435143308505,0.2402320595211049,0.02107755124984361,0.08778367745290931,0.017422171746934823,0.10677633403742763,0.048727911574832146,-0.09408804707152454,0.03106204107613119
11.5,cue,LiuBecker_threat_anticipation,101,0.24621775150055455,0.03967638282797842,-0.05246008078150216,0.015908038787430884,0.23563396655421398,0.020860997897706953,0.08980996674868989,0.017122954166766794,0.11075999130553264,0.04880231381711276,-0.09322140872600801,0.030853921515408642
11.6,cue,LiuBecker_threat_anticipation,101,0.2510484022195298,0.03970177550344937,-0.05223651970452106,0.015824152077294203,0.23065130229686726,0.0206797059028356,0.09220310750405313,0.016934889756286042,0.11383036110245774,0.04885150515716753,-0.09207467989956417,0.030693459430118586
11.7,cue,LiuBecker_threat_anticipation,101,0.2560073641398155,0.039684969531740076,-0.051706390805202465,0.015838807024549425,0.22521920766810422,0.020537418536930155,0.09344414524540542,0.016717944632598507,0.11697828720563695,0.04879796993240064,-0.09097795029370935,0.03068763436262432
11.8,cue,LiuBecker_threat_anticipation,101,0.2616856403151622,0.03965776756612941,-0.05130012913618705,0.015884153343534824,0.21984037297796868,0.020519521288678552,0.09350248719770851,0.016613639220286778,0.11864984892483069,0.04856857660904472,-0.0899100565211272,0.030725275192145896
11.9,cue,LiuBecker_threat_anticipation,101,0.2679928139545702,0.03957623440670591,-0.050687394993097545,0.015961035930862347,0.21444892342602184,0.020580621978246953,0.093201881652237,0.01659873057515673,0.11936036513964494,0.048406849112721896,-0.08926320280349506,0.030678511278155695
12.0,cue,LiuBecker_threat_anticipation,101,0.27461750270070584,0.039539132498241536,-0.049441200147871484,0.016059259667829576,0.20870204574819196,0.02061266825912215,0.09302591834935969,0.016619433070097476,0.1216053039590182,0.048201247717607025,-0.08713279701204556,0.030620013134184425
12.1,cue,LiuBecker_threat_anticipation,101,0.28118244367059947,0.03936906838474749,-0.04796371972725545,0.016161647678788922,0.20246598582054137,0.02061728533617417,0.0925014153169363,0.016698281374455434,0.12382017549693208,0.047944053856201145,-0.08436591703548302,0.030525851033873223
12.2,cue,LiuBecker_threat_anticipation,101,0.2864981263384329,0.03922162047140098,-0.04663476722057612,0.016342529657421296,0.19613626851853905,0.020732711046063806,0.09162053176119155,0.016862677233254544,0.1270387977010179,0.04773014367972649,-0.08216479458050828,0.030574167504336783
12.3,cue,LiuBecker_threat_anticipation,101,0.2913422946142615,0.03889254363233953,-0.045387953803806586,0.01646237475852983,0.1886440934253973,0.020839217512474136,0.09020231859810866,0.017034930721094823,0.1317185469193443,0.04734675361967423,-0.08044178296903684,0.0305615791035206
12.4,cue,LiuBecker_threat_anticipation,101,0.29468984906998136,0.03835198012484125,-0.04335263743626618,0.01648327902449575,0.1817877066289005,0.02094556378071365,0.08826841819667894,0.01728102679801771,0.13486800987623968,0.04679477250419228,-0.07934083772350065,0.030281067741448942
12.5,cue,LiuBecker_threat_anticipation,101,0.29847805673115735,0.03776097655492358,-0.04186552573636855,0.016573886844443515,0.17552554237636328,0.021069718658046174,0.08558535819535612,0.017456649203247597,0.1362531869546879,0.0462998136578297,-0.07891309131625562,0.030179524835559253
12.6,cue,LiuBecker_threat_anticipation,101,0.3020768811596757,0.036915900938594814,-0.040864874357164876,0.016608300859914257,0.16903778460141047,0.021087990537904257,0.08211387670379888,0.017498501174861607,0.13706156646747528,0.04598407854799967,-0.07858840253537595,0.030052790861697966
12.7,cue,LiuBecker_threat_anticipation,101,0.30589793673271637,0.035908419962035726,-0.039519688272344464,0.0164630374669826,0.16180771920929654,0.02110093025423338,0.07796205460107523,0.017352984448211487,0.13598299797737315,0.045792135504548595,-0.07777254724390015,0.029888076475274722
12.8,cue,LiuBecker_threat_anticipation,101,0.3110739289325472,0.03504876983068784,-0.03832936715358352,0.016200785706393092,0.15292726680925922,0.02105935366709573,0.0735133793767768,0.0172454356312818,0.1343460963444884,0.04569946787856254,-0.07758312600647116,0.0295289940477675
12.9,cue,LiuBecker_threat_anticipation,101,0.3161493552695556,0.03429016343714684,-0.03721908567487432,0.015915204675543727,0.14396064244596404,0.021036096596945407,0.06938665660354634,0.017189189778659922,0.13236666524416046,0.045794112322560414,-0.077444372068486,0.029111494707346756
13.0,cue,LiuBecker_threat_anticipation,101,0.3201676458689264,0.03364464460296564,-0.03635805202440131,0.015664302656682744,0.1349597009211894,0.02110414388620054,0.0666031106749776,0.017173623806864005,0.13196936622188407,0.04600217831380195,-0.07770576181859981,0.028726691098752834
13.1,cue,LiuBecker_threat_anticipation,101,0.32393017722233297,0.03307780653141403,-0.03536043489241943,0.015343183686947003,0.12529761766482933,0.021156681576185075,0.06479387582534668,0.01717858408646089,0.12973631117822745,0.0459617149770988,-0.07738893319598919,0.028404748992658293
13.2,cue,LiuBecker_threat_anticipation,101,0.3256884586856104,0.03259294921913926,-0.034538044403290204,0.015017001439773055,0.11601654400969666,0.021285454222213236,0.06231183871565508,0.01726139828501958,0.12561643586573903,0.0458128359988366,-0.07776854994636058,0.0281640615113813
13.3,cue,LiuBecker_threat_anticipation,101,0.3259114643243999,0.03235881702123559,-0.03345732604490971,0.014717000530462992,0.10704196932128293,0.021601345811370666,0.05966423895499381,0.017248810344544428,0.12205935492202394,0.04557317112530823,-0.07796880471987662,0.028114332093254393
13.4,cue,LiuBecker_threat_anticipation,101,0.3272893961178046,0.03229434637745021,-0.032008425270918524,0.01453208186932733,0.09728285397201651,0.02190839507843046,0.056176043059492836,0.017309299927171725,0.11665058741191844,0.045310425904750554,-0.07794634217006007,0.02817683776868764
13.5,cue,LiuBecker_threat_anticipation,101,0.3304225377136945,0.03237666366743824,-0.031042103539554305,0.0144324146742163,0.0868207665588056,0.02219365450707915,0.052890383757024005,0.017290995123916658,0.10904807458446818,0.045128823881308976,-0.07930891819117555,0.0281801330960993
13.6,cue,LiuBecker_threat_anticipation,101,0.3354277037750456,0.03263439629961492,-0.030258469653399553,0.014178600776117671,0.07499222785537756,0.022430636245971736,0.05027962835007897,0.017254270590946877,0.09695064823826569,0.04488931160446619,-0.08117032348238833,0.028082225851294277
13.7,cue,LiuBecker_threat_anticipation,101,0.3400827976708266,0.03299911879921371,-0.029095798250079363,0.013936477418712487,0.0631172862807711,0.022590410120057313,0.04759909475444451,0.017233191021379615,0.0847966829886034,0.04469984718146431,-0.08168313491219185,0.027954916111936404
13.8,cue,LiuBecker_threat_anticipation,101,0.3448621251314715,0.03343856473661579,-0.026944094933816484,0.013755853140165064,0.05107607721965759,0.022662442500631697,0.04510330002097279,0.017243419291096962,0.07407084985961722,0.04456500986720691,-0.08058301981253471,0.02793089366910379
13.9,cue,LiuBecker_threat_anticipation,101,0.3487941459936293,0.03393810179935769,-0.025120500738901326,0.013684537083568964,0.037780948450528345,0.02257867603819821,0.042918904607862,0.017261495990446876,0.06454727208827775,0.04446140924637884,-0.07980922484241826,0.028059426101640625
14.0,cue,LiuBecker_threat_anticipation,101,0.35057897185796727,0.03435788258047006,-0.02374639122834822,0.013618560491673386,0.02526082773969674,0.022520478803599905,0.04088082741483855,0.017304297757972417,0.055644463273307666,0.04443776990431115,-0.07998172086874646,0.028029179598146898
14.1,cue,LiuBecker_threat_anticipation,101,0.35096889869192816,0.034800011672011896,-0.02181019607442751,0.013571828561957714,0.014073393810834414,0.02248839948822837,0.03902661103701932,0.01732662399601444,0.04851097039847632,0.04448723277097039,-0.07879390445994444,0.02806702385777327
14.2,cue,LiuBecker_threat_anticipation,101,0.3508767230127997,0.03539674702146802,-0.019945264694273043,0.013644298673212426,0.003953128171212089,0.022448353295000664,0.036284560007688156,0.017259140316336814,0.0399198372021714,0.044727272986768485,-0.07599150859267988,0.02827083419861298
14.3,cue,LiuBecker_threat_anticipation,101,0.35101442111331366,0.03612974579061427,-0.01805958887254521,0.013775066073152346,-0.00617349259792807,0.022408608332290535,0.033765732774944046,0.017164261967734004,0.03076473254426071,0.04488904809107604,-0.07363832084898042,0.028565247104081492
14.4,cue,LiuBecker_threat_anticipation,101,0.3520268080322226,0.03680050818032517,-0.016680821491763656,0.013938526869315423,-0.0165119694753446,0.022451495354383833,0.03153354000045414,0.017068204711270126,0.02430453420614802,0.045194443323776895,-0.07206140868298275,0.02880717075784704
14.5,cue,LiuBecker_threat_anticipation,101,0.35400350662687485,0.03741249271393675,-0.01588650164860993,0.014094218097042827,-0.02623366026567674,0.02248087883299921,0.02951212638016327,0.016979310716958868,0.017989020062313375,0.04525635906869339,-0.0717246022860465,0.02883300951500426
14.6,cue,LiuBecker_threat_anticipation,101,0.35654390839056466,0.03786211547870242,-0.015791025512714833,0.014166793809608764,-0.03583588580271358,0.022484704814170933,0.02783707191338712,0.016899055355781793,0.0113305211153695,0.045458348628307735,-0.07265577289972149,0.028735553650309286
14.7,cue,LiuBecker_threat_anticipation,101,0.3582554746063811,0.038173047382528524,-0.015269015986312915,0.01426808767846514,-0.04407914041319577,0.022468583652398812,0.026868563654129873,0.016812742374983685,0.004566189715661934,0.04589266544172848,-0.07147253009366471,0.028757863008465806
14.8,cue,LiuBecker_threat_anticipation,101,0.35747619058766616,0.03843353644958077,-0.014855360673953112,0.014340031377687055,-0.05102929586415343,0.022255059997544187,0.025520184065993632,0.01673374964206722,0.0017294162981067208,0.0462281817922238,-0.0704248403787235,0.028668811629861003
14.9,cue,LiuBecker_threat_anticipation,101,0.35534138214633193,0.038555150136162515,-0.014352462963600671,0.014412098642438703,-0.05714888664137656,0.0221034307988005,0.023193477590814766,0.016659305017167954,-0.001145235467879251,0.04644083402830252,-0.07022109749519,0.02845077614340648
15.0,cue,LiuBecker_threat_anticipation,101,0.35326198616847576,0.03876691659352295,-0.014561643934171272,0.014528692547599116,-0.06329075445757676,0.022042629943076323,0.021610824052560745,0.0165222256616744,-0.004005490600597438,0.046837018617654026,-0.07196541727498554,0.028428271278205606
15.1,cue,LiuBecker_threat_anticipation,101,0.3503518985830123,0.03883101946959655,-0.015105727814039108,0.014571205159701284,-0.0677956278565415,0.021996084431071875,0.01973777075886954,0.01639979932729791,-0.006090804279126387,0.04735276797794265,-0.07440952700395768,0.02832169779667077
15.2,cue,LiuBecker_threat_anticipation,101,0.34898066885222134,0.039023864703043434,-0.015121425207337148,0.014557021916876236,-0.07197189677889758,0.022090988088046208,0.017844997499986585,0.016317041260017234,-0.005154401253812871,0.04771653689054025,-0.07535543157436518,0.02827386321781118
15.3,cue,LiuBecker_threat_anticipation,101,0.3485036583412733,0.039163822811825705,-0.015290760086486914,0.01451089407404248,-0.07638349287260826,0.022116306453991638,0.016029499115136195,0.016277169893621497,-0.004497894335163813,0.04816109135850804,-0.07691076339706769,0.028213004374987794
15.4,cue,LiuBecker_threat_anticipation,101,0.3486661035509011,0.039180904204923525,-0.015331764746438865,0.014445656818646882,-0.08143823482145347,0.022075491137029644,0.014361423192320208,0.016289227289706505,-0.003659809061429318,0.04868135079642243,-0.07842935150090243,0.028190575872273638
15.5,cue,LiuBecker_threat_anticipation,101,0.3468478354506905,0.039085730035442835,-0.015591886764871856,0.014403168846661828,-0.08522081777258342,0.02206085872137144,0.013100442270759015,0.01634748638453111,-0.001172448602189068,0.04923070247018538,-0.08047620463520044,0.02819458547381028
15.6,cue,LiuBecker_threat_anticipation,101,0.3444440000535365,0.03905963213260497,-0.015848716071317027,0.01433829593188462,-0.0880258897862356,0.02195537798019385,0.011602106808335967,0.01641939230117812,0.0009966159487938757,0.049556454426569196,-0.08292250343604506,0.028183439341985216
15.7,cue,LiuBecker_threat_anticipation,101,0.3410285481525603,0.03907881488603568,-0.015966491860075035,0.014348384551775575,-0.09078986162230542,0.02190242897386386,0.009543506835336203,0.016590153889049084,0.000161252518576558,0.04977291780335509,-0.08477432017431856,0.028304022149176464
15.8,cue,LiuBecker_threat_anticipation,101,0.3368540216923104,0.03909905558941669,-0.015284572852653907,0.014312582261233314,-0.09254956435742617,0.02192413248506778,0.008342969585286169,0.01681214241856048,0.0032670926417219318,0.04994454696713493,-0.08445713273223779,0.028402780246957464
15.9,cue,LiuBecker_threat_anticipation,101,0.33277455353507046,0.03921024696446962,-0.015024524024723292,0.014368948399126879,-0.09411007103248767,0.021927737134155967,0.006495543692249666,0.017093954266830445,0.007501673529605621,0.050192019479215706,-0.0853823285682688,0.02866187679368862
16.0,cue,LiuBecker_threat_anticipation,101,0.3286547538730633,0.03932176682985678,-0.014748566590827463,0.014510131641635607,-0.09561137920863665,0.022054137742958523,0.0049126245996234065,0.01739742539681329,0.01056460747118822,0.05051545812233872,-0.08582647563351858,0.028915622077850985
-1.0,outcome,LiuBecker_threat_anticipation,101,-0.055018178352733774,0.030232025539670342,0.13918542620026605,0.01762778120047524,0.4187699691045679,0.026785290213355597,-0.1778308755601618,0.020632816650567078,0.2920726286302822,0.04990990805080372,-0.006119171960389904,0.030444333483429533
-0.9,outcome,LiuBecker_threat_anticipation,101,-0.06570949423449352,0.030672123354524506,0.13882153829056956,0.017612214339709487,0.4241748132157562,0.027125499753383266,-0.17467047011326067,0.020470841424030127,0.2984954961947134,0.05015885596191815,-0.005447394981506563,0.030616162461882833
-0.8,outcome,LiuBecker_threat_anticipation,101,-0.0767947807418605,0.031200993338440862,0.1382317622146881,0.017617755165713445,0.4296278867660463,0.027447603332379125,-0.17127617175517362,0.020347182572777484,0.3057851421010667,0.05051028526135298,-0.005151580697807,0.03087547456304777
-0.7,outcome,LiuBecker_threat_anticipation,101,-0.08650209902945807,0.03176702107138881,0.13717105764738022,0.01762020426651509,0.4350731968242834,0.027777655841213517,-0.16804152369742423,0.020309963708217076,0.3140399045645665,0.05105851487962443,-0.004711720022461683,0.031100679479330266
-0.6,outcome,LiuBecker_threat_anticipation,101,-0.09531637444138905,0.03227780130740899,0.13593193357685698,0.017676359771428115,0.4409299613746122,0.028131347779810637,-0.16426351186201327,0.020309030336107165,0.32351594154126495,0.05154652150772698,-0.003983420804195252,0.03122008801688663
-0.5,outcome,LiuBecker_threat_anticipation,101,-0.10172260585744626,0.03268903565154727,0.1340546157782212,0.017826055005041235,0.44689949327573847,0.02852000035317266,-0.16039973848891514,0.020277421362877853,0.33266519910885733,0.052022496873936216,-0.0036529591256588656,0.03135116653320549
-0.4,outcome,LiuBecker_threat_anticipation,101,-0.10770911800839637,0.0328924927530698,0.13239990096551435,0.01801297002128019,0.4525859344891343,0.028874480819510898,-0.15626509206049782,0.020272539142748933,0.33910397865849173,0.05243528851576299,-0.0028179638271659292,0.031738782798200395
-0.3,outcome,LiuBecker_threat_anticipation,101,-0.11258190417566864,0.03297423620167628,0.1297891222343281,0.018150293698671462,0.4586562334137911,0.029262753374049925,-0.15223228336177078,0.02027274882369873,0.3436858621583328,0.052686296943252026,-0.002785946865525958,0.03188437045583909
-0.2,outcome,LiuBecker_threat_anticipation,101,-0.11476704683141986,0.032877169525175304,0.12653651453853146,0.01839295645783564,0.4655708197472042,0.02967599749507396,-0.1488771036882252,0.02028413611749801,0.3482173907413658,0.05314967749005398,-0.003024815580269185,0.03203948413501823
-0.1,outcome,LiuBecker_threat_anticipation,101,-0.11359540028769391,0.032919788628088406,0.12258209820904847,0.018658321155975495,0.47234753734699836,0.030005002705458438,-0.14432448602813158,0.02022167440566368,0.3525316577276893,0.05414407635815325,-0.004212000931353781,0.03220754508455224
-0.0,outcome,LiuBecker_threat_anticipation,101,-0.10972314888383926,0.03288639075704106,0.11746964779193025,0.01882019309462735,0.47979921740403647,0.03011734891522351,-0.1393364788904415,0.020254119942981413,0.3573830884056582,0.05494403223752244,-0.006235044277845685,0.03211822823200976
0.1,outcome,LiuBecker_threat_anticipation,101,-0.100682475622032,0.032654298296435534,0.11203084592541515,0.01895732160136211,0.486862225360967,0.030130410569010967,-0.13565368478670775,0.020264971688569576,0.35724497491529683,0.055683467999954696,-0.010379164111731627,0.03196534949770694
0.2,outcome,LiuBecker_threat_anticipation,101,-0.0898496722021113,0.032395875138349656,0.1048785470771708,0.018981298649963358,0.49363430376071493,0.030182810761923085,-0.13140085950480707,0.02024600453385696,0.35681135189259494,0.05609804716823383,-0.016090316925589095,0.03161474112347586
0.3,outcome,LiuBecker_threat_anticipation,101,-0.07669223908204172,0.032131167799489914,0.09907834514376487,0.01906165816854884,0.49920083350166145,0.030205559361473736,-0.1268727478180592,0.02020073967576767,0.35556907076296007,0.05659189290290813,-0.01858986246817142,0.031115813904359933
0.4,outcome,LiuBecker_threat_anticipation,101,-0.060899330181430206,0.031797265800250524,0.09491702975345791,0.019099156112812807,0.5047282134629815,0.030218554458342338,-0.12242839622808314,0.020136792431605422,0.3513603706306048,0.05708491720746666,-0.01964144106770461,0.030526038037234166
0.5,outcome,LiuBecker_threat_anticipation,101,-0.044325574033466944,0.031442777656521904,0.09071809240575439,0.01910467925950659,0.5095497290921918,0.030174917932075277,-0.11743371392355817,0.02005825461076806,0.3483820950485755,0.05759968936423365,-0.021646189087444194,0.03004638322078915
0.6,outcome,LiuBecker_threat_anticipation,101,-0.02680061109711654,0.03114246634658193,0.08729112644890485,0.019116990298853512,0.5141599218385465,0.030013166771679346,-0.1120388516811293,0.0199941252351016,0.345313524727637,0.058298044697568885,-0.023317592787741544,0.0297668783342662
0.7,outcome,LiuBecker_threat_anticipation,101,-0.00977943057542973,0.031038181562738444,0.08379002181031832,0.019157770047080747,0.5189020163747559,0.0299041347279515,-0.10690703223295898,0.020033171153081286,0.34241414215509286,0.05879677302658503,-0.02464699600107587,0.029599381599350796
0.8,outcome,LiuBecker_threat_anticipation,101,0.008043294023859685,0.031164966717538642,0.08015271363129693,0.01924649334596032,0.5223826804017602,0.029887892975220324,-0.10156045117345909,0.020166374176188374,0.339906124615611,0.05951004167711138,-0.025693942915086174,0.029537047438125807
0.9,outcome,LiuBecker_threat_anticipation,101,0.025768997623179198,0.03133897916753072,0.0753174577808845,0.01927611164188933,0.525123784727343,0.029921094271365425,-0.09565084340524911,0.020337853018231003,0.3406060109737239,0.05973785241531607,-0.02781026778769117,0.029553858655215537
1.0,outcome,LiuBecker_threat_anticipation,101,0.04382459669610698,0.031558280810935035,0.06900485262268236,0.019198995378857713,0.5272872656761761,0.029901204707072672,-0.08932579052002977,0.020601894304980554,0.33973137521206015,0.059753885803231106,-0.031183065149957855,0.02947923120052976
1.1,outcome,LiuBecker_threat_anticipation,101,0.060144051879867086,0.03187625817700228,0.06349888467790976,0.019090282654923144,0.5283742605898223,0.029758838650944454,-0.08351112751013925,0.020827104461693176,0.33831974088677186,0.05965744459423003,-0.03405598798280791,0.029316319459787285
1.2,outcome,LiuBecker_threat_anticipation,101,0.07641116864298128,0.032199445778354395,0.05902644699424844,0.019038775044221436,0.5266716467354154,0.02960391452695742,-0.07769294979981677,0.0210337933472935,0.3339591293950229,0.05926301946677274,-0.03713284924520855,0.029130817230714822
1.3,outcome,LiuBecker_threat_anticipation,101,0.0902649283088834,0.03237340289972309,0.054341486206736796,0.018924264499227742,0.5227870286221434,0.029363017768805313,-0.07092238582756855,0.02114995830030279,0.32996530361558196,0.058571008902346434,-0.04048837560159577,0.02888288411010606
1.4,outcome,LiuBecker_threat_anticipation,101,0.10115205943799731,0.03247881099401289,0.05019534506021794,0.018780356072928616,0.5191425886050826,0.029058494576097868,-0.06455325437357409,0.021200108205650804,0.32860276612879374,0.057474577632148395,-0.042221568971266374,0.028717093576336235
1.5,outcome,LiuBecker_threat_anticipation,101,0.11153758293565419,0.0325066085984194,0.04652975312900643,0.01860076578848375,0.5147548001141714,0.028569989625140575,-0.05799191547459182,0.021222341754418752,0.32720965947656877,0.05622240415237212,-0.04410185841106479,0.0286438073424197
1.6,outcome,LiuBecker_threat_anticipation,101,0.1183134883772587,0.03254144594383524,0.04179402808885822,0.018415641442261228,0.5096571620111099,0.0281694524063849,-0.049997931341295675,0.021212522626663965,0.3273531276691973,0.055124136482266016,-0.04812378124327036,0.028674340293665678
1.7,outcome,LiuBecker_threat_anticipation,101,0.12287849929772865,0.03245402768285191,0.03663799805179918,0.018263875582558223,0.5043340349792568,0.02776157838787973,-0.042122292245501396,0.02119001995831389,0.3263739100239385,0.05408764711613134,-0.05146504661536742,0.028650863849359658
1.8,outcome,LiuBecker_threat_anticipation,101,0.12642265392019283,0.032256874109678375,0.03193309966976647,0.018048695712288464,0.4982458751992145,0.02742264484205329,-0.03414798471946876,0.021194129956581306,0.321873949027221,0.05319413185915087,-0.052790061425897976,0.028443406486473005
1.9,outcome,LiuBecker_threat_anticipation,101,0.12822606511385445,0.03209696293117138,0.02749961891634847,0.017869888621959807,0.4913631311402345,0.027156612951307522,-0.026443484198936544,0.021136307925965325,0.3136825103354666,0.05253450955789428,-0.05186297739444466,0.02816442053220902
2.0,outcome,LiuBecker_threat_anticipation,101,0.12928301005039478,0.031920996006581194,0.023174199743165175,0.017680102050525073,0.4828889750177876,0.026790856393641115,-0.018746143181873898,0.02105469440886529,0.3053489461516065,0.05162615265641346,-0.05196126101234009,0.027959661393119586
2.1,outcome,LiuBecker_threat_anticipation,101,0.1300083119175943,0.03192548713385959,0.01973404564482694,0.017560170929932048,0.4739515181791102,0.02647018956033136,-0.0111716412593493,0.02103545012577576,0.2952207130282844,0.050766703472576544,-0.05134192136999688,0.02789392392600372
2.2,outcome,LiuBecker_threat_anticipation,101,0.12920442453385775,0.03208527267147353,0.018057731726570537,0.017433057545953125,0.46520250136178715,0.026275436372410758,-0.004082956127730918,0.021029588782849176,0.28490888991258995,0.04981519897625534,-0.050286186779264254,0.027951442164652875
2.3,outcome,LiuBecker_threat_anticipation,101,0.12889643438354106,0.032208917430415464,0.016495048294489705,0.017344803887373528,0.4538702057146273,0.026013583299334685,0.003616164524071422,0.021062281284007032,0.27329776740274625,0.04879260810351186,-0.04991906545406959,0.028193264189853556
2.4,outcome,LiuBecker_threat_anticipation,101,0.12592084091671363,0.032247825304686506,0.013709742659695491,0.01724994867962857,0.44401227625195383,0.025807173513126107,0.011444912017290448,0.021103904587050307,0.2637833213927138,0.04793762616509509,-0.04975904044791755,0.028490089840876694
2.5,outcome,LiuBecker_threat_anticipation,101,0.12288480307071982,0.03246521999033982,0.011210996977042881,0.017116828565723986,0.43488739061494375,0.0256073123599137,0.01890873440300221,0.0210943251370988,0.25130251818018295,0.04715626989000786,-0.04799648239549502,0.02874275853830425
2.6,outcome,LiuBecker_threat_anticipation,101,0.11984968649094094,0.03280244761494351,0.009300477650128718,0.017007225971814838,0.42533311230654547,0.025400200772389702,0.02668078024971387,0.02107180061737594,0.24132744225263345,0.04634440558105507,-0.044667732777620615,0.029077733691812466
2.7,outcome,LiuBecker_threat_anticipation,101,0.11501921385506475,0.03321649289573162,0.0068334558181927215,0.016815309447075433,0.4162189995717034,0.02524459793325627,0.034495183595827185,0.021021401780643698,0.22894133553009774,0.04536878457632413,-0.042662435954942575,0.029146475967969203
2.8,outcome,LiuBecker_threat_anticipation,101,0.11185926588693394,0.03383891086279314,0.0026447286208084453,0.016675578322966414,0.40642384961303646,0.02507064293471092,0.04078813916054649,0.020829257694219193,0.21671187474344994,0.04457147327657876,-0.04279760667384705,0.02920079903192839
2.9,outcome,LiuBecker_threat_anticipation,101,0.1104690611042742,0.03444802709698319,-0.002440878996228146,0.01657887438461972,0.39626766973617894,0.02484804214765688,0.04590287944662836,0.020515778587603718,0.2038189199043008,0.04392916396747292,-0.044171496174528105,0.029192816921571472
3.0,outcome,LiuBecker_threat_anticipation,101,0.11111356907332676,0.03512935257405057,-0.00711407532822806,0.01653826250333129,0.3851224581657128,0.024597140627495913,0.050113017541758204,0.02021203419868592,0.1915923301793359,0.043329672165807596,-0.04541587472314369,0.02928520476557642
3.1,outcome,LiuBecker_threat_anticipation,101,0.11460093318044962,0.03595805702757211,-0.012197638745512092,0.016469334080288694,0.3728419598638827,0.024327324569482965,0.05433950820822732,0.019898746829833502,0.18036355490619846,0.04299159774544034,-0.04983084253567911,0.02947511783030555
3.2,outcome,LiuBecker_threat_anticipation,101,0.12038629691709693,0.03678355935039786,-0.016692625269085024,0.016427392624629396,0.36005083175167335,0.02412527787650431,0.05849508293525459,0.019650197762398125,0.17385236112628308,0.04300142727986841,-0.05356477179578688,0.029767418406000317
3.3,outcome,LiuBecker_threat_anticipation,101,0.12689829991193474,0.03762089089834917,-0.02059712488905323,0.01632984428600252,0.3484091926825598,0.023887558159405638,0.06260829891678431,0.019369074248258896,0.1671174595258154,0.04358533917379144,-0.05600429166866843,0.03003453731592702
3.4,outcome,LiuBecker_threat_anticipation,101,0.1358949613876519,0.038292041196145966,-0.024526031048247125,0.016241899721878828,0.3357130085969201,0.02368083763413785,0.06664458427639487,0.01900181766737401,0.15765215937682564,0.04400168868009453,-0.05893403241519684,0.03035438342609014
3.5,outcome,LiuBecker_threat_anticipation,101,0.1464664711503846,0.03878380984434488,-0.027532666347231376,0.016187194208836637,0.32304243957385365,0.02342555264699437,0.07046067868542669,0.01865208532278912,0.14770883874389362,0.04426556750548834,-0.06120680676249767,0.03050108368004473
3.6,outcome,LiuBecker_threat_anticipation,101,0.1584595020146348,0.039246532849936705,-0.02996003338972241,0.016112298535852925,0.3113962992242059,0.023138747274077564,0.07374930179963816,0.018345428605724832,0.13759795584425277,0.04475760766415895,-0.06300691513684632,0.0305407085963153
3.7,outcome,LiuBecker_threat_anticipation,101,0.1708160045411432,0.039589554623478664,-0.032313150820837064,0.0159943045054052,0.3003290710207648,0.022825569490697858,0.07654931708903098,0.01799993580557203,0.12866038279456943,0.045238877223659046,-0.06542178799824819,0.030504895796653775
3.8,outcome,LiuBecker_threat_anticipation,101,0.18297651768028506,0.03979485509662813,-0.03472001292317906,0.0158561129335046,0.28973678964836364,0.022430283210371937,0.07877610049959777,0.01775213425312437,0.11991405120516667,0.04568703689858615,-0.06788333687880145,0.030501297819228668
3.9,outcome,LiuBecker_threat_anticipation,101,0.19617211307086552,0.039985051052619076,-0.0368019663877692,0.015718123672118736,0.2795102062310943,0.022042497359222507,0.08080301717471043,0.017449153158154356,0.11456285526416084,0.046084096534883705,-0.07023015814805898,0.03050395945054587
4.0,outcome,LiuBecker_threat_anticipation,101,0.21127428077748878,0.04001431064872843,-0.03859932905834227,0.015583906198923768,0.2686981676399894,0.021741372715190797,0.08239158232131916,0.017204442989391316,0.10942755696985465,0.0463822523012781,-0.07266144551745947,0.03063720697019622
4.1,outcome,LiuBecker_threat_anticipation,101,0.22608786694608063,0.040078364382010755,-0.03981369491723418,0.015462199479358405,0.25934572463323097,0.02144634500822541,0.08383564069246367,0.017029600932307633,0.10633026710967683,0.04687618453389011,-0.07409072723704298,0.030789558718403054
4.2,outcome,LiuBecker_threat_anticipation,101,0.24037026232175732,0.04007829885409588,-0.04155881985084004,0.015416631762629246,0.251337582056201,0.02115911099286871,0.08566756261228017,0.01684114817604569,0.10606423952462526,0.04727529007339547,-0.07630358557744069,0.030995111275522794
4.3,outcome,LiuBecker_threat_anticipation,101,0.2534230685155487,0.040079055898822116,-0.04374199986271192,0.01536274004913586,0.24417935369143515,0.02094766442224182,0.087420230476785,0.016682295605857697,0.10624330278567186,0.04763382435162421,-0.07911291280575466,0.031081862057231843
4.4,outcome,LiuBecker_threat_anticipation,101,0.26323903839101687,0.04004356494226389,-0.04560326583106268,0.015272532325083684,0.2386045710780242,0.02076148125898039,0.08890191249233903,0.01658856759573166,0.10953124564317124,0.048017448340531156,-0.08084126867840426,0.030862399057550553
4.5,outcome,LiuBecker_threat_anticipation,101,0.27299118256121996,0.03994697707957753,-0.04733245160575753,0.015257505398350408,0.23288279988918908,0.02060017028195696,0.08946885922914924,0.016586721969655986,0.11130662320465068,0.04837338902950765,-0.08333342580249818,0.030688892790944368
4.6,outcome,LiuBecker_threat_anticipation,101,0.2813676879391047,0.039876953241105295,-0.049171890896804925,0.015211143770246896,0.22784524141650558,0.020517129391881266,0.08976031742363853,0.01669011085330107,0.11503087007841808,0.0485269571194307,-0.08636055558023358,0.030406932534819537
4.7,outcome,LiuBecker_threat_anticipation,101,0.288934486697574,0.039691103272428786,-0.04968340161573405,0.01504904220726565,0.22324783262043169,0.02044571700754018,0.08957087848038486,0.016773673641784247,0.11841098096883361,0.04828029451390066,-0.08725797769854472,0.02996668057088779
4.8,outcome,LiuBecker_threat_anticipation,101,0.2948029277495461,0.039547226572373216,-0.04997491570561349,0.014902278593694878,0.21839421981268414,0.02049008993547943,0.08941296908288214,0.01687818281101882,0.12279063279540262,0.04810647540271656,-0.08695536734560631,0.029596608636662657
4.9,outcome,LiuBecker_threat_anticipation,101,0.29926296173346917,0.03938085037840935,-0.04943822272620502,0.014789184114004327,0.21279474033514584,0.020544746368134886,0.0890282646534771,0.016886159053753392,0.1277705597028131,0.04778631214813863,-0.08588759955063842,0.0291684577144526
5.0,outcome,LiuBecker_threat_anticipation,101,0.3029133783489559,0.03917365745554579,-0.04909618174097903,0.014721006098581728,0.20673072667996212,0.020610033822357966,0.08826997573564661,0.016746266819124958,0.13317454264236303,0.0473370199470437,-0.08585567685233327,0.0286682615670323
5.1,outcome,LiuBecker_threat_anticipation,101,0.30682025900497206,0.03880045146249227,-0.04888454807749387,0.014659684610519025,0.20000646961189436,0.020652237037020307,0.08713763033100179,0.016635661820724,0.13720621466597374,0.04690949853029208,-0.08686459047914409,0.02830747571250183
5.2,outcome,LiuBecker_threat_anticipation,101,0.30964659336792144,0.03834122892569573,-0.04721107291849387,0.014671180709678967,0.19289782463383645,0.020740177357202676,0.08600011238860553,0.01664067544038165,0.13669375631086522,0.046397744119796226,-0.08553607263771763,0.027865725669527157
5.3,outcome,LiuBecker_threat_anticipation,101,0.3113947115635191,0.03784765815379345,-0.04566312919620941,0.014691501275608506,0.18526017361053887,0.02076972677538274,0.08516144677240951,0.016582625921644143,0.1356540819624042,0.045858436380894374,-0.08452810665546774,0.02739250524462137
5.4,outcome,LiuBecker_threat_anticipation,101,0.3123284069162199,0.037343601158800005,-0.044210918349170146,0.014662164154747586,0.17727739202260376,0.020831559633880243,0.0836157481355473,0.016565371964929427,0.13513917693633362,0.0457000676416476,-0.0845602765346275,0.02694865748751668
5.5,outcome,LiuBecker_threat_anticipation,101,0.3128204975087407,0.03694235552825268,-0.04135067718813319,0.014494074669945903,0.1685544691086492,0.020987008737048743,0.08200620770488122,0.016541246381366545,0.1343364865514425,0.04593174995435063,-0.08268625850805318,0.02652394255421497
5.6,outcome,LiuBecker_threat_anticipation,101,0.31338017018283915,0.03648892772965573,-0.03811787798387289,0.01433504613790748,0.15935594924097954,0.021203326482757964,0.07976563446515886,0.016521917060682206,0.13351353320780465,0.046154686272804106,-0.08061802494620411,0.026242573140872635
5.7,outcome,LiuBecker_threat_anticipation,101,0.3143216446038374,0.03619386107474902,-0.035343731827508766,0.01417287349630325,0.15069203964984634,0.021579477135312556,0.07770325575124296,0.01652408330352856,0.13078997590892005,0.046334719539596815,-0.0794025135164364,0.026013864046920625
5.8,outcome,LiuBecker_threat_anticipation,101,0.316554805969644,0.03600984026480519,-0.03265072956959129,0.014003458467346384,0.14111740448517734,0.022053175672440112,0.07593515603522057,0.016599068814199192,0.1262961232993925,0.04658624250116777,-0.07816347142087156,0.02583281916900396
5.9,outcome,LiuBecker_threat_anticipation,101,0.3185052426174417,0.03594949890461563,-0.02946363846121074,0.013927783939324036,0.1310995362459118,0.022557389384757588,0.0734815730633176,0.016696105172179992,0.12006502888941298,0.046400105034192445,-0.07617776728451378,0.025941809334492038
6.0,outcome,LiuBecker_threat_anticipation,101,0.3206770226936883,0.03583327232266293,-0.0269833043225755,0.013871728192828954,0.1206985768330638,0.022902500701387045,0.07104105566868911,0.0168987088127594,0.11399114871182744,0.046270276257241574,-0.07498560270981379,0.02609165346597681
6.1,outcome,LiuBecker_threat_anticipation,101,0.3239918726688783,0.03564937985155376,-0.024557797164771224,0.013803169821924812,0.11019508277809521,0.023254185901159408,0.06803002546664075,0.017046780203092245,0.10901293715947753,0.046310367609576214,-0.07397377249965643,0.026272935786937793
6.2,outcome,LiuBecker_threat_anticipation,101,0.32697228438274717,0.03549028524593072,-0.02275567442884855,0.013749657179492126,0.09994049941329172,0.023616530821510422,0.06463520649763861,0.017198339977828537,0.10397647442642098,0.04645088623646217,-0.072810379654851,0.02646994100036077
6.3,outcome,LiuBecker_threat_anticipation,101,0.329177268446352,0.03534649801435816,-0.020758793951161474,0.013668476894610954,0.08950553115366691,0.023824464684181184,0.06146540266219186,0.017414972544478713,0.09715564138944147,0.04632849973881104,-0.07057639313934225,0.02656968400036564
6.4,outcome,LiuBecker_threat_anticipation,101,0.32970113548446045,0.03523029292198797,-0.01907564487557337,0.013538951769707885,0.08025832602582705,0.023916204297111325,0.05759544547790408,0.01748884443097013,0.0924550106127007,0.04608146306415637,-0.06832298291204787,0.026600854195508502
6.5,outcome,LiuBecker_threat_anticipation,101,0.330331340862821,0.035168063017913885,-0.017862685114554713,0.013355854111991264,0.07188511429958648,0.023942433594132288,0.053801624323672165,0.017505465268673727,0.08751875948849368,0.04569997123691303,-0.06715833917495624,0.026704570800402967
6.6,outcome,LiuBecker_threat_anticipation,101,0.33074497958377586,0.03528468296026164,-0.017056718960784298,0.01330691961605573,0.06351571333253608,0.02386126133012553,0.04994092190606835,0.017401055382334454,0.08194191866288303,0.04532029289481308,-0.06694682165965173,0.02691880259973247
6.7,outcome,LiuBecker_threat_anticipation,101,0.3327480353001896,0.03538044193982348,-0.01630074113107033,0.01341688106771268,0.054585396488388976,0.023773083288490933,0.04627064679011883,0.017298220944912387,0.07511841586898087,0.04481402552280982,-0.06699426762395859,0.02731325860914172
6.8,outcome,LiuBecker_threat_anticipation,101,0.33445262196709274,0.03560222100747697,-0.016226918351725746,0.013570740730628894,0.04602758119757889,0.023690353848086577,0.04237676999905207,0.017238246105632887,0.06734934834564395,0.044706478699580304,-0.06864536646637281,0.02775510450853316
6.9,outcome,LiuBecker_threat_anticipation,101,0.33593274390338135,0.035823503481008885,-0.01659103381697958,0.01371224202309118,0.037183709957048824,0.023513231795453175,0.03918364458201678,0.017194540617013598,0.060330323349741435,0.044354759213094314,-0.07116032560126608,0.028009139021261207
7.0,outcome,LiuBecker_threat_anticipation,101,0.33696194084855263,0.035946099843009775,-0.017206703418105703,0.013838851431248043,0.027890404173982968,0.02321085780171044,0.03627407536668209,0.017223000460143297,0.053506367388832916,0.044170803722002404,-0.07492364288365716,0.02825797671480214
7.1,outcome,LiuBecker_threat_anticipation,101,0.3381826793080622,0.036061502917625554,-0.01803370632406621,0.013994767992142144,0.019746472209356943,0.022862157567731353,0.03331212934249957,0.017190512057045713,0.047441169403826644,0.04397228855843633,-0.07810065943382104,0.02850965064432163
7.2,outcome,LiuBecker_threat_anticipation,101,0.339841890218711,0.036272609386199535,-0.019097337618824144,0.014068429121577398,0.011341244983608195,0.02270242075917972,0.03062630844539986,0.01719091342925345,0.04284969928128677,0.04360646649288019,-0.08078739174903873,0.028672922576568387
7.3,outcome,LiuBecker_threat_anticipation,101,0.3423129067712157,0.03659978892351574,-0.019730534339897885,0.01408135765700434,0.0021712457523814523,0.022730219696137303,0.027722092808248052,0.017232140546275143,0.03734432416800888,0.04318400895593518,-0.08376817048282696,0.028715648971766417
7.4,outcome,LiuBecker_threat_anticipation,101,0.3446838122034146,0.03706184114152219,-0.020364319198586597,0.014192328133545597,-0.007188242554973366,0.022567895503774898,0.025314307522467078,0.017284879947102753,0.032060403852666605,0.04293669433512818,-0.08770396580383598,0.02881720028109193
7.5,outcome,LiuBecker_threat_anticipation,101,0.3465908252452176,0.037364727618022675,-0.021343336226835784,0.014291695457995813,-0.016806231002149414,0.022391152987734964,0.022445845850901775,0.01731890365912068,0.025069853882317708,0.042746941213039555,-0.09268841867160078,0.02880097452221623
7.6,outcome,LiuBecker_threat_anticipation,101,0.34799949940024805,0.03765917511922937,-0.02265500183867778,0.01445374749790133,-0.025851650764038125,0.022210477671975336,0.019979413296668302,0.017226167012020024,0.018503122875008413,0.04265639619272677,-0.09792851213644226,0.028788623963346853
7.7,outcome,LiuBecker_threat_anticipation,101,0.34946598159847236,0.03792516984033605,-0.023954374343775883,0.014621526483420754,-0.03517012709561539,0.022182664487333012,0.01813068427010311,0.017111465992504137,0.012021408334090877,0.04268058512426909,-0.10327045607140063,0.02861191004791055
7.8,outcome,LiuBecker_threat_anticipation,101,0.35137470829896106,0.038152493771281305,-0.025200762737416126,0.014725363913826579,-0.04459972586494111,0.022066702170682163,0.016559997813011654,0.017048553108178363,0.005076724632215457,0.04310928194490301,-0.1083802864350512,0.02841769053252877
7.9,outcome,LiuBecker_threat_anticipation,101,0.3529195414804751,0.03840196307019848,-0.025995532773519892,0.014732512594342714,-0.052713842080373,0.022001539890874524,0.014958141077064186,0.016935398466732077,-8.182449271335568e-05,0.04393292760617606,-0.11246884756827559,0.028127742736749336
8.0,outcome,LiuBecker_threat_anticipation,101,0.3537747929817633,0.03866595388444152,-0.026561948957525693,0.01464524260677907,-0.05960531931272543,0.021934184188526017,0.013833140225972325,0.016862934809370286,-0.00473819111959229,0.04491864785744463,-0.11476274734073014,0.027862443703126454
8.1,outcome,LiuBecker_threat_anticipation,101,0.35381087312357434,0.03889904367184414,-0.027237881868485945,0.014514960502027477,-0.06578415383164783,0.02194633925967945,0.012472320449646884,0.01686439163553197,-0.008783443444038185,0.045892674694274535,-0.1164765173480417,0.027453302054459332
8.2,outcome,LiuBecker_threat_anticipation,101,0.35288499337522516,0.0391000362576845,-0.02731728407541097,0.014365490510572064,-0.07167763236835298,0.022102576452202084,0.011017890587818501,0.01690869941887098,-0.009680345039179661,0.046863648109784696,-0.1163567053222057,0.02706365874954371
8.3,outcome,LiuBecker_threat_anticipation,101,0.3510704625042809,0.039229564155584803,-0.02702560120083582,0.01429534894908751,-0.07711531341281806,0.022328272344379035,0.009503330341054736,0.016967647670630383,-0.011191816236800989,0.04776728074060469,-0.11585664898046158,0.026821191294327085
8.4,outcome,LiuBecker_threat_anticipation,101,0.34882261516931906,0.03912000406122296,-0.026581498086636932,0.014172983510486343,-0.08207506156240857,0.0224249865484926,0.008140545125786571,0.017013304967499587,-0.010909061193544628,0.04871009273688906,-0.11559856080943771,0.026590970280994882
8.5,outcome,LiuBecker_threat_anticipation,101,0.34588839989714365,0.03876399607148729,-0.025663852641800097,0.013996191305767765,-0.0862816411718878,0.022435780312509455,0.006664171205623871,0.017114259970143687,-0.010680796538446106,0.04934428590533245,-0.11479830955688759,0.02656566046106648
8.6,outcome,LiuBecker_threat_anticipation,101,0.3423167797023544,0.038370112204728114,-0.0247168657696735,0.013902688014679292,-0.08927395709305698,0.022445667180483644,0.005309297821159739,0.01727461595962733,-0.011514093403787859,0.0499086863679793,-0.11299204065418525,0.026594755544793573
8.7,outcome,LiuBecker_threat_anticipation,101,0.3382884058770373,0.03788425929124766,-0.023292162789622303,0.013836784455726463,-0.09023604250484488,0.022452748356894755,0.004517168144538458,0.017428977556213324,-0.011300996489520404,0.05056148488758438,-0.10817475902349816,0.02671669945575395
8.8,outcome,LiuBecker_threat_anticipation,101,0.33484251896362754,0.037322893355275034,-0.021306691481220663,0.013756135729039255,-0.09031986136049357,0.022334454539066764,0.004570746612935409,0.017620775452276114,-0.008667191412395369,0.05124721930644214,-0.10166665687536759,0.026759384177995622
8.9,outcome,LiuBecker_threat_anticipation,101,0.3319655111055185,0.03689066198422385,-0.018964682123454868,0.01369358729478333,-0.09109904552524938,0.022047715290994484,0.0044660029433136045,0.017828184387329207,-0.007175252644555542,0.051613125210721755,-0.09445342348951064,0.02681338396131037
9.0,outcome,LiuBecker_threat_anticipation,101,0.3290957783850899,0.03648262410164519,-0.016496772396253002,0.013751455488973883,-0.09162195150788181,0.021864032221086887,0.004356327655479701,0.018000616720510246,-0.0049873783001339244,0.05171109203654775,-0.08573591877409623,0.02702752688361062
9.1,outcome,LiuBecker_threat_anticipation,101,0.32457051531118997,0.03609006993034862,-0.014071341945026279,0.01385189306433937,-0.09137207700344503,0.02157302177129864,0.004713583116090611,0.01811167993178273,-0.0025766225058436775,0.052023593419210326,-0.0765991607597881,0.027303598437591975
9.2,outcome,LiuBecker_threat_anticipation,101,0.32110792652042114,0.03561542310744658,-0.01180618707857476,0.013995124478502414,-0.09267646347334603,0.02131485791929836,0.005515083045076967,0.018138867570282376,-0.0014185471568334059,0.052018782278312074,-0.06785244969096169,0.027587056408448045
9.3,outcome,LiuBecker_threat_anticipation,101,0.3173478927748723,0.03517639739161492,-0.010345901843796957,0.01422549477350975,-0.09449909091751783,0.021182342993682247,0.0066472927445492365,0.018085426544906254,-0.00030685930094138356,0.05176899682652871,-0.06120967852065985,0.02801874146086829
9.4,outcome,LiuBecker_threat_anticipation,101,0.31285326112129114,0.034891930496037595,-0.009346073750384319,0.01451146550351872,-0.0953360146761771,0.021054190204892933,0.006824823568495243,0.018007756805763307,-0.0002504721781221039,0.05132868673526605,-0.05494024745923863,0.028420768282636285
9.5,outcome,LiuBecker_threat_anticipation,101,0.3098154178410528,0.03465197116319712,-0.008532306107600439,0.014803644803632858,-0.0972006435210805,0.021011279739951243,0.007173718153577237,0.017909144441152977,-0.001358248974548434,0.05093593375936364,-0.04973723856274099,0.028753924468463313
9.6,outcome,LiuBecker_threat_anticipation,101,0.3069777686131223,0.03466987965374499,-0.008651107919637288,0.015114985299692775,-0.09948260507097242,0.02107224536772574,0.0077326055221060295,0.017886591377837407,-0.0024074220595804463,0.05030406948751577,-0.04546443490339476,0.02931551142542152
9.7,outcome,LiuBecker_threat_anticipation,101,0.3029914284471499,0.034796536453745724,-0.01011248202018291,0.01534563510175866,-0.10174493705677586,0.021126363673008863,0.008637582734343905,0.017806316466257306,-0.005284789934505471,0.04949697603734283,-0.04263001447848627,0.029723615947055627
9.8,outcome,LiuBecker_threat_anticipation,101,0.29791280713030466,0.03479712850058765,-0.011257039336936125,0.015528573196467652,-0.10317105981855793,0.021187812496979267,0.00997153449429055,0.01767882855524212,-0.008040464069869338,0.04881446818512953,-0.03904819991072822,0.030011372449301098
9.9,outcome,LiuBecker_threat_anticipation,101,0.29336650311042506,0.03471944219977839,-0.011917809630212647,0.015653776175476766,-0.10613515388265274,0.021223513643846253,0.010782946720066675,0.017562974989348196,-0.008265181465928195,0.048355397742512254,-0.03546695632728109,0.03033955565466112
10.0,outcome,LiuBecker_threat_anticipation,101,0.28847577295603155,0.03473429107299628,-0.012559851697102763,0.015716917312485913,-0.10918478358271572,0.02130689767945255,0.011555240578011217,0.017448207862259035,-0.01124930166881267,0.0475809982411294,-0.03325880011910154,0.030849556599909504
10.1,outcome,LiuBecker_threat_anticipation,101,0.28344830416433786,0.03480571333376657,-0.013459100157197163,0.015789090250801253,-0.11173263466636675,0.021452614680365918,0.012236245173888745,0.017369579730987683,-0.01494448934720434,0.04687446057085077,-0.031638044728978174,0.03145884400278621
10.2,outcome,LiuBecker_threat_anticipation,101,0.2778638701809455,0.03484686274781975,-0.01440216260289243,0.015802427481192156,-0.11431915244167276,0.02165605774262291,0.012552109664126494,0.0173796662209189,-0.01757442688282851,0.04608050011045591,-0.030592758270328136,0.03188268921641102
10.3,outcome,LiuBecker_threat_anticipation,101,0.27122176922592756,0.03495221952040439,-0.015096525823919047,0.015891681044271466,-0.11745313794778786,0.021805272206391498,0.012984187178675407,0.017321539289469473,-0.020441654139859187,0.045282126585893305,-0.03030712474613974,0.0323784945449388
10.4,outcome,LiuBecker_threat_anticipation,101,0.264605743656733,0.03511292319749011,-0.015590300471554694,0.015981060135023206,-0.12084958757327055,0.02207037029328809,0.013010321634909868,0.017284052784574948,-0.024593268903183422,0.04455545861567261,-0.03056138996014456,0.032788750814678407
10.5,outcome,LiuBecker_threat_anticipation,101,0.2576675909094137,0.035400642409234226,-0.016141617297755314,0.015917664934659296,-0.1228249486021426,0.0224294497597134,0.01276332779436273,0.017261013769975648,-0.029456842173531984,0.04409355489106657,-0.03150143451095012,0.033147934154663494
10.6,outcome,LiuBecker_threat_anticipation,101,0.2499773174404235,0.035630513661513555,-0.016361368454208353,0.015762274044316092,-0.12430469029939052,0.022820150525883712,0.013213324172522196,0.017246073657791624,-0.033682494593383246,0.04383758549514465,-0.031937075210559905,0.033305787815437686
10.7,outcome,LiuBecker_threat_anticipation,101,0.24274149169629036,0.03584107139854114,-0.01619028272210892,0.015636789437461135,-0.12575792525877047,0.023252866405606133,0.014214724208015783,0.017239192641149714,-0.039931595296962656,0.04384037507292675,-0.03153559800691325,0.03338254458139629
10.8,outcome,LiuBecker_threat_anticipation,101,0.23437848832107216,0.036097237695204724,-0.014910752213140378,0.015483902563118919,-0.12642315267605508,0.023629550452823004,0.01545364299898398,0.01716649137687228,-0.045685845882120255,0.044045600702416116,-0.02839963194558329,0.03341420417865529
10.9,outcome,LiuBecker_threat_anticipation,101,0.22548338565167142,0.03622933003571072,-0.013361934464642495,0.01530216396406853,-0.1271233070283955,0.024007359065786552,0.016308115468088767,0.017113796382721078,-0.0533341797076465,0.04431431054828078,-0.025395941995381654,0.03350660603766587
11.0,outcome,LiuBecker_threat_anticipation,101,0.21692853301969467,0.03638451700033309,-0.0126473488040609,0.015005115493368066,-0.12749734375911959,0.024371633286729814,0.01738901608321696,0.01713192214710411,-0.06150491490068562,0.04438026737114214,-0.024511924453789188,0.03352513233142145
11.1,outcome,LiuBecker_threat_anticipation,101,0.20844377199886802,0.03664086288868307,-0.012518293398145851,0.014758967665252377,-0.12717425922996448,0.024572554085652103,0.0185379345351507,0.017204444041889956,-0.07057868757177213,0.044422203492985674,-0.024833470861123624,0.033603551843670997
11.2,outcome,LiuBecker_threat_anticipation,101,0.2001795825008768,0.036734570596884356,-0.012929762189132072,0.014577394617893135,-0.1263208085851038,0.024720818968090096,0.020609268976630606,0.017442079970089217,-0.07969847293389719,0.04442685514008835,-0.026380453329988108,0.033713216992149325
11.3,outcome,LiuBecker_threat_anticipation,101,0.19296710562697003,0.03653096313792291,-0.013673719311495854,0.014370723047061225,-0.1255651703792508,0.024764734996271128,0.021975934001873147,0.017656864913662442,-0.08772176479323408,0.0446503176353603,-0.02907782375370995,0.03369625240424241
11.4,outcome,LiuBecker_threat_anticipation,101,0.18710639710499236,0.03623584459580547,-0.014218871727529985,0.014255399387754806,-0.12498875943419215,0.024769875217904837,0.02371825802878191,0.017830310196534624,-0.09772298782819626,0.044631572639682024,-0.03173560179235147,0.03363153065974161
11.5,outcome,LiuBecker_threat_anticipation,101,0.18222251319645896,0.03598612680082315,-0.014916219510327447,0.01414785950267834,-0.12449368788135326,0.024759744373112652,0.025737503734512262,0.018017915594648035,-0.10845106524082773,0.044888854255736535,-0.034757722822652326,0.03351049692211959
11.6,outcome,LiuBecker_threat_anticipation,101,0.1786008271668084,0.03557353033299749,-0.015055681252533206,0.014096877043164825,-0.12354228108955861,0.02458182668381723,0.02725317398578081,0.018134986624503153,-0.11836762554914927,0.045370238452007834,-0.03666596295502399,0.03330485780175392
11.7,outcome,LiuBecker_threat_anticipation,101,0.17433421955695,0.03504559924268506,-0.015341014637283417,0.014142606192495138,-0.12326350838908579,0.02435027719118201,0.02901043336793855,0.018164661924242976,-0.12894677467654633,0.04590935282267173,-0.03815926991590771,0.0331978679482287
11.8,outcome,LiuBecker_threat_anticipation,101,0.17027852639315016,0.03463334436656209,-0.015103690443052712,0.014259921045599859,-0.12310425667858187,0.024184094822334176,0.030923519323521297,0.018197640437984067,-0.14168270244385875,0.04628831389015815,-0.03828168036865434,0.03312754389907393
11.9,outcome,LiuBecker_threat_anticipation,101,0.16605602285718057,0.03413201142192365,-0.014734905461466918,0.014292498788661855,-0.12233479263835138,0.023927861916625444,0.03247264627591908,0.018179731708162124,-0.1528468796697627,0.04669384170913456,-0.03831573321360839,0.03291505019090681
12.0,outcome,LiuBecker_threat_anticipation,101,0.16224466625278838,0.03361550341382405,-0.015137301723399568,0.014304907000489933,-0.12228213045003788,0.023796107848449797,0.03422888371597315,0.018218383253949966,-0.1637767303575404,0.04740149897045754,-0.04101049225480822,0.03276907193173027
12.1,outcome,LiuBecker_threat_anticipation,101,0.15775928198235864,0.03305065416625206,-0.016177510122296093,0.014302387254311372,-0.12129533233585765,0.023670561945371198,0.03650576673406434,0.018243463620022927,-0.17298283017915017,0.047792757376709856,-0.04574662490495657,0.03261321523444956
12.2,outcome,LiuBecker_threat_anticipation,101,0.15391301048682374,0.0324663405698389,-0.017457297396300378,0.014401003806706628,-0.12033074983441937,0.023498905305816848,0.03817757144944295,0.018254079924709853,-0.1823189542782003,0.04761425808453188,-0.04983411665703943,0.03242647932122008
12.3,outcome,LiuBecker_threat_anticipation,101,0.15161751074443697,0.03227863559708104,-0.017485233062691476,0.014759815512365554,-0.11996739984973132,0.02324407405161423,0.039899808600038875,0.018287307986572344,-0.1947552561672041,0.04706830070236062,-0.051664168578501285,0.032250464913668654
12.4,outcome,LiuBecker_threat_anticipation,101,0.149464976629914,0.031801588174020616,-0.017835735088308564,0.014881742185297732,-0.12066494650515704,0.022879554799956583,0.0410851078177345,0.01824902995651183,-0.20817171326621162,0.04706927083189784,-0.0535995811114083,0.031891416191196995
12.5,outcome,LiuBecker_threat_anticipation,101,0.1475044421006701,0.03150912582283923,-0.01831855965367654,0.015034489244959466,-0.12276871738504481,0.022499913395618725,0.04229844152673902,0.0180969918696938,-0.22655235960975284,0.0468306580347165,-0.0562973080593625,0.0316591218190081
12.6,outcome,LiuBecker_threat_anticipation,101,0.14432475485033314,0.03127877126718654,-0.01902019966733878,0.015137816745516348,-0.1252807231362793,0.022184549568192814,0.04404742105896338,0.017924404436940485,-0.2428435896079748,0.04646735772064426,-0.058906866925209224,0.03133793362457644
12.7,outcome,LiuBecker_threat_anticipation,101,0.1406543439089565,0.03108108263388067,-0.020043971919568755,0.015180894438700852,-0.12728306612002838,0.02190048466385525,0.044800385515237906,0.017792276178603326,-0.25925761527935265,0.04608689953111371,-0.06207743059355773,0.030938930034154297
12.8,outcome,LiuBecker_threat_anticipation,101,0.13701664386777287,0.03110566948018891,-0.021602497951564617,0.015274622474944384,-0.1291239644861704,0.02180826847451063,0.045165897439037477,0.017734237259876422,-0.27500333960381734,0.0458309791798258,-0.06468246365735457,0.03063060417353039
12.9,outcome,LiuBecker_threat_anticipation,101,0.132843068776256,0.031233293737862843,-0.02389098002715401,0.015354300417681318,-0.1302776267040984,0.021706989759382934,0.04548736869335391,0.01773331281099077,-0.29154768265107267,0.045783591691596674,-0.06864563744968274,0.030386553862037338
13.0,outcome,LiuBecker_threat_anticipation,101,0.12926988451331622,0.03133372329892683,-0.025854528960702745,0.01541900899859744,-0.13147300100493806,0.02151404458185806,0.04555192290822149,0.017776434094232848,-0.30732533942316154,0.046067709548286435,-0.0717670195388682,0.03014289894639427
13.1,outcome,LiuBecker_threat_anticipation,101,0.12674193118276228,0.03137787545062616,-0.027772043371239293,0.01554115894401956,-0.13389136837334037,0.02140487500423815,0.045585551986316815,0.01788963895277773,-0.32360278042206453,0.04666359705493133,-0.0747899105025302,0.029853856853351173
13.2,outcome,LiuBecker_threat_anticipation,101,0.12472134848019226,0.03157521017097461,-0.02892992540504203,0.015653487884274564,-0.13646693859725903,0.021401445564901905,0.04541054648975688,0.018008439245742608,-0.3383930976251059,0.04692324251610286,-0.07674851374627448,0.02945480905198886
13.3,outcome,LiuBecker_threat_anticipation,101,0.12307448866950205,0.031783407565713524,-0.030011962217043105,0.0157970216298915,-0.13885148682396728,0.021473682955682832,0.04511850312393269,0.018060089564348784,-0.3533759089201959,0.04709478905055133,-0.07714642676422448,0.029177918234611782
13.4,outcome,LiuBecker_threat_anticipation,101,0.12184094962560893,0.03195487549533305,-0.030886370092509025,0.015812122941846484,-0.14146325155998943,0.021619062994704286,0.045311393502777075,0.018192557741821023,-0.36635849929278325,0.047330606739322545,-0.07672645510437147,0.02879530915193924
13.5,outcome,LiuBecker_threat_anticipation,101,0.11932344868725857,0.031888059943185686,-0.030550699641062565,0.01581743898414922,-0.1438105668875778,0.021719513319073968,0.04611329056323773,0.018310166378198277,-0.37620814179359485,0.04744758513425793,-0.0759432279788011,0.028373597902326807
13.6,outcome,LiuBecker_threat_anticipation,101,0.11756298203451837,0.03186220447478865,-0.030860093913646715,0.015889264367613457,-0.14676589617706406,0.02181650230536198,0.04675884674497792,0.01838395249905119,-0.38496032640666267,0.04777305530388062,-0.07520229425519263,0.02813414365393594
13.7,outcome,LiuBecker_threat_anticipation,101,0.11184963551082566,0.0320008629587394,-0.03173287451257569,0.016158323291856454,-0.14809582730106757,0.021857222881963678,0.04411563414424533,0.0187177816123908,-0.38793442005918805,0.04795796366535497,-0.07504151612057158,0.028000408569660528
13.8,outcome,LiuBecker_threat_anticipation,101,0.109625600184229,0.031929534435599656,-0.031128404953414925,0.016272495013601566,-0.14882566451079865,0.02206514823237956,0.04491311396115047,0.01864962099289356,-0.388737230045079,0.047710386096979446,-0.07316962232308398,0.027986249073184526
13.9,outcome,LiuBecker_threat_anticipation,101,0.1073446100275412,0.031958181890548644,-0.029874488404004574,0.01640282614313384,-0.15009413184504594,0.022298394655152844,0.04604323792847457,0.018463806517127188,-0.3898184987763069,0.047147324852835265,-0.06909343902645834,0.027994820766489154
14.0,outcome,LiuBecker_threat_anticipation,101,0.10550699552305826,0.03194086511490841,-0.0288511506385265,0.016462140783914125,-0.1515736887928971,0.022413467376738473,0.04715656754960605,0.01823490366326507,-0.3898993368431366,0.04653917350120568,-0.06560092223805299,0.027955501335466617
14.1,outcome,LiuBecker_threat_anticipation,101,0.10387585162812155,0.03199189116603484,-0.02783997518500271,0.01653180254174868,-0.15331234888641548,0.02253436165341834,0.04925146991042746,0.01795672897067811,-0.388512960977683,0.04597988994428533,-0.06252590286542395,0.02787386786821614
14.2,outcome,LiuBecker_threat_anticipation,101,0.10188175044301641,0.0319889756160936,-0.027056501236027142,0.01658871996286527,-0.15607709898636157,0.02274004418155651,0.05122111306561717,0.017673223746773666,-0.3855865931821843,0.04550430093543655,-0.059431573546227405,0.027777034788761264
14.3,outcome,LiuBecker_threat_anticipation,101,0.10010773886687158,0.03195946970447396,-0.026177558334364012,0.016543853464284778,-0.15772279703207667,0.022856138989566382,0.05298869092480646,0.017378721602601347,-0.38120559856280284,0.04499952467370682,-0.057047964965961116,0.027721594065214367
14.4,outcome,LiuBecker_threat_anticipation,101,0.09846325185561855,0.03191109285826757,-0.026003319329235847,0.01650248685472241,-0.15924639378014968,0.022894158920781855,0.054956914216997665,0.017147814913399534,-0.3771499811172721,0.04475487222162847,-0.055764225055481044,0.027763617400805966
14.5,outcome,LiuBecker_threat_anticipation,101,0.09602703544937223,0.03179388588415798,-0.02611242459412704,0.016477748310775423,-0.16096721121267588,0.022829791132207893,0.05684752745488413,0.016976165988190222,-0.37330355493657436,0.04484086043818359,-0.05516145555994076,0.02782595388949237
14.6,outcome,LiuBecker_threat_anticipation,101,0.09134666763180574,0.03152795065286313,-0.02577112399596758,0.016572933937944935,-0.16169851765867366,0.02266897800575416,0.0581964206144188,0.016767103967962632,-0.3780433937301308,0.04540535399123722,-0.053885003090427624,0.028024202363917033
14.7,outcome,LiuBecker_threat_anticipation,101,0.09032733345802205,0.031466705350453324,-0.02587917663289178,0.016505032755772028,-0.16483659642992615,0.022496385659376575,0.0590480879835517,0.016562769248521982,-0.380526399438614,0.04522464801422564,-0.05436393560638568,0.028177829693520087
14.8,outcome,LiuBecker_threat_anticipation,101,0.0892091777549946,0.031314163398099816,-0.025841198936238437,0.01640528121577973,-0.16724070150459935,0.02243637585530987,0.060080291732522474,0.01644086804571544,-0.3854596836147506,0.045127734856102664,-0.055007759042003126,0.028301961720114593
14.9,outcome,LiuBecker_threat_anticipation,101,0.08872905572920176,0.031202273032175064,-0.02561745553672232,0.016339154706072754,-0.17049798090670434,0.022400580498674633,0.0604612700930893,0.016307262422424366,-0.3896929654100939,0.04528450336848725,-0.05635743241305909,0.02845200715776312
15.0,outcome,LiuBecker_threat_anticipation,101,0.08672124942434331,0.031372955248150515,-0.02627908904195277,0.01631848005286158,-0.17333621248764577,0.022422043175175054,0.06075579768000025,0.01624766516642717,-0.39407427955768887,0.04565656821662137,-0.05841501654620373,0.028378129214560763
15.1,outcome,LiuBecker_threat_anticipation,101,0.08470627658513553,0.03146967203768437,-0.027167216512967805,0.016146137600843814,-0.17477390165994638,0.02240972643931487,0.060047592229983626,0.01627205103526606,-0.3966680349515012,0.04585497438333868,-0.06107673858357551,0.028227365114146512
15.2,outcome,LiuBecker_threat_anticipation,101,0.08196246064300287,0.031611076551507536,-0.028247753623744664,0.01601954415784916,-0.1757540000207635,0.022410850812229918,0.05949405274759207,0.016336060444795405,-0.39814313358907644,0.04583950479963444,-0.06528172871954897,0.028009970349544274
15.3,outcome,LiuBecker_threat_anticipation,101,0.07753635910674828,0.03181006139219205,-0.02817481225232683,0.015899417142242054,-0.1762783260600674,0.022490953781934067,0.05991472666966396,0.01635924628463268,-0.39777290790185094,0.0459813737030659,-0.06823811534701463,0.027774578785210807
15.4,outcome,LiuBecker_threat_anticipation,101,0.0730572005047844,0.03207288729224587,-0.02771899833864844,0.01583786663689424,-0.1774176419193167,0.022478629268715695,0.05992333208476232,0.016373638744383554,-0.3996126122090373,0.04604897010283127,-0.07040555342086972,0.027525522606380935
15.5,outcome,LiuBecker_threat_anticipation,101,0.06844182803082406,0.032242191430381054,-0.02894821523558747,0.015768044531796383,-0.1754951219756609,0.02236068181166054,0.060244344876007286,0.016411755284870287,-0.39814619337515983,0.04622883012142039,-0.07165394105678498,0.027304931069044847
15.6,outcome,LiuBecker_threat_anticipation,101,0.06429138944515596,0.03241337366861429,-0.02847537401178507,0.015781828015084837,-0.17679996115511487,0.022423034751651114,0.06042253898375234,0.016429071875485195,-0.3951078383169656,0.04641377266404295,-0.07214447911072708,0.02710771151697106
15.7,outcome,LiuBecker_threat_anticipation,101,0.061740162561420016,0.03270761540669332,-0.0277106254332136,0.015810743507496283,-0.17875965892014764,0.022519194704002744,0.06046488555537825,0.016461401760720914,-0.38915313578227234,0.04643511824472964,-0.07197248122393513,0.02693648313794976
15.8,outcome,LiuBecker_threat_anticipation,101,0.06007158169912043,0.03301697664164801,-0.02744370176693569,0.01581861467564106,-0.18067535968547344,0.022696736284503957,0.06028388096857265,0.016579251553882148,-0.38332043170992547,0.046447679194443,-0.0719781262542607,0.026913590917983846
15.9,outcome,LiuBecker_threat_anticipation,101,0.057237517945810445,0.033391288787665487,-0.02915710555039259,0.0158889503389998,-0.18177743724848303,0.022966363587606894,0.06023531823543442,0.016731171208241614,-0.3706254890604148,0.046290337774289494,-0.07340061988749885,0.027036548926362477
16.0,outcome,LiuBecker_threat_anticipation,101,0.05431664927886992,0.033891338285753,-0.03200654897146793,0.01593135721475217,-0.18254023915773407,0.023192147266384616,0.05936160038199352,0.01690005274753708,-0.3534280283526137,0.04613013642187862,-0.07491998777418409,0.02722915112119676
