subject,regressor,region,mean_beta
RDC102,_c0,ce,-3.4225992233915223e-07
RDC102,_c0,bst,-9.841559887408583e-08
RDC104,_c0,ce,1.2057741899816168e-06
RDC104,_c0,bst,-1.216280949365885e-06
RDC105,_c0,ce,1.3703445197927403e-06
RDC105,_c0,bst,-1.3539376792270468e-06
RDC106,_c0,ce,-9.443308516170425e-06
RDC106,_c0,bst,-2.207158056431799e-05
RDC107,_c0,ce,2.172995579252615e-06
RDC107,_c0,bst,-3.353201043140952e-06
RDC109,_c0,ce,2.480544407939547e-06
RDC109,_c0,bst,1.784021331191517e-06
RDC110,_c0,ce,8.295136442530511e-07
RDC110,_c0,bst,3.76336351076259e-07
RDC111,_c0,ce,-1.528262632008371e-05
RDC111,_c0,bst,-6.371987926826924e-05
RDC113,_c0,ce,1.866419185227141e-06
RDC113,_c0,bst,-2.1207099232302286e-06
RDC116,_c0,ce,-5.125585319375544e-07
RDC116,_c0,bst,-1.2067636311869505e-06
RDC117,_c0,ce,-7.715265584554908e-06
RDC117,_c0,bst,-8.273955900675023e-06
RDC120,_c0,ce,-9.961463048779305e-07
RDC120,_c0,bst,-3.9706748861373735e-07
RDC125,_c0,ce,5.3600272435668516e-05
RDC125,_c0,bst,4.3931723212219715e-05
RDC126,_c0,ce,-7.212763911409109e-07
RDC126,_c0,bst,-2.534705217736355e-07
RDC127,_c0,ce,5.1033770617965e-07
RDC127,_c0,bst,-3.9460221023639517e-07
RDC128,_c0,ce,1.8123194524219614e-05
RDC128,_c0,bst,-4.166649769625653e-05
RDC129,_c0,ce,-4.753566268308863e-05
RDC129,_c0,bst,-3.106939371480271e-05
RDC130,_c0,ce,-1.0081174383735323e-06
RDC130,_c0,bst,-9.987998648407003e-07
RDC131,_c0,ce,-8.042661993713101e-07
RDC131,_c0,bst,-5.676476853785071e-07
RDC132,_c0,ce,-5.329707650546815e-06
RDC132,_c0,bst,-3.9836940489599756e-05
RDC133,_c0,ce,8.699454776666842e-06
RDC133,_c0,bst,4.62918568939379e-06
RDC134,_c0,ce,-3.460358818655703e-07
RDC134,_c0,bst,2.9467345523377684e-06
RDC136,_c0,ce,-4.820918555206951e-06
RDC136,_c0,bst,4.011448627931028e-07
RDC137,_c0,ce,7.990155851109761e-07
RDC137,_c0,bst,-1.0448587162167001e-06
RDC138,_c0,ce,-7.148342329226242e-08
RDC138,_c0,bst,1.7398571513369378e-06
RDC139,_c0,ce,-1.2619640761988444e-06
RDC139,_c0,bst,3.342869586412036e-06
RDC141,_c0,ce,-1.6329549854227981e-06
RDC141,_c0,bst,-3.835281808547541e-06
RDC143,_c0,ce,-4.457082082307719e-07
RDC143,_c0,bst,-1.75840430027736e-07
RDC144,_c0,ce,1.314177070512005e-06
RDC144,_c0,bst,1.3376043460591587e-06
RDC145,_c0,ce,-8.891087806105703e-07
RDC145,_c0,bst,5.067479805718912e-06
RDC146,_c0,ce,2.9761678973826834e-07
RDC146,_c0,bst,6.095123541707093e-07
RDC147,_c0,ce,-3.907585971046944e-06
RDC147,_c0,bst,-2.289180266794647e-06
RDC152,_c0,ce,-1.9249069876108285e-06
RDC152,_c0,bst,-3.0497107835536483e-06
RDC153,_c0,ce,-1.3770709120189656e-06
RDC153,_c0,bst,1.4798880362463646e-06
RDC154,_c0,ce,-1.3067256341700798e-07
RDC154,_c0,bst,1.0048779355995835e-06
RDC156,_c0,ce,4.82723857226108e-06
RDC156,_c0,bst,-4.5532597219758006e-07
RDC157,_c0,ce,-2.233964815009025e-06
RDC157,_c0,bst,-1.9773969111652836e-05
RDC159,_c0,ce,5.112521752938218e-07
RDC159,_c0,bst,1.3745153584593648e-07
RDC161,_c0,ce,-1.6785026177427505e-07
RDC161,_c0,bst,1.3518046186445406e-06
RDC164,_c0,ce,-2.6803700338531433e-06
RDC164,_c0,bst,-7.970545458734005e-06
RDC165,_c0,ce,-3.5458449199626753e-07
RDC165,_c0,bst,-1.842956056595337e-06
RDC167,_c0,ce,2.992959857391142e-06
RDC167,_c0,bst,1.2983399828492806e-05
RDC171,_c0,ce,-2.413730911360548e-05
RDC171,_c0,bst,2.8707463204670483e-05
RDC172,_c0,ce,6.619862618400539e-06
RDC172,_c0,bst,6.685568542545628e-06
RDC174,_c0,ce,-1.0372174041621218e-05
RDC174,_c0,bst,-1.2970905956420205e-05
RDC175,_c0,ce,-4.480499197150448e-06
RDC175,_c0,bst,1.1328339310605052e-06
RDC176,_c0,ce,2.5284676948239865e-05
RDC176,_c0,bst,8.974375514206932e-05
RDC177,_c0,ce,-6.8714979138456325e-06
RDC177,_c0,bst,4.081037261748527e-06
RDC178,_c0,ce,6.271063955712337e-07
RDC178,_c0,bst,1.3386215394795274e-05
RDC180,_c0,ce,3.758084256407557e-07
RDC180,_c0,bst,-1.1647678115581685e-07
RDC183,_c0,ce,-1.9084827930121526e-07
RDC183,_c0,bst,1.123842008637108e-07
RDC184,_c0,ce,-5.788170506312422e-06
RDC184,_c0,bst,5.213197528963507e-05
RDC186,_c0,ce,4.806309786979105e-07
RDC186,_c0,bst,-3.8868163891847326e-07
RDC189,_c0,ce,8.00157895056671e-06
RDC189,_c0,bst,-2.070596072452138e-05
RDC190,_c0,ce,-2.0229046798002376e-06
RDC190,_c0,bst,4.004838396221188e-06
RDC192,_c0,ce,3.7377797674759237e-06
RDC192,_c0,bst,8.145364681555857e-07
RDC193,_c0,ce,7.408941826114839e-05
RDC193,_c0,bst,3.379027785654291e-05
RDC195,_c0,ce,9.721778119716405e-08
RDC195,_c0,bst,1.3041478752601787e-06
RDC196,_c0,ce,6.906025256183538e-09
RDC196,_c0,bst,4.68463401531582e-07
RDC198,_c0,ce,3.954832947665485e-06
RDC198,_c0,bst,-2.7455597397732578e-05
RDC200,_c0,ce,1.3015377118271612e-06
RDC200,_c0,bst,8.082293991752932e-07
RDC202,_c0,ce,3.2670523391223184e-07
RDC202,_c0,bst,-2.1491452785733083e-06
RDC203,_c0,ce,2.0047438507180497e-05
RDC203,_c0,bst,-3.5102523168037147e-06
RDC204,_c0,ce,3.2000787675622915e-07
RDC204,_c0,bst,1.1758263639798664e-06
RDC207,_c0,ce,3.635471267595799e-06
RDC207,_c0,bst,1.300833633280728e-05
RDC208,_c0,ce,-4.826876447182521e-06
RDC208,_c0,bst,-7.034488161775868e-06
RDC209,_c0,ce,5.193620435392478e-07
RDC209,_c0,bst,1.060699815704041e-06
RDC210,_c0,ce,9.867178247090257e-07
RDC210,_c0,bst,6.425949000305085e-06
RDC211,_c0,ce,-9.202565811978002e-08
RDC211,_c0,bst,-3.270839577369343e-08
RDC212,_c0,ce,-2.4069928093836107e-06
RDC212,_c0,bst,-2.302813467090891e-06
RDC213,_c0,ce,-6.353361007852348e-06
RDC213,_c0,bst,2.5170055841577084e-06
RDC214,_c0,ce,1.741016713345153e-05
RDC214,_c0,bst,-1.3895959003273943e-05
RDC216,_c0,ce,1.6343246031489092e-06
RDC216,_c0,bst,9.543834176600301e-06
RDC217,_c0,ce,-3.821250910156053e-05
RDC217,_c0,bst,-1.4604348755373413e-05
RDC220,_c0,ce,-3.898179791438075e-05
RDC220,_c0,bst,-5.929973534872778e-05
RDC221,_c0,ce,9.02847427657669e-06
RDC221,_c0,bst,-6.50688937271637e-06
RDC222,_c0,ce,-3.131454525753913e-07
RDC222,_c0,bst,-3.7994636651887985e-07
RDC225,_c0,ce,1.7576032557759122e-06
RDC225,_c0,bst,5.955120973141999e-06
RDC226,_c0,ce,-6.913039781047415e-07
RDC226,_c0,bst,1.128758948619924e-06
RDC227,_c0,ce,-5.75514964773501e-07
RDC227,_c0,bst,-4.730878514769662e-07
RDC228,_c0,ce,3.297164542046697e-05
RDC228,_c0,bst,-8.064557444484684e-05
RDC229,_c0,ce,-1.8733696410507633e-06
RDC229,_c0,bst,7.383794652333586e-06
RDC230,_c0,ce,-1.2260127656586086e-06
RDC230,_c0,bst,2.136993489957677e-06
RDC231,_c0,ce,-3.2122199420518654e-05
RDC231,_c0,bst,-5.3891815380047684e-05
RDC232,_c0,ce,5.999371987943209e-05
RDC232,_c0,bst,6.818616485964125e-05
RDC233,_c0,ce,5.417576915687332e-05
RDC233,_c0,bst,-5.0249081978579e-05
RDC234,_c0,ce,-4.9067856267379256e-05
RDC234,_c0,bst,0.000129923540636782
RDC235,_c0,ce,-7.60876308627005e-05
RDC235,_c0,bst,6.858474146254709e-05
RDC236,_c0,ce,-3.251417781486054e-08
RDC236,_c0,bst,-1.745930706670037e-07
RDC237,_c0,ce,-1.4649377806772893e-05
RDC237,_c0,bst,-2.802617831345871e-06
RDC238,_c0,ce,6.313117833661894e-08
RDC238,_c0,bst,7.375273812723185e-07
RDC243,_c0,ce,9.240454929388478e-07
RDC243,_c0,bst,2.0107055002670823e-06
RDC244,_c0,ce,4.372336960770394e-05
RDC244,_c0,bst,2.808277793726529e-05
RDC246,_c0,ce,2.255873931147244e-05
RDC246,_c0,bst,-1.8931951246261775e-05
RDC247,_c0,ce,2.6035994256628916e-05
RDC247,_c0,bst,-6.637923652504374e-05
RDC248,_c0,ce,2.3064799404162933e-05
RDC248,_c0,bst,-3.233907857464263e-05
RDC249,_c0,ce,-2.3524576808456224e-05
RDC249,_c0,bst,6.0807557547582085e-06
RDC250,_c0,ce,-1.2111548856303076e-06
RDC250,_c0,bst,-3.940846273370954e-06
RDC259,_c0,ce,-4.687633373591409e-07
RDC259,_c0,bst,7.264575294096979e-08
RDC261,_c0,ce,8.852574486766465e-08
RDC261,_c0,bst,7.824059726318084e-08
RDC263,_c0,ce,1.6043772229864234e-06
RDC263,_c0,bst,3.0309626921907836e-06
RDC102,a010_c0,ce,-0.6864596640086588
RDC102,a010_c0,bst,0.1639062336333622
RDC104,a010_c0,ce,-0.06604762072829715
RDC104,a010_c0,bst,1.646397536552619
RDC105,a010_c0,ce,-0.06752893344368922
RDC105,a010_c0,bst,-0.0806154382856849
RDC106,a010_c0,ce,-0.5274113591075072
RDC106,a010_c0,bst,-1.1776311081273407
RDC107,a010_c0,ce,-0.9634025302511652
RDC107,a010_c0,bst,-1.3665985169348074
RDC109,a010_c0,ce,-0.6201030139434894
RDC109,a010_c0,bst,2.200152690761483
RDC110,a010_c0,ce,-1.101981671894513
RDC110,a010_c0,bst,0.2614747079020016
RDC111,a010_c0,ce,-0.09253486975792162
RDC111,a010_c0,bst,0.32065206017442693
RDC113,a010_c0,ce,-0.39196311327865063
RDC113,a010_c0,bst,0.5933753811379773
RDC116,a010_c0,ce,-0.5679329527521711
RDC116,a010_c0,bst,-0.04763443630330966
RDC117,a010_c0,ce,-0.10112054088996028
RDC117,a010_c0,bst,1.02992437144857
RDC120,a010_c0,ce,-1.604294345291111
RDC120,a010_c0,bst,-1.0411053296341657
RDC125,a010_c0,ce,1.20863271903408
RDC125,a010_c0,bst,-1.1907455595200733
RDC126,a010_c0,ce,-0.8076463552277711
RDC126,a010_c0,bst,-0.8745111119297073
RDC127,a010_c0,ce,-0.12487972534600511
RDC127,a010_c0,bst,0.4614910770521882
RDC128,a010_c0,ce,0.0914863352103275
RDC128,a010_c0,bst,-0.6785964921596296
RDC129,a010_c0,ce,-0.1017612134912744
RDC129,a010_c0,bst,0.20687932646588958
RDC130,a010_c0,ce,-0.9501158570751439
RDC130,a010_c0,bst,-1.2690364256677222
RDC131,a010_c0,ce,-0.31396210417884185
RDC131,a010_c0,bst,-1.4718212415847345
RDC132,a010_c0,ce,1.325689275633012
RDC132,a010_c0,bst,-0.036493275174979946
RDC133,a010_c0,ce,1.399716737879379
RDC133,a010_c0,bst,0.30360585596611434
RDC134,a010_c0,ce,0.6870999035926242
RDC134,a010_c0,bst,0.33120060852382704
RDC136,a010_c0,ce,0.2770330191635201
RDC136,a010_c0,bst,0.27442546930778944
RDC137,a010_c0,ce,-0.6367774681436715
RDC137,a010_c0,bst,0.11269970174526929
RDC138,a010_c0,ce,-0.13873039695575273
RDC138,a010_c0,bst,0.26909718191383275
RDC139,a010_c0,ce,0.29233487285376336
RDC139,a010_c0,bst,-0.6503424752177663
RDC141,a010_c0,ce,-0.6360851065180038
RDC141,a010_c0,bst,-0.8375399406800138
RDC143,a010_c0,ce,0.34481489415852495
RDC143,a010_c0,bst,0.1680177613773779
RDC144,a010_c0,ce,-0.5867470615724556
RDC144,a010_c0,bst,-0.907232565481109
RDC145,a010_c0,ce,-0.2996347811863688
RDC145,a010_c0,bst,0.11393110615389397
RDC146,a010_c0,ce,-0.31829419458235303
RDC146,a010_c0,bst,-0.34428469201864137
RDC147,a010_c0,ce,1.2690094772363196
RDC147,a010_c0,bst,0.3547889098487065
RDC152,a010_c0,ce,-0.3592018292456335
RDC152,a010_c0,bst,0.14556219902931847
RDC153,a010_c0,ce,-0.8291835101857705
RDC153,a010_c0,bst,-2.0462065867815387
RDC154,a010_c0,ce,-0.04360022466409382
RDC154,a010_c0,bst,-0.08474029332957926
RDC156,a010_c0,ce,-1.1220737143223196
RDC156,a010_c0,bst,0.9074471980699329
RDC157,a010_c0,ce,-0.03207911965662909
RDC157,a010_c0,bst,0.22253675827005584
RDC159,a010_c0,ce,0.3444619167994469
RDC159,a010_c0,bst,1.0720023907404443
RDC161,a010_c0,ce,-0.41582109438076986
RDC161,a010_c0,bst,-0.25763694645744384
RDC164,a010_c0,ce,0.6759716041001579
RDC164,a010_c0,bst,-0.08588678930207043
RDC165,a010_c0,ce,-1.5038659763053002
RDC165,a010_c0,bst,-0.6856507500636712
RDC167,a010_c0,ce,0.40864680230647243
RDC167,a010_c0,bst,0.42742224033785275
RDC171,a010_c0,ce,-0.057445629659433776
RDC171,a010_c0,bst,0.03837460429756593
RDC172,a010_c0,ce,-0.11766325601659715
RDC172,a010_c0,bst,-1.337464205080707
RDC174,a010_c0,ce,-1.4414637448023617
RDC174,a010_c0,bst,-0.6516287012658529
RDC175,a010_c0,ce,0.8369331082016522
RDC175,a010_c0,bst,2.0682425824380464
RDC176,a010_c0,ce,-0.7693258124636707
RDC176,a010_c0,bst,-0.7927214885996547
RDC177,a010_c0,ce,-2.000392312603511
RDC177,a010_c0,bst,1.7438338004542289
RDC178,a010_c0,ce,-0.9341015231737293
RDC178,a010_c0,bst,-0.7573302147479422
RDC180,a010_c0,ce,-1.0139890037381745
RDC180,a010_c0,bst,0.38840023883570857
RDC183,a010_c0,ce,1.5571833884469701
RDC183,a010_c0,bst,-1.1610739601459557
RDC184,a010_c0,ce,-1.6115619119353348
RDC184,a010_c0,bst,-0.9222714167672909
RDC186,a010_c0,ce,0.9558565746076617
RDC186,a010_c0,bst,0.32236799380836106
RDC189,a010_c0,ce,-0.7695152923472582
RDC189,a010_c0,bst,-0.5121019243596117
RDC190,a010_c0,ce,-0.41788090657084576
RDC190,a010_c0,bst,-2.2226970088266764
RDC192,a010_c0,ce,-0.25134780034138343
RDC192,a010_c0,bst,-0.8589832309113908
RDC193,a010_c0,ce,-0.36485907979979765
RDC193,a010_c0,bst,-0.6689522306896362
RDC195,a010_c0,ce,-0.45318400956753224
RDC195,a010_c0,bst,-0.4220386320299215
RDC196,a010_c0,ce,-0.2005267223634371
RDC196,a010_c0,bst,-0.9807198906578497
RDC198,a010_c0,ce,0.47814793889480245
RDC198,a010_c0,bst,1.0116434338661389
RDC200,a010_c0,ce,-0.5286397057035773
RDC200,a010_c0,bst,-0.6667216756214888
RDC202,a010_c0,ce,-0.5965632544696763
RDC202,a010_c0,bst,0.9752838811777943
RDC203,a010_c0,ce,-0.43717038162870325
RDC203,a010_c0,bst,-0.5815537735864829
RDC204,a010_c0,ce,-0.5249949946819591
RDC204,a010_c0,bst,-0.3645848164993706
RDC207,a010_c0,ce,0.2837620265455352
RDC207,a010_c0,bst,1.1342432349789706
RDC208,a010_c0,ce,0.7322027945810691
RDC208,a010_c0,bst,0.5736584827681874
RDC209,a010_c0,ce,0.07659532682281653
RDC209,a010_c0,bst,0.15401410443600297
RDC210,a010_c0,ce,0.14767542853941612
RDC210,a010_c0,bst,1.1168543862695932
RDC211,a010_c0,ce,-0.308523210381807
RDC211,a010_c0,bst,-0.6297144955468886
RDC212,a010_c0,ce,-0.2777034056707469
RDC212,a010_c0,bst,-0.04323463847080392
RDC213,a010_c0,ce,0.017735541533725637
RDC213,a010_c0,bst,0.011876768593769071
RDC214,a010_c0,ce,0.8610602816857675
RDC214,a010_c0,bst,0.0060826504307027
RDC216,a010_c0,ce,-0.6090321024544042
RDC216,a010_c0,bst,-1.627916730999709
RDC217,a010_c0,ce,-0.6418727330369515
RDC217,a010_c0,bst,0.4265355520450818
RDC220,a010_c0,ce,-0.26690838276468587
RDC220,a010_c0,bst,0.037034339930544835
RDC221,a010_c0,ce,-0.38695723544571436
RDC221,a010_c0,bst,-0.26060583031809376
RDC222,a010_c0,ce,-0.1864376775487775
RDC222,a010_c0,bst,-1.8527491839278865
RDC225,a010_c0,ce,0.13537963179924742
RDC225,a010_c0,bst,-1.1940106356558529
RDC226,a010_c0,ce,-0.0743309950952506
RDC226,a010_c0,bst,-0.6602258339429433
RDC227,a010_c0,ce,0.4514453750486859
RDC227,a010_c0,bst,-0.1994434861697747
RDC228,a010_c0,ce,0.7698201881062495
RDC228,a010_c0,bst,0.3096676975795582
RDC229,a010_c0,ce,0.8772006996179964
RDC229,a010_c0,bst,-2.4189995890663805
RDC230,a010_c0,ce,-0.3663732333966696
RDC230,a010_c0,bst,-0.30959648237476206
RDC231,a010_c0,ce,0.22761912454337754
RDC231,a010_c0,bst,0.5515560321625103
RDC232,a010_c0,ce,-0.8700916137199911
RDC232,a010_c0,bst,0.33155483707822103
RDC233,a010_c0,ce,0.45867650767264345
RDC233,a010_c0,bst,0.386827989038437
RDC234,a010_c0,ce,1.2524595638252272
RDC234,a010_c0,bst,-0.812072034578737
RDC235,a010_c0,ce,-0.42980289309467845
RDC235,a010_c0,bst,0.6144887981911641
RDC236,a010_c0,ce,-1.1061208208067945
RDC236,a010_c0,bst,-1.01607018092992
RDC237,a010_c0,ce,0.3997838412060341
RDC237,a010_c0,bst,0.018531030043689167
RDC238,a010_c0,ce,-0.15398959439329152
RDC238,a010_c0,bst,-1.8570163196214633
RDC243,a010_c0,ce,-0.7932937589709801
RDC243,a010_c0,bst,0.6774511137783686
RDC244,a010_c0,ce,-0.03140417003432786
RDC244,a010_c0,bst,0.3836718261929282
RDC246,a010_c0,ce,-0.00992503745799919
RDC246,a010_c0,bst,0.04565752806327058
RDC247,a010_c0,ce,0.3562939192074954
RDC247,a010_c0,bst,1.4051584086835398
RDC248,a010_c0,ce,-0.09461377733296839
RDC248,a010_c0,bst,0.13891285957271507
RDC249,a010_c0,ce,1.0410692635951757
RDC249,a010_c0,bst,-0.22807621893544527
RDC250,a010_c0,ce,0.20135876651939574
RDC250,a010_c0,bst,0.3180119196175935
RDC259,a010_c0,ce,0.2503541098278307
RDC259,a010_c0,bst,0.5091169185185722
RDC261,a010_c0,ce,-0.4951716955531264
RDC261,a010_c0,bst,0.22857647349599944
RDC263,a010_c0,ce,0.18671831183615126
RDC263,a010_c0,bst,1.5715610637180433
RDC102,a020_c0,ce,0.4520004391158337
RDC102,a020_c0,bst,-1.3012539124932425
RDC104,a020_c0,ce,0.2122440134485034
RDC104,a020_c0,bst,0.2918082404676827
RDC105,a020_c0,ce,0.12258256159312077
RDC105,a020_c0,bst,0.3422400633312496
RDC106,a020_c0,ce,0.028015943509817544
RDC106,a020_c0,bst,-1.0409014297974626
RDC107,a020_c0,ce,-0.0458571974211588
RDC107,a020_c0,bst,-0.38191697702978256
RDC109,a020_c0,ce,-0.560594074253241
RDC109,a020_c0,bst,-0.3452213296005393
RDC110,a020_c0,ce,-0.2518071357740464
RDC110,a020_c0,bst,-0.6534961887163409
RDC111,a020_c0,ce,0.4495265477597247
RDC111,a020_c0,bst,-0.13511463410522706
RDC113,a020_c0,ce,-0.38963564161469083
RDC113,a020_c0,bst,-0.5555498792191048
RDC116,a020_c0,ce,0.5726857261342588
RDC116,a020_c0,bst,0.25516408762251735
RDC117,a020_c0,ce,0.35775408521733754
RDC117,a020_c0,bst,-0.022992077688819206
RDC120,a020_c0,ce,0.2622357467618441
RDC120,a020_c0,bst,-0.6065991460423018
RDC125,a020_c0,ce,-0.12703184530397685
RDC125,a020_c0,bst,0.10863355313633732
RDC126,a020_c0,ce,1.0692293168144271
RDC126,a020_c0,bst,-0.2214845295337697
RDC127,a020_c0,ce,1.0919651337477791
RDC127,a020_c0,bst,0.26326085126387894
RDC128,a020_c0,ce,-0.5132314471496935
RDC128,a020_c0,bst,0.6114742664276756
RDC129,a020_c0,ce,0.06361178627686631
RDC129,a020_c0,bst,-0.17596181755408058
RDC130,a020_c0,ce,-0.009448799574352513
RDC130,a020_c0,bst,0.2658659133007517
RDC131,a020_c0,ce,0.8018429360711133
RDC131,a020_c0,bst,0.6705383086116433
RDC132,a020_c0,ce,0.16061530878359803
RDC132,a020_c0,bst,-0.4673050391002172
RDC133,a020_c0,ce,0.22008028506159513
RDC133,a020_c0,bst,-0.426186784584686
RDC134,a020_c0,ce,0.1999465478391769
RDC134,a020_c0,bst,-0.4086973500816942
RDC136,a020_c0,ce,0.5332759688327681
RDC136,a020_c0,bst,0.16331841733478222
RDC137,a020_c0,ce,0.12625593106839508
RDC137,a020_c0,bst,0.0963545012472109
RDC138,a020_c0,ce,-0.21435882540734105
RDC138,a020_c0,bst,0.35342878004766387
RDC139,a020_c0,ce,0.29994023454692664
RDC139,a020_c0,bst,-0.07456677636717057
RDC141,a020_c0,ce,-0.14708568970754357
RDC141,a020_c0,bst,0.09944861132265786
RDC143,a020_c0,ce,-0.1416876510880101
RDC143,a020_c0,bst,-0.06699480146194665
RDC144,a020_c0,ce,0.1896062775271835
RDC144,a020_c0,bst,-0.055127290133544594
RDC145,a020_c0,ce,0.6643052319251321
RDC145,a020_c0,bst,0.19376091522841843
RDC146,a020_c0,ce,-0.42440321590156954
RDC146,a020_c0,bst,-0.5284450515611868
RDC147,a020_c0,ce,-0.08506267750215418
RDC147,a020_c0,bst,-0.6156399515644013
RDC152,a020_c0,ce,0.05671782746420378
RDC152,a020_c0,bst,-0.5532614811166471
RDC153,a020_c0,ce,0.15200087310558763
RDC153,a020_c0,bst,-0.33385849982432786
RDC154,a020_c0,ce,-0.38720214763950894
RDC154,a020_c0,bst,0.08448084364683706
RDC156,a020_c0,ce,-0.2899601843628075
RDC156,a020_c0,bst,-0.5757343638417219
RDC157,a020_c0,ce,-0.8558805853338567
RDC157,a020_c0,bst,0.4392748974437343
RDC159,a020_c0,ce,0.3362923938546963
RDC159,a020_c0,bst,-1.0639972392920587
RDC161,a020_c0,ce,-0.573767835338331
RDC161,a020_c0,bst,0.7965992496693534
RDC164,a020_c0,ce,0.5044634475379793
RDC164,a020_c0,bst,-0.4410606157007853
RDC165,a020_c0,ce,0.3416806481230066
RDC165,a020_c0,bst,0.6627589657673569
RDC167,a020_c0,ce,0.1592016332198694
RDC167,a020_c0,bst,0.5205922245211865
RDC171,a020_c0,ce,0.7461763674862183
RDC171,a020_c0,bst,0.3730986701408863
RDC172,a020_c0,ce,0.18311088619164786
RDC172,a020_c0,bst,0.29621547937389914
RDC174,a020_c0,ce,0.5862084443997971
RDC174,a020_c0,bst,-0.3997837266857806
RDC175,a020_c0,ce,-0.034624505526970134
RDC175,a020_c0,bst,0.6581069129385663
RDC176,a020_c0,ce,0.949607207637218
RDC176,a020_c0,bst,0.21936185283112689
RDC177,a020_c0,ce,-0.23698104765576053
RDC177,a020_c0,bst,-0.021926253663979673
RDC178,a020_c0,ce,0.026720648997797358
RDC178,a020_c0,bst,0.4156794762117904
RDC180,a020_c0,ce,-0.9174926922080038
RDC180,a020_c0,bst,-0.5613275058572004
RDC183,a020_c0,ce,0.7015448217440919
RDC183,a020_c0,bst,0.4211547702973378
RDC184,a020_c0,ce,0.08524847183133204
RDC184,a020_c0,bst,0.41560094170029904
RDC186,a020_c0,ce,0.08970141984300703
RDC186,a020_c0,bst,0.8241635902760663
RDC189,a020_c0,ce,-0.22829849739357133
RDC189,a020_c0,bst,-0.07928226366716
RDC190,a020_c0,ce,-0.340037783265879
RDC190,a020_c0,bst,0.5398318113698647
RDC192,a020_c0,ce,-0.13646458416313065
RDC192,a020_c0,bst,0.21345669657902766
RDC193,a020_c0,ce,0.36426488585608574
RDC193,a020_c0,bst,-0.47028608751713846
RDC195,a020_c0,ce,0.0016310560803294294
RDC195,a020_c0,bst,-0.8963608696457307
RDC196,a020_c0,ce,0.14272651106488926
RDC196,a020_c0,bst,-0.2662135168941792
RDC198,a020_c0,ce,-0.057304395344712086
RDC198,a020_c0,bst,-0.2651804934781096
RDC200,a020_c0,ce,0.7913423361865348
RDC200,a020_c0,bst,0.15055974528134056
RDC202,a020_c0,ce,-0.5397388119200056
RDC202,a020_c0,bst,0.7652486565620705
RDC203,a020_c0,ce,0.5372739048987136
RDC203,a020_c0,bst,-0.49983941361966866
RDC204,a020_c0,ce,1.0147170860434065
RDC204,a020_c0,bst,0.3359898754857138
RDC207,a020_c0,ce,0.10321427653540703
RDC207,a020_c0,bst,0.033020460307702226
RDC208,a020_c0,ce,1.0178101487778355
RDC208,a020_c0,bst,-0.12081997427070663
RDC209,a020_c0,ce,0.1452951954478761
RDC209,a020_c0,bst,-0.88296870985218
RDC210,a020_c0,ce,-0.022093299350677987
RDC210,a020_c0,bst,-0.9661308478567051
RDC211,a020_c0,ce,0.13014070707337483
RDC211,a020_c0,bst,0.7152762415279034
RDC212,a020_c0,ce,-0.7053389720687733
RDC212,a020_c0,bst,0.46397442657068805
RDC213,a020_c0,ce,0.013661693229492003
RDC213,a020_c0,bst,0.02498900291240432
RDC214,a020_c0,ce,-0.00410355649929154
RDC214,a020_c0,bst,-0.2486169972504039
RDC216,a020_c0,ce,-0.2487969648714075
RDC216,a020_c0,bst,-0.4944667591419938
RDC217,a020_c0,ce,0.11960309635937805
RDC217,a020_c0,bst,0.42982216320705535
RDC220,a020_c0,ce,-0.31304548106569546
RDC220,a020_c0,bst,-0.17858496875576066
RDC221,a020_c0,ce,-0.34271991660969564
RDC221,a020_c0,bst,-0.2680730941377581
RDC222,a020_c0,ce,0.03115540887377616
RDC222,a020_c0,bst,-0.2608742940759833
RDC225,a020_c0,ce,0.05337503418078005
RDC225,a020_c0,bst,-0.37288637609580105
RDC226,a020_c0,ce,-0.3593971576504564
RDC226,a020_c0,bst,0.7630712596900103
RDC227,a020_c0,ce,0.33552696201751664
RDC227,a020_c0,bst,0.8182456210082324
RDC228,a020_c0,ce,0.10693103895348863
RDC228,a020_c0,bst,0.38581633975306256
RDC229,a020_c0,ce,0.19390017502139847
RDC229,a020_c0,bst,0.7432373597042597
RDC230,a020_c0,ce,-0.4855993034716381
RDC230,a020_c0,bst,-0.19322673321591624
RDC231,a020_c0,ce,0.5477242121438488
RDC231,a020_c0,bst,-0.10774802305866664
RDC232,a020_c0,ce,0.3685004558299927
RDC232,a020_c0,bst,-0.07701533454385419
RDC233,a020_c0,ce,-0.12443753089400938
RDC233,a020_c0,bst,0.3558639337249005
RDC234,a020_c0,ce,0.29215061267501097
RDC234,a020_c0,bst,0.9532402535921222
RDC235,a020_c0,ce,-0.2501334491514397
RDC235,a020_c0,bst,-0.01693432029362533
RDC236,a020_c0,ce,0.4554613455065457
RDC236,a020_c0,bst,-0.5410166018958179
RDC237,a020_c0,ce,0.2722817643072333
RDC237,a020_c0,bst,-0.10289958006674349
RDC238,a020_c0,ce,0.1950166001347347
RDC238,a020_c0,bst,-0.417082923585387
RDC243,a020_c0,ce,0.2785545143237043
RDC243,a020_c0,bst,0.3101791225836508
RDC244,a020_c0,ce,0.32810707904698566
RDC244,a020_c0,bst,-0.021235032586342555
RDC246,a020_c0,ce,0.23382167540941828
RDC246,a020_c0,bst,-0.07093623373941456
RDC247,a020_c0,ce,0.5107890970518196
RDC247,a020_c0,bst,-0.36680348713876526
RDC248,a020_c0,ce,0.2577294511299886
RDC248,a020_c0,bst,0.10016341501528488
RDC249,a020_c0,ce,0.07899492847751627
RDC249,a020_c0,bst,0.29169762185199
RDC250,a020_c0,ce,-0.8027430079205266
RDC250,a020_c0,bst,-0.5233540802912938
RDC259,a020_c0,ce,0.258896450791484
RDC259,a020_c0,bst,-0.01892371999607495
RDC261,a020_c0,ce,0.12818065943523646
RDC261,a020_c0,bst,0.027883769290620714
RDC263,a020_c0,ce,0.09646165688659544
RDC263,a020_c0,bst,-0.7366328630172214
RDC102,a030_c0,ce,-0.439680155393964
RDC102,a030_c0,bst,-1.100655510031811
RDC104,a030_c0,ce,0.2907645727882291
RDC104,a030_c0,bst,0.18853464938453537
RDC105,a030_c0,ce,-0.4191469989997158
RDC105,a030_c0,bst,-0.29242857440688996
RDC106,a030_c0,ce,-0.025125974832000304
RDC106,a030_c0,bst,1.0778836769807925
RDC107,a030_c0,ce,-0.09736494720801209
RDC107,a030_c0,bst,0.9456688831818344
RDC109,a030_c0,ce,0.47103607463335306
RDC109,a030_c0,bst,-0.8014827701250938
RDC110,a030_c0,ce,0.7546323231182146
RDC110,a030_c0,bst,0.749323550079848
RDC111,a030_c0,ce,-0.37872931031630397
RDC111,a030_c0,bst,-0.2776660547833749
RDC113,a030_c0,ce,0.20402024522597095
RDC113,a030_c0,bst,0.2164244798447088
RDC116,a030_c0,ce,0.416620545589989
RDC116,a030_c0,bst,-0.051540042550303734
RDC117,a030_c0,ce,-0.13940821379886006
RDC117,a030_c0,bst,-0.3446201936128334
RDC120,a030_c0,ce,1.014763741097874
RDC120,a030_c0,bst,0.8671774904633492
RDC125,a030_c0,ce,-0.9531452503230827
RDC125,a030_c0,bst,1.28137033225421
RDC126,a030_c0,ce,0.5587658116890287
RDC126,a030_c0,bst,-0.1639855151534974
RDC127,a030_c0,ce,0.2856725646170546
RDC127,a030_c0,bst,0.6732787066067701
RDC128,a030_c0,ce,0.10901725850758677
RDC128,a030_c0,bst,-0.02832369173676467
RDC129,a030_c0,ce,-0.19776552768654498
RDC129,a030_c0,bst,-0.2840104688279907
RDC130,a030_c0,ce,0.6125391772280361
RDC130,a030_c0,bst,0.2129628193604792
RDC131,a030_c0,ce,-0.7097841977529117
RDC131,a030_c0,bst,0.3845828634638567
RDC132,a030_c0,ce,-0.22867766818109447
RDC132,a030_c0,bst,-0.042409491552107936
RDC133,a030_c0,ce,0.25441799217939864
RDC133,a030_c0,bst,-0.6766879975035419
RDC134,a030_c0,ce,0.5827984985402395
RDC134,a030_c0,bst,0.18710970587178655
RDC136,a030_c0,ce,0.21202221246800934
RDC136,a030_c0,bst,0.007249623069543206
RDC137,a030_c0,ce,-0.3434906836271397
RDC137,a030_c0,bst,-0.14093651639183133
RDC138,a030_c0,ce,0.24730870009687658
RDC138,a030_c0,bst,0.9796545795549986
RDC139,a030_c0,ce,-0.3704979250646175
RDC139,a030_c0,bst,0.12830537297604902
RDC141,a030_c0,ce,-0.14699403627986896
RDC141,a030_c0,bst,-0.08524877944306315
RDC143,a030_c0,ce,-0.05384854180620433
RDC143,a030_c0,bst,1.0301798495010275
RDC144,a030_c0,ce,-0.06139233228271014
RDC144,a030_c0,bst,0.4691110589756003
RDC145,a030_c0,ce,0.7182341265740079
RDC145,a030_c0,bst,0.6287546518784558
RDC146,a030_c0,ce,-0.27125232607515504
RDC146,a030_c0,bst,0.8856717323139285
RDC147,a030_c0,ce,0.22014266964852508
RDC147,a030_c0,bst,-0.6481505924860095
RDC152,a030_c0,ce,-0.1352889073570057
RDC152,a030_c0,bst,-0.23291558259352882
RDC153,a030_c0,ce,-0.021515968669723964
RDC153,a030_c0,bst,0.5108077415431437
RDC154,a030_c0,ce,-0.02641522127344591
RDC154,a030_c0,bst,0.32673343871048044
RDC156,a030_c0,ce,0.853700166572273
RDC156,a030_c0,bst,-0.7110991719990968
RDC157,a030_c0,ce,0.45237250455611505
RDC157,a030_c0,bst,-0.3625913067705742
RDC159,a030_c0,ce,-0.00013377399645806887
RDC159,a030_c0,bst,0.37662527015777597
RDC161,a030_c0,ce,0.4169999994072844
RDC161,a030_c0,bst,0.5793991348613375
RDC164,a030_c0,ce,-0.5452769741624766
RDC164,a030_c0,bst,-0.09469331849193746
RDC165,a030_c0,ce,1.3099179197253359
RDC165,a030_c0,bst,0.5571368578675324
RDC167,a030_c0,ce,0.10735470839255135
RDC167,a030_c0,bst,0.010201650088859463
RDC171,a030_c0,ce,0.33384223992436074
RDC171,a030_c0,bst,0.434729456168465
RDC172,a030_c0,ce,0.24415886027140454
RDC172,a030_c0,bst,-0.09507986234173722
RDC174,a030_c0,ce,0.807373224547459
RDC174,a030_c0,bst,-0.4575543381040415
RDC175,a030_c0,ce,0.09277815788723122
RDC175,a030_c0,bst,-0.41260596317794757
RDC176,a030_c0,ce,0.347893088349663
RDC176,a030_c0,bst,0.6254216468499355
RDC177,a030_c0,ce,0.6560251825072099
RDC177,a030_c0,bst,-1.0858384176930682
RDC178,a030_c0,ce,1.0224298279808266
RDC178,a030_c0,bst,1.794857467233977
RDC180,a030_c0,ce,1.2706170303702748
RDC180,a030_c0,bst,-0.6820343173477378
RDC183,a030_c0,ce,-1.0850608415225775
RDC183,a030_c0,bst,-0.08068792480961973
RDC184,a030_c0,ce,0.8115508187771061
RDC184,a030_c0,bst,-0.40039947403744924
RDC186,a030_c0,ce,-0.19101190354192554
RDC186,a030_c0,bst,-0.29855833711741875
RDC189,a030_c0,ce,0.2118647028234011
RDC189,a030_c0,bst,0.12730719052361836
RDC190,a030_c0,ce,0.5186561434654388
RDC190,a030_c0,bst,1.0340784920780164
RDC192,a030_c0,ce,0.19351143431032683
RDC192,a030_c0,bst,1.1925889488531893
RDC193,a030_c0,ce,0.31951344056587416
RDC193,a030_c0,bst,0.6391071380646444
RDC195,a030_c0,ce,0.3943532182416144
RDC195,a030_c0,bst,1.0913877479944112
RDC196,a030_c0,ce,-0.5167836691225215
RDC196,a030_c0,bst,0.24637722786013624
RDC198,a030_c0,ce,0.644235580576495
RDC198,a030_c0,bst,-0.1517155848259157
RDC200,a030_c0,ce,0.022038629668160035
RDC200,a030_c0,bst,0.6293538751933307
RDC202,a030_c0,ce,0.6556431669526825
RDC202,a030_c0,bst,-0.8661879375292804
RDC203,a030_c0,ce,0.3908601144925668
RDC203,a030_c0,bst,0.6213508108347794
RDC204,a030_c0,ce,0.0618752312317441
RDC204,a030_c0,bst,0.1508694433118599
RDC207,a030_c0,ce,0.11772884459721232
RDC207,a030_c0,bst,0.2532248635416348
RDC208,a030_c0,ce,0.42901766486034715
RDC208,a030_c0,bst,0.2345273386337394
RDC209,a030_c0,ce,0.1405813389429777
RDC209,a030_c0,bst,-0.4107686751700415
RDC210,a030_c0,ce,0.1099493320002305
RDC210,a030_c0,bst,-1.1393138164140466
RDC211,a030_c0,ce,0.7906499532962489
RDC211,a030_c0,bst,0.16938420357287542
RDC212,a030_c0,ce,-0.07363911406009277
RDC212,a030_c0,bst,0.22956961847472854
RDC213,a030_c0,ce,-0.06025670201205369
RDC213,a030_c0,bst,-0.6264518497000723
RDC214,a030_c0,ce,-0.19468305618323306
RDC214,a030_c0,bst,0.21317840744679298
RDC216,a030_c0,ce,-0.2819911871818059
RDC216,a030_c0,bst,0.29423273519164056
RDC217,a030_c0,ce,0.06979741189793193
RDC217,a030_c0,bst,0.21303937985156107
RDC220,a030_c0,ce,0.6418982091906058
RDC220,a030_c0,bst,-0.3572484822927955
RDC221,a030_c0,ce,0.5411460464895151
RDC221,a030_c0,bst,0.035387428798409094
RDC222,a030_c0,ce,-0.15170482118612275
RDC222,a030_c0,bst,1.1946593176881615
RDC225,a030_c0,ce,0.08680246293473805
RDC225,a030_c0,bst,1.0576424802880318
RDC226,a030_c0,ce,0.067772283316612
RDC226,a030_c0,bst,0.9855862693373192
RDC227,a030_c0,ce,0.37872585864626357
RDC227,a030_c0,bst,0.3787418532201649
RDC228,a030_c0,ce,0.29562198392182415
RDC228,a030_c0,bst,0.27871297955770585
RDC229,a030_c0,ce,-0.1703748714492903
RDC229,a030_c0,bst,0.6007393482005972
RDC230,a030_c0,ce,0.05438493627434754
RDC230,a030_c0,bst,1.0634986000520272
RDC231,a030_c0,ce,-0.08280403009829577
RDC231,a030_c0,bst,-0.5486618254896074
RDC232,a030_c0,ce,-0.206830407371351
RDC232,a030_c0,bst,-0.018917290047798057
RDC233,a030_c0,ce,-0.4234188379107954
RDC233,a030_c0,bst,0.35491444308779485
RDC234,a030_c0,ce,-0.45241471578693104
RDC234,a030_c0,bst,0.729759989434512
RDC235,a030_c0,ce,0.7914493840637115
RDC235,a030_c0,bst,-0.06000475236443522
RDC236,a030_c0,ce,0.42131688781979587
RDC236,a030_c0,bst,0.6663677241257727
RDC237,a030_c0,ce,-0.22879060032075835
RDC237,a030_c0,bst,-0.5897069068919113
RDC238,a030_c0,ce,-0.20617630410962665
RDC238,a030_c0,bst,0.8656639552934156
RDC243,a030_c0,ce,-0.22649289381327156
RDC243,a030_c0,bst,0.30541033146994523
RDC244,a030_c0,ce,0.3154136875904345
RDC244,a030_c0,bst,-0.19833517773079587
RDC246,a030_c0,ce,0.6498899102058102
RDC246,a030_c0,bst,0.17173111604333444
RDC247,a030_c0,ce,0.08007661382162375
RDC247,a030_c0,bst,-1.39994801364372
RDC248,a030_c0,ce,-0.038179673586032116
RDC248,a030_c0,bst,-0.8518245493199146
RDC249,a030_c0,ce,-0.340135350312838
RDC249,a030_c0,bst,0.8249828743359303
RDC250,a030_c0,ce,-0.5142286206250771
RDC250,a030_c0,bst,-0.6662727417094484
RDC259,a030_c0,ce,-0.07150116359051471
RDC259,a030_c0,bst,-0.8785302653327928
RDC261,a030_c0,ce,0.555700818954195
RDC261,a030_c0,bst,0.44222845892989676
RDC263,a030_c0,ce,0.26671409911663185
RDC263,a030_c0,bst,-0.5696983323341936
RDC102,a040_c0,ce,0.02029033380908732
RDC102,a040_c0,bst,0.07367325513299795
RDC104,a040_c0,ce,-0.443897165752403
RDC104,a040_c0,bst,-0.44575873953020134
RDC105,a040_c0,ce,-0.5949921593859426
RDC105,a040_c0,bst,0.7147201973999616
RDC106,a040_c0,ce,0.14726220186451353
RDC106,a040_c0,bst,-0.021358859154271603
RDC107,a040_c0,ce,-0.2962562658900426
RDC107,a040_c0,bst,0.08269818624179066
RDC109,a040_c0,ce,0.5384522801636513
RDC109,a040_c0,bst,-0.8926682832594183
RDC110,a040_c0,ce,0.372673928111831
RDC110,a040_c0,bst,0.5183386740589531
RDC111,a040_c0,ce,-0.030149387223679838
RDC111,a040_c0,bst,0.7628216605535916
RDC113,a040_c0,ce,0.4962842506625547
RDC113,a040_c0,bst,0.5779950934516552
RDC116,a040_c0,ce,-0.2643234721508978
RDC116,a040_c0,bst,0.3527738687217772
RDC117,a040_c0,ce,0.4983741331325907
RDC117,a040_c0,bst,0.9197326520705342
RDC120,a040_c0,ce,-0.06932845278889532
RDC120,a040_c0,bst,0.5103019679809554
RDC125,a040_c0,ce,0.8419396168483946
RDC125,a040_c0,bst,-0.217971856268248
RDC126,a040_c0,ce,-1.4163931721514782
RDC126,a040_c0,bst,0.07529412128836942
RDC127,a040_c0,ce,-0.006290337415557068
RDC127,a040_c0,bst,-0.08363613408518812
RDC128,a040_c0,ce,-0.04668426741490915
RDC128,a040_c0,bst,-0.7316257521946262
RDC129,a040_c0,ce,-0.23224349964126534
RDC129,a040_c0,bst,-0.2277203126113164
RDC130,a040_c0,ce,0.41426979462579416
RDC130,a040_c0,bst,-0.02830999018580573
RDC131,a040_c0,ce,-0.1738260212492369
RDC131,a040_c0,bst,0.6201114786695362
RDC132,a040_c0,ce,-0.45855447657777293
RDC132,a040_c0,bst,-0.30316715372267583
RDC133,a040_c0,ce,0.5092557902574241
RDC133,a040_c0,bst,0.5508656152985155
RDC134,a040_c0,ce,-0.23354976420842927
RDC134,a040_c0,bst,0.38221366185678346
RDC136,a040_c0,ce,0.3388356994187409
RDC136,a040_c0,bst,-0.39873436229991804
RDC137,a040_c0,ce,-0.0518498714646223
RDC137,a040_c0,bst,-0.19183784847587357
RDC138,a040_c0,ce,-0.2265352181017739
RDC138,a040_c0,bst,-0.5926292348150097
RDC139,a040_c0,ce,0.08985717056830166
RDC139,a040_c0,bst,0.8687084448133252
RDC141,a040_c0,ce,0.6605122739855008
RDC141,a040_c0,bst,0.16934603739900952
RDC143,a040_c0,ce,0.7809690232601649
RDC143,a040_c0,bst,1.9528648207129367
RDC144,a040_c0,ce,-0.4061059836541289
RDC144,a040_c0,bst,-0.27456741310485583
RDC145,a040_c0,ce,0.4919109335644828
RDC145,a040_c0,bst,0.023531562029185493
RDC146,a040_c0,ce,0.4137257603595536
RDC146,a040_c0,bst,-0.030915938187833086
RDC147,a040_c0,ce,0.019749773809600114
RDC147,a040_c0,bst,0.6335322399161379
RDC152,a040_c0,ce,0.23695982248795988
RDC152,a040_c0,bst,1.9322767936963903
RDC153,a040_c0,ce,-0.06364677166781735
RDC153,a040_c0,bst,0.8664178438863005
RDC154,a040_c0,ce,0.010353976360346781
RDC154,a040_c0,bst,0.5964458592160226
RDC156,a040_c0,ce,0.28521164788388004
RDC156,a040_c0,bst,-0.5346104723012762
RDC157,a040_c0,ce,-0.134891597249408
RDC157,a040_c0,bst,-0.07439637161094663
RDC159,a040_c0,ce,-0.17901980369399037
RDC159,a040_c0,bst,1.5113179277167494
RDC161,a040_c0,ce,1.1437298485539045
RDC161,a040_c0,bst,0.02181489617147155
RDC164,a040_c0,ce,0.22564698380768697
RDC164,a040_c0,bst,-0.4951014577140924
RDC165,a040_c0,ce,-0.425939378704849
RDC165,a040_c0,bst,-0.26219695816199323
RDC167,a040_c0,ce,-0.06587717627570047
RDC167,a040_c0,bst,-0.38367536592033086
RDC171,a040_c0,ce,0.10668324478524581
RDC171,a040_c0,bst,-0.2726856720725092
RDC172,a040_c0,ce,-0.4077899412456353
RDC172,a040_c0,bst,-0.396557134247198
RDC174,a040_c0,ce,-0.13356536246437334
RDC174,a040_c0,bst,0.639141499944752
RDC175,a040_c0,ce,-0.0922165881973722
RDC175,a040_c0,bst,1.386755012059031
RDC176,a040_c0,ce,-0.29804544956615275
RDC176,a040_c0,bst,-0.021343516370174065
RDC177,a040_c0,ce,0.40307885071628663
RDC177,a040_c0,bst,0.5455101952839024
RDC178,a040_c0,ce,0.5128494675706965
RDC178,a040_c0,bst,-0.4241830333023798
RDC180,a040_c0,ce,0.6346576030237125
RDC180,a040_c0,bst,0.1298599750867316
RDC183,a040_c0,ce,-0.8142520235099293
RDC183,a040_c0,bst,0.40253517724866544
RDC184,a040_c0,ce,0.29673193306199114
RDC184,a040_c0,bst,-0.5294062055769532
RDC186,a040_c0,ce,0.14898215366215847
RDC186,a040_c0,bst,-0.6343807069024171
RDC189,a040_c0,ce,0.5734552530605039
RDC189,a040_c0,bst,0.5209278011999098
RDC190,a040_c0,ce,0.2057072379418931
RDC190,a040_c0,bst,0.18092930632572676
RDC192,a040_c0,ce,-0.1174379920897733
RDC192,a040_c0,bst,-0.043162091403604
RDC193,a040_c0,ce,-0.18253507476093817
RDC193,a040_c0,bst,0.7306552676973176
RDC195,a040_c0,ce,-0.5440251748526406
RDC195,a040_c0,bst,1.207212951815735
RDC196,a040_c0,ce,-0.058953755740465484
RDC196,a040_c0,bst,-0.015194546631146352
RDC198,a040_c0,ce,0.1312752075016775
RDC198,a040_c0,bst,0.0054699091324938625
RDC200,a040_c0,ce,-0.632726730179334
RDC200,a040_c0,bst,0.4340712428276902
RDC202,a040_c0,ce,1.228995176341962
RDC202,a040_c0,bst,0.06941021185247553
RDC203,a040_c0,ce,0.25962815331926076
RDC203,a040_c0,bst,0.07581628047394924
RDC204,a040_c0,ce,-0.4242220867005071
RDC204,a040_c0,bst,-0.06283589696679981
RDC207,a040_c0,ce,-0.12980330653152664
RDC207,a040_c0,bst,0.06575168689694294
RDC208,a040_c0,ce,-1.2816920801830534
RDC208,a040_c0,bst,0.36178795346323955
RDC209,a040_c0,ce,-0.5409460840519503
RDC209,a040_c0,bst,0.21801584760959583
RDC210,a040_c0,ce,0.08613221186236474
RDC210,a040_c0,bst,-0.11311223376904589
RDC211,a040_c0,ce,-0.47188813281153275
RDC211,a040_c0,bst,-0.5017474262171405
RDC212,a040_c0,ce,0.7339812724915886
RDC212,a040_c0,bst,0.2659086320095935
RDC213,a040_c0,ce,0.4436329622764389
RDC213,a040_c0,bst,-0.08289059785607478
RDC214,a040_c0,ce,0.41314299648743447
RDC214,a040_c0,bst,-0.35932327774804235
RDC216,a040_c0,ce,-0.42983795445353307
RDC216,a040_c0,bst,-0.4387360263975735
RDC217,a040_c0,ce,0.32183182758722306
RDC217,a040_c0,bst,-0.16332929836731638
RDC220,a040_c0,ce,-0.07208789666774784
RDC220,a040_c0,bst,-0.9577116889821219
RDC221,a040_c0,ce,0.22594214963492812
RDC221,a040_c0,bst,0.6300074322553368
RDC222,a040_c0,ce,0.46748022853903987
RDC222,a040_c0,bst,-0.5916421659158715
RDC225,a040_c0,ce,-0.22824952716251534
RDC225,a040_c0,bst,-1.1522092716734662
RDC226,a040_c0,ce,0.1973402373825449
RDC226,a040_c0,bst,-0.9835821182410776
RDC227,a040_c0,ce,0.16160367325733382
RDC227,a040_c0,bst,-0.6727203142789647
RDC228,a040_c0,ce,0.2672402197895588
RDC228,a040_c0,bst,0.23840945379186182
RDC229,a040_c0,ce,0.044881293000645604
RDC229,a040_c0,bst,-0.9570358751419284
RDC230,a040_c0,ce,0.05642828922401225
RDC230,a040_c0,bst,-0.2561750309581525
RDC231,a040_c0,ce,0.3066074595274041
RDC231,a040_c0,bst,-0.3948354544361657
RDC232,a040_c0,ce,-0.1238365053731585
RDC232,a040_c0,bst,-0.23237621105914066
RDC233,a040_c0,ce,-0.12193892755573932
RDC233,a040_c0,bst,-0.5369770963200561
RDC234,a040_c0,ce,0.15549587347172306
RDC234,a040_c0,bst,-0.5768193421815954
RDC235,a040_c0,ce,-0.411062500663034
RDC235,a040_c0,bst,-0.333683185391878
RDC236,a040_c0,ce,-0.1745822820566405
RDC236,a040_c0,bst,-0.040870942771560316
RDC237,a040_c0,ce,-0.40004906525839384
RDC237,a040_c0,bst,-0.20146689820933172
RDC238,a040_c0,ce,-0.189427572929206
RDC238,a040_c0,bst,-0.7003844640158016
RDC243,a040_c0,ce,-0.07482359714317886
RDC243,a040_c0,bst,-0.2528849162918132
RDC244,a040_c0,ce,-0.13867777597734623
RDC244,a040_c0,bst,0.7875036876220053
RDC246,a040_c0,ce,0.31249135801871847
RDC246,a040_c0,bst,-0.315808129931997
RDC247,a040_c0,ce,-0.4877723515867013
RDC247,a040_c0,bst,-1.1589771261723587
RDC248,a040_c0,ce,-0.00137957353096949
RDC248,a040_c0,bst,0.8407749593652811
RDC249,a040_c0,ce,0.4490938925704502
RDC249,a040_c0,bst,-0.1379284523209496
RDC250,a040_c0,ce,0.3105178078493182
RDC250,a040_c0,bst,0.41952941619268297
RDC259,a040_c0,ce,-0.03662164498035475
RDC259,a040_c0,bst,1.1809237866817217
RDC261,a040_c0,ce,-0.10821351254058485
RDC261,a040_c0,bst,0.23492433957179779
RDC263,a040_c0,ce,-0.1202940776489706
RDC263,a040_c0,bst,0.5913215627671413
RDC102,a050_c0,ce,0.41892747457379387
RDC102,a050_c0,bst,0.03488403403087285
RDC104,a050_c0,ce,0.015306901046828537
RDC104,a050_c0,bst,0.0520767563435009
RDC105,a050_c0,ce,-0.08923489466079611
RDC105,a050_c0,bst,0.2833549933143375
RDC106,a050_c0,ce,0.8818340202755939
RDC106,a050_c0,bst,-0.05342687333698737
RDC107,a050_c0,ce,0.14462604321309372
RDC107,a050_c0,bst,-0.16815138387413767
RDC109,a050_c0,ce,-0.07793438097064768
RDC109,a050_c0,bst,-0.7785433312872518
RDC110,a050_c0,ce,0.34047862322294653
RDC110,a050_c0,bst,-0.39548936498569603
RDC111,a050_c0,ce,0.30316456019668653
RDC111,a050_c0,bst,-0.14290897019141488
RDC113,a050_c0,ce,0.37737689807523395
RDC113,a050_c0,bst,-0.4381104894938876
RDC116,a050_c0,ce,-0.22771910866586484
RDC116,a050_c0,bst,0.7635062618079127
RDC117,a050_c0,ce,0.2480126649290595
RDC117,a050_c0,bst,-0.8982675481775567
RDC120,a050_c0,ce,0.9523579007500557
RDC120,a050_c0,bst,1.0481945400376311
RDC125,a050_c0,ce,0.4459514922857168
RDC125,a050_c0,bst,0.6301390447986325
RDC126,a050_c0,ce,0.5027669499912152
RDC126,a050_c0,bst,-0.23839149740991192
RDC127,a050_c0,ce,0.2487268844822274
RDC127,a050_c0,bst,-0.7021168407196289
RDC128,a050_c0,ce,0.13113356276855048
RDC128,a050_c0,bst,0.4385263849042465
RDC129,a050_c0,ce,0.30682684211204725
RDC129,a050_c0,bst,0.005437677341553038
RDC130,a050_c0,ce,-0.4907631171554802
RDC130,a050_c0,bst,0.7893940901797193
RDC131,a050_c0,ce,0.6839229843222829
RDC131,a050_c0,bst,-0.0651811187418464
RDC132,a050_c0,ce,0.2105537177390845
RDC132,a050_c0,bst,-0.11961243104181096
RDC133,a050_c0,ce,-0.23837649569425334
RDC133,a050_c0,bst,-0.14518024607643873
RDC134,a050_c0,ce,-0.0314396230197176
RDC134,a050_c0,bst,-0.4434059164982344
RDC136,a050_c0,ce,-0.31762787693979194
RDC136,a050_c0,bst,-0.15134244409042408
RDC137,a050_c0,ce,0.6236935486932063
RDC137,a050_c0,bst,-0.4285196735994716
RDC138,a050_c0,ce,-0.3698166340800604
RDC138,a050_c0,bst,-0.22921163292162558
RDC139,a050_c0,ce,0.5666662027961018
RDC139,a050_c0,bst,0.8280351140131773
RDC141,a050_c0,ce,-0.14976641444406857
RDC141,a050_c0,bst,0.38130280147618495
RDC143,a050_c0,ce,0.1905333230608087
RDC143,a050_c0,bst,-0.12599960995504003
RDC144,a050_c0,ce,0.10099695306070886
RDC144,a050_c0,bst,-0.2338327226588166
RDC145,a050_c0,ce,-0.4061907575913885
RDC145,a050_c0,bst,0.14839402316502956
RDC146,a050_c0,ce,0.5238868634049733
RDC146,a050_c0,bst,-0.006789004061071228
RDC147,a050_c0,ce,-0.11976740928281181
RDC147,a050_c0,bst,0.4659040747436423
RDC152,a050_c0,ce,0.6587773665907823
RDC152,a050_c0,bst,0.934590702397388
RDC153,a050_c0,ce,0.21669247924184282
RDC153,a050_c0,bst,0.24731881481994433
RDC154,a050_c0,ce,-1.5093795822785114
RDC154,a050_c0,bst,0.34827487270668894
RDC156,a050_c0,ce,0.2875824288552927
RDC156,a050_c0,bst,-0.39236636092486393
RDC157,a050_c0,ce,-0.67764472551386
RDC157,a050_c0,bst,-0.50329983485149
RDC159,a050_c0,ce,-1.163984680173473
RDC159,a050_c0,bst,-0.49359901716700927
RDC161,a050_c0,ce,-0.24593012701679048
RDC161,a050_c0,bst,0.7603285668153615
RDC164,a050_c0,ce,-0.5599426869325279
RDC164,a050_c0,bst,-0.29901727720737
RDC165,a050_c0,ce,0.25707463312686096
RDC165,a050_c0,bst,0.14209298909361115
RDC167,a050_c0,ce,-0.1792116152552004
RDC167,a050_c0,bst,-0.4041541077918854
RDC171,a050_c0,ce,-0.14858516120942727
RDC171,a050_c0,bst,0.053109441443495255
RDC172,a050_c0,ce,0.18889015832992248
RDC172,a050_c0,bst,-0.731587049555492
RDC174,a050_c0,ce,-0.45953250775375404
RDC174,a050_c0,bst,-0.15442959826301708
RDC175,a050_c0,ce,-0.3312453740523617
RDC175,a050_c0,bst,-0.656642934184073
RDC176,a050_c0,ce,-1.0175501678217933
RDC176,a050_c0,bst,-0.7353654389040667
RDC177,a050_c0,ce,0.4550800630857139
RDC177,a050_c0,bst,-0.6987114098441375
RDC178,a050_c0,ce,-0.24837943393684908
RDC178,a050_c0,bst,-1.2839212645961895
RDC180,a050_c0,ce,0.18182883675475398
RDC180,a050_c0,bst,-0.45752889591793394
RDC183,a050_c0,ce,-0.3964272172977205
RDC183,a050_c0,bst,-0.8868424438229031
RDC184,a050_c0,ce,0.24260477990078344
RDC184,a050_c0,bst,0.24016618020390004
RDC186,a050_c0,ce,-0.030020767143627402
RDC186,a050_c0,bst,0.3245005454999319
RDC189,a050_c0,ce,0.555438492024373
RDC189,a050_c0,bst,0.5459416124452042
RDC190,a050_c0,ce,0.09813328003071833
RDC190,a050_c0,bst,0.5736964557091938
RDC192,a050_c0,ce,0.36032860035224745
RDC192,a050_c0,bst,0.6861077107575845
RDC193,a050_c0,ce,0.11951199433861566
RDC193,a050_c0,bst,0.1608828712019954
RDC195,a050_c0,ce,-0.4514731519990363
RDC195,a050_c0,bst,-0.9112027196473202
RDC196,a050_c0,ce,-0.16698808319266495
RDC196,a050_c0,bst,0.7172830141779581
RDC198,a050_c0,ce,0.01985329818495434
RDC198,a050_c0,bst,0.3192275278700161
RDC200,a050_c0,ce,-0.11834800505218401
RDC200,a050_c0,bst,-0.41785863346658997
RDC202,a050_c0,ce,0.2671470258995007
RDC202,a050_c0,bst,-0.26945469554759705
RDC203,a050_c0,ce,-0.4980994131375134
RDC203,a050_c0,bst,0.7372397439711108
RDC204,a050_c0,ce,-0.0729553117338942
RDC204,a050_c0,bst,0.39672458992361676
RDC207,a050_c0,ce,-0.19868450035752944
RDC207,a050_c0,bst,0.3798230091216632
RDC208,a050_c0,ce,-0.5995351216781253
RDC208,a050_c0,bst,0.25250848423418976
RDC209,a050_c0,ce,-0.5475384666255224
RDC209,a050_c0,bst,-0.26404142842533035
RDC210,a050_c0,ce,-0.26389962541815576
RDC210,a050_c0,bst,-0.20602000745948193
RDC211,a050_c0,ce,-0.20458308412382994
RDC211,a050_c0,bst,0.5003425583663994
RDC212,a050_c0,ce,1.1523762391754655
RDC212,a050_c0,bst,0.4564645962688565
RDC213,a050_c0,ce,0.3220018898578284
RDC213,a050_c0,bst,0.1211032358857893
RDC214,a050_c0,ce,-0.6682493500734812
RDC214,a050_c0,bst,-0.5993807646942996
RDC216,a050_c0,ce,0.1916421848548351
RDC216,a050_c0,bst,-0.10391842284023249
RDC217,a050_c0,ce,-0.34508553018369087
RDC217,a050_c0,bst,-0.40771768492070054
RDC220,a050_c0,ce,0.22934441777436562
RDC220,a050_c0,bst,1.1927186776007555
RDC221,a050_c0,ce,0.7610501482773935
RDC221,a050_c0,bst,-0.7653656365979323
RDC222,a050_c0,ce,-0.08267198340410842
RDC222,a050_c0,bst,0.30897820718580854
RDC225,a050_c0,ce,0.14216471898577235
RDC225,a050_c0,bst,0.3312890171915226
RDC226,a050_c0,ce,0.08980682670220468
RDC226,a050_c0,bst,0.22674628900544438
RDC227,a050_c0,ce,-0.12535798255597513
RDC227,a050_c0,bst,0.03850192184298797
RDC228,a050_c0,ce,-0.6577965171125912
RDC228,a050_c0,bst,-0.0695897558322504
RDC229,a050_c0,ce,-0.3165076086849049
RDC229,a050_c0,bst,0.3339753357178901
RDC230,a050_c0,ce,-0.2006535118720019
RDC230,a050_c0,bst,0.014254885718253618
RDC231,a050_c0,ce,0.6929051657570438
RDC231,a050_c0,bst,-0.4104849255653417
RDC232,a050_c0,ce,0.008953968269444543
RDC232,a050_c0,bst,-0.424533189400311
RDC233,a050_c0,ce,-0.014230698874731397
RDC233,a050_c0,bst,0.03449072690409919
RDC234,a050_c0,ce,0.024435972436607882
RDC234,a050_c0,bst,-0.3873587351411287
RDC235,a050_c0,ce,-0.14756658923496938
RDC235,a050_c0,bst,-0.48161599572429087
RDC236,a050_c0,ce,-0.06966123430343918
RDC236,a050_c0,bst,0.6243686539795911
RDC237,a050_c0,ce,-0.38287978212876034
RDC237,a050_c0,bst,-0.5673020668931638
RDC238,a050_c0,ce,0.10499118451268341
RDC238,a050_c0,bst,0.4773691260881406
RDC243,a050_c0,ce,0.46249210712372163
RDC243,a050_c0,bst,0.28597111491018296
RDC244,a050_c0,ce,-0.6448206189421957
RDC244,a050_c0,bst,0.0963614582967614
RDC246,a050_c0,ce,0.32541547714498226
RDC246,a050_c0,bst,-0.0012795527600188983
RDC247,a050_c0,ce,-0.04828743888379995
RDC247,a050_c0,bst,0.15615555794907165
RDC248,a050_c0,ce,0.052743262879589914
RDC248,a050_c0,bst,0.16204594498530298
RDC249,a050_c0,ce,0.3145162257303989
RDC249,a050_c0,bst,-0.06836656248679439
RDC250,a050_c0,ce,0.15395634868316377
RDC250,a050_c0,bst,0.17187660715353228
RDC259,a050_c0,ce,-0.42456769962180413
RDC259,a050_c0,bst,0.05102837831519317
RDC261,a050_c0,ce,0.45501140017435826
RDC261,a050_c0,bst,0.3998830822755381
RDC263,a050_c0,ce,-0.004573207177159539
RDC263,a050_c0,bst,-0.4050853779153813
RDC102,a060_c0,ce,-0.49200706070845773
RDC102,a060_c0,bst,0.4244264145009559
RDC104,a060_c0,ce,0.5078265773928383
RDC104,a060_c0,bst,-0.09195705740539926
RDC105,a060_c0,ce,0.6860910002001613
RDC105,a060_c0,bst,0.10669380125360632
RDC106,a060_c0,ce,0.8463949334732958
RDC106,a060_c0,bst,0.29245501491982157
RDC107,a060_c0,ce,0.002851060090862334
RDC107,a060_c0,bst,-0.8044452102638413
RDC109,a060_c0,ce,-0.06360931237229182
RDC109,a060_c0,bst,0.1196878086577743
RDC110,a060_c0,ce,-0.7612288525273415
RDC110,a060_c0,bst,-0.046148680361819884
RDC111,a060_c0,ce,0.010811614058201332
RDC111,a060_c0,bst,-0.20087248989568476
RDC113,a060_c0,ce,-0.39718268401549617
RDC113,a060_c0,bst,0.7049905099402746
RDC116,a060_c0,ce,0.2072386305415227
RDC116,a060_c0,bst,-0.45557216491225905
RDC117,a060_c0,ce,-1.1139560827971111
RDC117,a060_c0,bst,-0.8531190403693025
RDC120,a060_c0,ce,-0.6425754906808416
RDC120,a060_c0,bst,-0.3760210929048631
RDC125,a060_c0,ce,-0.35048208255425467
RDC125,a060_c0,bst,-0.5938378034023499
RDC126,a060_c0,ce,-0.08220231160986934
RDC126,a060_c0,bst,0.22348525563583418
RDC127,a060_c0,ce,-0.4981553370432691
RDC127,a060_c0,bst,-0.5412493995931412
RDC128,a060_c0,ce,0.4900449050531681
RDC128,a060_c0,bst,-0.9000997579703819
RDC129,a060_c0,ce,0.3640637881161417
RDC129,a060_c0,bst,-0.1686539727353175
RDC130,a060_c0,ce,0.7627584891356124
RDC130,a060_c0,bst,1.137829431784535
RDC131,a060_c0,ce,-0.7612190913546707
RDC131,a060_c0,bst,0.2844099687827075
RDC132,a060_c0,ce,0.06035459445010951
RDC132,a060_c0,bst,-0.08999717824764408
RDC133,a060_c0,ce,-0.456240104040355
RDC133,a060_c0,bst,-0.2461237595893301
RDC134,a060_c0,ce,0.08762883641911311
RDC134,a060_c0,bst,-0.21822365017283038
RDC136,a060_c0,ce,-0.6177981168100405
RDC136,a060_c0,bst,-0.3594535224936803
RDC137,a060_c0,ce,-0.15944211494231572
RDC137,a060_c0,bst,-0.4108708123902722
RDC138,a060_c0,ce,0.20585807295877806
RDC138,a060_c0,bst,0.43999852564913383
RDC139,a060_c0,ce,-0.6503298900183644
RDC139,a060_c0,bst,0.03321951369469395
RDC141,a060_c0,ce,0.9292424467824624
RDC141,a060_c0,bst,-0.3991000133575359
RDC143,a060_c0,ce,-0.6350379318789537
RDC143,a060_c0,bst,-1.3581229516599234
RDC144,a060_c0,ce,0.23940135108994334
RDC144,a060_c0,bst,0.3363135617470288
RDC145,a060_c0,ce,-0.39216316534069534
RDC145,a060_c0,bst,-0.6915469563815603
RDC146,a060_c0,ce,-0.5439434587127459
RDC146,a060_c0,bst,-0.521368163632618
RDC147,a060_c0,ce,-0.4166655719746459
RDC147,a060_c0,bst,-0.8768890307158484
RDC152,a060_c0,ce,-0.4530228326119172
RDC152,a060_c0,bst,-1.0128628454974948
RDC153,a060_c0,ce,-0.06852122430920493
RDC153,a060_c0,bst,0.11048664249108918
RDC154,a060_c0,ce,0.7431682968609842
RDC154,a060_c0,bst,0.2149764086387678
RDC156,a060_c0,ce,-0.08381800375930054
RDC156,a060_c0,bst,-0.0277857066362965
RDC157,a060_c0,ce,0.31285992608043905
RDC157,a060_c0,bst,0.29544006025713215
RDC159,a060_c0,ce,0.31288363846446604
RDC159,a060_c0,bst,0.2512273631768276
RDC161,a060_c0,ce,0.05110433433316625
RDC161,a060_c0,bst,0.14250058564041668
RDC164,a060_c0,ce,-0.2585389874156136
RDC164,a060_c0,bst,0.018755403238562562
RDC165,a060_c0,ce,-0.25229067794054827
RDC165,a060_c0,bst,-0.48333039165626035
RDC167,a060_c0,ce,-0.10634585160203347
RDC167,a060_c0,bst,-0.18484049994068386
RDC171,a060_c0,ce,-0.4939716160586924
RDC171,a060_c0,bst,-1.132850677636806
RDC172,a060_c0,ce,0.16338630631209977
RDC172,a060_c0,bst,0.058440260908823406
RDC174,a060_c0,ce,-0.28430333084870746
RDC174,a060_c0,bst,0.7354407953935089
RDC175,a060_c0,ce,0.538900849534911
RDC175,a060_c0,bst,-1.5402047099422473
RDC176,a060_c0,ce,0.07445925815833696
RDC176,a060_c0,bst,0.14960943121931503
RDC177,a060_c0,ce,-0.23334157303051498
RDC177,a060_c0,bst,-0.07841391431699164
RDC178,a060_c0,ce,-0.34678352579804167
RDC178,a060_c0,bst,-0.872596424580761
RDC180,a060_c0,ce,-0.17025697579977406
RDC180,a060_c0,bst,0.1472003188969411
RDC183,a060_c0,ce,0.26600911077263395
RDC183,a060_c0,bst,-0.22546818921728193
RDC184,a060_c0,ce,-0.09889808344710295
RDC184,a060_c0,bst,-0.24837556610741737
RDC186,a060_c0,ce,0.41696691635446
RDC186,a060_c0,bst,-0.2414114914343806
RDC189,a060_c0,ce,0.32833354079003035
RDC189,a060_c0,bst,0.05376286460291709
RDC190,a060_c0,ce,0.8604440977946929
RDC190,a060_c0,bst,1.3006314105865358
RDC192,a060_c0,ce,0.15364128768235885
RDC192,a060_c0,bst,-0.2966476918812036
RDC193,a060_c0,ce,0.4724401623302931
RDC193,a060_c0,bst,0.2024400812678232
RDC195,a060_c0,ce,-0.03640645056846972
RDC195,a060_c0,bst,-0.45944675701064014
RDC196,a060_c0,ce,-0.12017642627666399
RDC196,a060_c0,bst,-1.016973417738845
RDC198,a060_c0,ce,-0.0320068137312547
RDC198,a060_c0,bst,0.40740641488660795
RDC200,a060_c0,ce,-0.21627111824586262
RDC200,a060_c0,bst,-0.9635884201977526
RDC202,a060_c0,ce,-0.382962471868947
RDC202,a060_c0,bst,-0.07284392743463819
RDC203,a060_c0,ce,-0.22834539922692895
RDC203,a060_c0,bst,0.25914438475097373
RDC204,a060_c0,ce,0.0018458687994541481
RDC204,a060_c0,bst,-0.13782896044323922
RDC207,a060_c0,ce,-0.07189468158676296
RDC207,a060_c0,bst,-0.26736769261901555
RDC208,a060_c0,ce,0.8335021467781675
RDC208,a060_c0,bst,0.03964492886109513
RDC209,a060_c0,ce,0.060035255179338116
RDC209,a060_c0,bst,0.7692729464511506
RDC210,a060_c0,ce,0.323301084694937
RDC210,a060_c0,bst,0.44801920990848815
RDC211,a060_c0,ce,0.3054628000995107
RDC211,a060_c0,bst,-0.065041505776248
RDC212,a060_c0,ce,0.2278339485493529
RDC212,a060_c0,bst,-0.4644451067253768
RDC213,a060_c0,ce,-0.17218103692224748
RDC213,a060_c0,bst,-0.35832104819910043
RDC214,a060_c0,ce,-0.43210045293073734
RDC214,a060_c0,bst,-0.016502267549022065
RDC216,a060_c0,ce,0.32462972278485425
RDC216,a060_c0,bst,-0.3083583882612438
RDC217,a060_c0,ce,0.05446000276630811
RDC217,a060_c0,bst,0.016810100476206596
RDC220,a060_c0,ce,-0.04454247447093237
RDC220,a060_c0,bst,0.45911113601933007
RDC221,a060_c0,ce,0.11108197999255048
RDC221,a060_c0,bst,-0.039942716176997774
RDC222,a060_c0,ce,-0.9450995788151046
RDC222,a060_c0,bst,-0.06000839987744198
RDC225,a060_c0,ce,-0.30865574054211137
RDC225,a060_c0,bst,0.7155693789328156
RDC226,a060_c0,ce,0.08404550282238828
RDC226,a060_c0,bst,0.34927126928030905
RDC227,a060_c0,ce,-1.3200385455667965
RDC227,a060_c0,bst,-0.897873037268832
RDC228,a060_c0,ce,0.28225593961476914
RDC228,a060_c0,bst,-0.7263306046384095
RDC229,a060_c0,ce,0.01772829548228445
RDC229,a060_c0,bst,-0.6624965094481102
RDC230,a060_c0,ce,0.2710907489339742
RDC230,a060_c0,bst,-0.2982652597878061
RDC231,a060_c0,ce,0.10456428853011944
RDC231,a060_c0,bst,0.4984212052968345
RDC232,a060_c0,ce,0.3544787745331472
RDC232,a060_c0,bst,-0.2790741067771159
RDC233,a060_c0,ce,-0.09199995326641631
RDC233,a060_c0,bst,0.04327094087394123
RDC234,a060_c0,ce,-0.3049945172127243
RDC234,a060_c0,bst,0.4691588596773992
RDC235,a060_c0,ce,0.3751251189998916
RDC235,a060_c0,bst,-0.33150716703567756
RDC236,a060_c0,ce,-0.09800764507554631
RDC236,a060_c0,bst,0.005098954469642388
RDC237,a060_c0,ce,-0.2973835417232001
RDC237,a060_c0,bst,-0.04571346206859265
RDC238,a060_c0,ce,-0.03270686077931062
RDC238,a060_c0,bst,0.896377528633867
RDC243,a060_c0,ce,0.014012158473734621
RDC243,a060_c0,bst,-0.40132006295116973
RDC244,a060_c0,ce,-0.20171170070656178
RDC244,a060_c0,bst,0.014165131216695529
RDC246,a060_c0,ce,-0.37762860977216967
RDC246,a060_c0,bst,-0.029688295038062973
RDC247,a060_c0,ce,0.795578776485914
RDC247,a060_c0,bst,0.8375287791633887
RDC248,a060_c0,ce,-0.43965899896891586
RDC248,a060_c0,bst,0.13976707267777408
RDC249,a060_c0,ce,-0.6148944062227241
RDC249,a060_c0,bst,-0.12973185504921672
RDC250,a060_c0,ce,0.48274691118916696
RDC250,a060_c0,bst,0.6613998904491144
RDC259,a060_c0,ce,-0.7276505259977938
RDC259,a060_c0,bst,-0.28187023766462166
RDC261,a060_c0,ce,-0.1381902403947992
RDC261,a060_c0,bst,0.3497112572563146
RDC263,a060_c0,ce,0.21375338907086663
RDC263,a060_c0,bst,-0.38593472544060825
RDC102,a070_c0,ce,0.5811309322862533
RDC102,a070_c0,bst,0.5182323370226071
RDC104,a070_c0,ce,-1.2766936439483008
RDC104,a070_c0,bst,0.07426601052212221
RDC105,a070_c0,ce,0.058815339583211564
RDC105,a070_c0,bst,-0.45797502278019375
RDC106,a070_c0,ce,-0.36399842499662965
RDC106,a070_c0,bst,0.05079022142449946
RDC107,a070_c0,ce,0.32111565024234706
RDC107,a070_c0,bst,0.48039357244083325
RDC109,a070_c0,ce,0.17943879062670415
RDC109,a070_c0,bst,-0.19821829160618418
RDC110,a070_c0,ce,0.555168156816081
RDC110,a070_c0,bst,-0.6254576009633709
RDC111,a070_c0,ce,-0.38303457293268467
RDC111,a070_c0,bst,-0.6856947195745698
RDC113,a070_c0,ce,-0.46299791589694717
RDC113,a070_c0,bst,-0.9627856990108246
RDC116,a070_c0,ce,-0.0674451310132167
RDC116,a070_c0,bst,-0.0835380624306173
RDC117,a070_c0,ce,-0.19883576040414594
RDC117,a070_c0,bst,-0.16659353482004904
RDC120,a070_c0,ce,0.5425165574508667
RDC120,a070_c0,bst,-0.5285606315627486
RDC125,a070_c0,ce,-0.3571804218491719
RDC125,a070_c0,bst,-0.031194160868973236
RDC126,a070_c0,ce,0.7986532194603061
RDC126,a070_c0,bst,0.6844448723168503
RDC127,a070_c0,ce,-0.794139275668012
RDC127,a070_c0,bst,0.11323403620316867
RDC128,a070_c0,ce,-0.24572526368359374
RDC128,a070_c0,bst,0.4694330323822061
RDC129,a070_c0,ce,0.36055549675144305
RDC129,a070_c0,bst,0.927596917861737
RDC130,a070_c0,ce,-1.0611329047335676
RDC130,a070_c0,bst,0.039135701678281565
RDC131,a070_c0,ce,0.2825561182612651
RDC131,a070_c0,bst,0.9319471676139472
RDC132,a070_c0,ce,-0.47819484929065414
RDC132,a070_c0,bst,0.6692596824943792
RDC133,a070_c0,ce,-0.14422900093764796
RDC133,a070_c0,bst,0.576370324847827
RDC134,a070_c0,ce,-0.4361413096889387
RDC134,a070_c0,bst,0.25237523506681964
RDC136,a070_c0,ce,0.3065227094766703
RDC136,a070_c0,bst,-0.239333824960701
RDC137,a070_c0,ce,0.5530447232826795
RDC137,a070_c0,bst,0.36480044084192925
RDC138,a070_c0,ce,0.005952028344190676
RDC138,a070_c0,bst,-0.9326461705397469
RDC139,a070_c0,ce,-0.7384517714496759
RDC139,a070_c0,bst,-1.0258456128237035
RDC141,a070_c0,ce,-0.18416136424692756
RDC141,a070_c0,bst,0.7151232412203113
RDC143,a070_c0,ce,-0.3573430170272729
RDC143,a070_c0,bst,0.02092183997263795
RDC144,a070_c0,ce,-0.10295563120712022
RDC144,a070_c0,bst,-0.5018167311988481
RDC145,a070_c0,ce,-0.7657769195269643
RDC145,a070_c0,bst,-1.1774417163754078
RDC146,a070_c0,ce,0.3781647405339165
RDC146,a070_c0,bst,0.7550785630640319
RDC147,a070_c0,ce,-0.5242631591346772
RDC147,a070_c0,bst,0.5357530447123663
RDC152,a070_c0,ce,0.46201595561467335
RDC152,a070_c0,bst,0.7610286290958562
RDC153,a070_c0,ce,0.1901615622056923
RDC153,a070_c0,bst,-0.23204435380361574
RDC154,a070_c0,ce,0.12817544626291733
RDC154,a070_c0,bst,-0.1895130901478569
RDC156,a070_c0,ce,-0.21728584803169942
RDC156,a070_c0,bst,0.7380581919604167
RDC157,a070_c0,ce,0.4281483173378119
RDC157,a070_c0,bst,0.440573139006401
RDC159,a070_c0,ce,1.027062909719854
RDC159,a070_c0,bst,-0.37917548864071193
RDC161,a070_c0,ce,0.5269241257152443
RDC161,a070_c0,bst,0.0613024308139171
RDC164,a070_c0,ce,0.2942261336389151
RDC164,a070_c0,bst,0.8513965594726538
RDC165,a070_c0,ce,-0.28054212847922116
RDC165,a070_c0,bst,0.13448100705384194
RDC167,a070_c0,ce,0.20924826876218947
RDC167,a070_c0,bst,-0.23362385360782345
RDC171,a070_c0,ce,0.5032223116750348
RDC171,a070_c0,bst,-0.23462901955846696
RDC172,a070_c0,ce,0.09134594969380795
RDC172,a070_c0,bst,1.5376919578011392
RDC174,a070_c0,ce,0.21213942230167887
RDC174,a070_c0,bst,-0.16571082942342077
RDC175,a070_c0,ce,-1.9672865369465384
RDC175,a070_c0,bst,-0.7495523727663876
RDC176,a070_c0,ce,0.4228299433871835
RDC176,a070_c0,bst,0.06208735979341442
RDC177,a070_c0,ce,1.0066324816051107
RDC177,a070_c0,bst,0.5568810902079248
RDC178,a070_c0,ce,0.41338135867641607
RDC178,a070_c0,bst,0.04174451314114395
RDC180,a070_c0,ce,-0.07114183396183556
RDC180,a070_c0,bst,0.5052068118571561
RDC183,a070_c0,ce,0.5398830565703849
RDC183,a070_c0,bst,0.6180946339036423
RDC184,a070_c0,ce,-0.10751224514310258
RDC184,a070_c0,bst,0.4287645589308209
RDC186,a070_c0,ce,-0.2823816950927468
RDC186,a070_c0,bst,-0.119795615101205
RDC189,a070_c0,ce,-0.2907205187265454
RDC189,a070_c0,bst,-0.1541796211360234
RDC190,a070_c0,ce,-0.44711238683084464
RDC190,a070_c0,bst,-0.17556074874878816
RDC192,a070_c0,ce,-0.09672835457086833
RDC192,a070_c0,bst,-0.09058780430103529
RDC193,a070_c0,ce,0.15476345920293866
RDC193,a070_c0,bst,0.4515827927772576
RDC195,a070_c0,ce,0.5434053302621124
RDC195,a070_c0,bst,0.22824097392807227
RDC196,a070_c0,ce,0.7845977988076319
RDC196,a070_c0,bst,1.6481622628498094
RDC198,a070_c0,ce,-0.40813209397101785
RDC198,a070_c0,bst,0.13156186022164762
RDC200,a070_c0,ce,-0.17014595394687848
RDC200,a070_c0,bst,0.5886191090844825
RDC202,a070_c0,ce,-0.07346398994085221
RDC202,a070_c0,bst,-0.0771230337501785
RDC203,a070_c0,ce,-0.18021178240018337
RDC203,a070_c0,bst,-0.18613303773627074
RDC204,a070_c0,ce,0.2531112617752811
RDC204,a070_c0,bst,0.3469475852651105
RDC207,a070_c0,ce,-0.1356134297800363
RDC207,a070_c0,bst,-0.07851958234003488
RDC208,a070_c0,ce,0.3138130989958103
RDC208,a070_c0,bst,-0.14237332173647574
RDC209,a070_c0,ce,0.3299107645027372
RDC209,a070_c0,bst,-0.035490433665916976
RDC210,a070_c0,ce,0.24450177644311552
RDC210,a070_c0,bst,0.3443555093860411
RDC211,a070_c0,ce,0.32999175999182356
RDC211,a070_c0,bst,0.3894603737299098
RDC212,a070_c0,ce,-0.8136003364286872
RDC212,a070_c0,bst,0.1265116107513611
RDC213,a070_c0,ce,-0.249538878941392
RDC213,a070_c0,bst,-0.27069916420630225
RDC214,a070_c0,ce,-0.08285641395996209
RDC214,a070_c0,bst,0.19109755786084204
RDC216,a070_c0,ce,0.029063044372652228
RDC216,a070_c0,bst,0.20921928053044217
RDC217,a070_c0,ce,0.0054155095332175775
RDC217,a070_c0,bst,-0.07184863371377197
RDC220,a070_c0,ce,-0.4591169382911673
RDC220,a070_c0,bst,-0.02751562382400785
RDC221,a070_c0,ce,-0.5156702854508232
RDC221,a070_c0,bst,-0.8014494399478208
RDC222,a070_c0,ce,0.08044888023257182
RDC222,a070_c0,bst,0.22155863213652113
RDC225,a070_c0,ce,-0.21747295769360409
RDC225,a070_c0,bst,0.2469625104713867
RDC226,a070_c0,ce,-0.33933550594751805
RDC226,a070_c0,bst,0.9331055011825181
RDC227,a070_c0,ce,-0.3676069690830819
RDC227,a070_c0,bst,0.2955626260046486
RDC228,a070_c0,ce,-0.15214852569307497
RDC228,a070_c0,bst,0.5171657220405771
RDC229,a070_c0,ce,0.26542957332753525
RDC229,a070_c0,bst,0.40413517831716733
RDC230,a070_c0,ce,-0.15444960658803059
RDC230,a070_c0,bst,0.1869544298861887
RDC231,a070_c0,ce,-0.16444710014081182
RDC231,a070_c0,bst,-1.1373683597353794
RDC232,a070_c0,ce,-0.5817054581100681
RDC232,a070_c0,bst,0.11141238674602633
RDC233,a070_c0,ce,0.09430048582233883
RDC233,a070_c0,bst,-0.5547998549621785
RDC234,a070_c0,ce,-0.41055099538856293
RDC234,a070_c0,bst,0.1921491788262765
RDC235,a070_c0,ce,-0.27181775445373396
RDC235,a070_c0,bst,0.2641200256838246
RDC236,a070_c0,ce,0.40732112312753466
RDC236,a070_c0,bst,-0.13901917683148138
RDC237,a070_c0,ce,-0.4485791986891041
RDC237,a070_c0,bst,0.516364481590285
RDC238,a070_c0,ce,0.008074099813015732
RDC238,a070_c0,bst,0.6201299642426956
RDC243,a070_c0,ce,0.05890137687976016
RDC243,a070_c0,bst,-0.8102881412499015
RDC244,a070_c0,ce,-0.14384400175269296
RDC244,a070_c0,bst,-0.8238078981321187
RDC246,a070_c0,ce,-0.318061469722063
RDC246,a070_c0,bst,0.07642788039087116
RDC247,a070_c0,ce,-0.6763458991712664
RDC247,a070_c0,bst,0.8397895688084799
RDC248,a070_c0,ce,-0.04539777769411152
RDC248,a070_c0,bst,0.2144676570292602
RDC249,a070_c0,ce,0.007010847173192716
RDC249,a070_c0,bst,-0.14125707280706243
RDC250,a070_c0,ce,1.2061161174168362
RDC250,a070_c0,bst,0.7408708360732502
RDC259,a070_c0,ce,0.4093447695511207
RDC259,a070_c0,bst,-0.23997703690031336
RDC261,a070_c0,ce,0.13454281022180437
RDC261,a070_c0,bst,-0.6827057433700343
RDC263,a070_c0,ce,-0.36190636556533423
RDC263,a070_c0,bst,0.057214536429758045
RDC102,a080_c0,ce,-0.45229580390126733
RDC102,a080_c0,bst,0.11774222611167467
RDC104,a080_c0,ce,-0.22337301272179041
RDC104,a080_c0,bst,0.10464369308450742
RDC105,a080_c0,ce,0.42313680219852196
RDC105,a080_c0,bst,-1.8561893707270436
RDC106,a080_c0,ce,-0.19299635542088162
RDC106,a080_c0,bst,0.532318105063241
RDC107,a080_c0,ce,0.18060498051315763
RDC107,a080_c0,bst,-0.275629111346784
RDC109,a080_c0,ce,0.4706066527839428
RDC109,a080_c0,bst,0.6714224135798589
RDC110,a080_c0,ce,-1.0231663390307415
RDC110,a080_c0,bst,0.05845307903337891
RDC111,a080_c0,ce,-0.5054138359150075
RDC111,a080_c0,bst,0.7571736421119747
RDC113,a080_c0,ce,-0.018202053498292924
RDC113,a080_c0,bst,0.05558710069556224
RDC116,a080_c0,ce,-0.3972783397855721
RDC116,a080_c0,bst,-0.7880525622554252
RDC117,a080_c0,ce,-1.0758389342783192
RDC117,a080_c0,bst,-1.165441101102081
RDC120,a080_c0,ce,-0.7450582845961099
RDC120,a080_c0,bst,0.4574759644912501
RDC125,a080_c0,ce,-1.1330931034698988
RDC125,a080_c0,bst,-0.010326268789305287
RDC126,a080_c0,ce,-0.46584160880927855
RDC126,a080_c0,bst,0.0952555016502461
RDC127,a080_c0,ce,-0.5702146649000481
RDC127,a080_c0,bst,-0.04505697185488772
RDC128,a080_c0,ce,0.518424163405726
RDC128,a080_c0,bst,0.042767952054876546
RDC129,a080_c0,ce,-0.09190786777231943
RDC129,a080_c0,bst,-0.5865096516875672
RDC130,a080_c0,ce,-0.38761659367131396
RDC130,a080_c0,bst,-1.1914469414611404
RDC131,a080_c0,ce,-0.09843552835058737
RDC131,a080_c0,bst,-0.6477227291357867
RDC132,a080_c0,ce,0.5134103139226946
RDC132,a080_c0,bst,0.5382379175248796
RDC133,a080_c0,ce,0.06216423701710446
RDC133,a080_c0,bst,0.0014979756645886466
RDC134,a080_c0,ce,0.2691487810205481
RDC134,a080_c0,bst,-0.02931723467620767
RDC136,a080_c0,ce,0.04276250856265353
RDC136,a080_c0,bst,0.4618394619646949
RDC137,a080_c0,ce,-0.41989546442615006
RDC137,a080_c0,bst,0.07682024582175935
RDC138,a080_c0,ce,-0.3197359020310933
RDC138,a080_c0,bst,0.13047045733788362
RDC139,a080_c0,ce,0.2651352669052199
RDC139,a080_c0,bst,0.4518175980849815
RDC141,a080_c0,ce,0.43331361512208266
RDC141,a080_c0,bst,-0.2559254808313032
RDC143,a080_c0,ce,0.006787577595727416
RDC143,a080_c0,bst,-1.7128163108539465
RDC144,a080_c0,ce,0.16265463219592424
RDC144,a080_c0,bst,1.4200935429816768
RDC145,a080_c0,ce,-0.14667625929095163
RDC145,a080_c0,bst,0.09732150251760809
RDC146,a080_c0,ce,0.006215431685868455
RDC146,a080_c0,bst,0.04066789323044199
RDC147,a080_c0,ce,0.10132543207207918
RDC147,a080_c0,bst,0.03879806536945759
RDC152,a080_c0,ce,-0.45745604309731713
RDC152,a080_c0,bst,-2.1705255811016766
RDC153,a080_c0,ce,-0.5617599129221911
RDC153,a080_c0,bst,0.11539754735494855
RDC154,a080_c0,ce,0.7324934819316912
RDC154,a080_c0,bst,-0.11385325536032624
RDC156,a080_c0,ce,-0.21822694279580704
RDC156,a080_c0,bst,0.13603355131307038
RDC157,a080_c0,ce,0.16329182354729124
RDC157,a080_c0,bst,-0.07512431348223428
RDC159,a080_c0,ce,-0.11650404114603537
RDC159,a080_c0,bst,-0.2717426873106712
RDC161,a080_c0,ce,-0.8064513003152314
RDC161,a080_c0,bst,-1.4172314794125918
RDC164,a080_c0,ce,-0.7926115056854617
RDC164,a080_c0,bst,0.06425741754362879
RDC165,a080_c0,ce,0.16395866678904042
RDC165,a080_c0,bst,-0.7820023948866094
RDC167,a080_c0,ce,0.14404088143482147
RDC167,a080_c0,bst,-0.3729096273577408
RDC171,a080_c0,ce,-0.44374896582440715
RDC171,a080_c0,bst,0.766638764528726
RDC172,a080_c0,ce,0.0830913794104076
RDC172,a080_c0,bst,0.6267376341842721
RDC174,a080_c0,ce,0.412614894644637
RDC174,a080_c0,bst,0.6763555235230325
RDC175,a080_c0,ce,1.2692654689940177
RDC175,a080_c0,bst,0.14004916249840577
RDC176,a080_c0,ce,-0.18857292022896682
RDC176,a080_c0,bst,-0.2620233675993229
RDC177,a080_c0,ce,-0.5257371227925675
RDC177,a080_c0,bst,-0.6604421591633193
RDC178,a080_c0,ce,-0.1393136128862502
RDC178,a080_c0,bst,0.28658861378140194
RDC180,a080_c0,ce,0.0889244308549491
RDC180,a080_c0,bst,-0.04877099786177874
RDC183,a080_c0,ce,0.5173009906845755
RDC183,a080_c0,bst,-0.42376083998548
RDC184,a080_c0,ce,0.6914318597004941
RDC184,a080_c0,bst,0.3226646368036157
RDC186,a080_c0,ce,0.1896836095162516
RDC186,a080_c0,bst,0.3687857293274866
RDC189,a080_c0,ce,0.22945919139665116
RDC189,a080_c0,bst,0.1790097703169835
RDC190,a080_c0,ce,-0.018798673817355706
RDC190,a080_c0,bst,0.24950151381957722
RDC192,a080_c0,ce,0.0669241064059738
RDC192,a080_c0,bst,0.015224134324231439
RDC193,a080_c0,ce,-0.40974311553768306
RDC193,a080_c0,bst,-0.22957428395514093
RDC195,a080_c0,ce,-0.7965485706574792
RDC195,a080_c0,bst,-0.7637458539699115
RDC196,a080_c0,ce,-0.09876781648974087
RDC196,a080_c0,bst,-1.1606588131358957
RDC198,a080_c0,ce,-0.3542236904413963
RDC198,a080_c0,bst,-0.7676829120906784
RDC200,a080_c0,ce,0.10916210949670291
RDC200,a080_c0,bst,-1.4498739855893084
RDC202,a080_c0,ce,-0.2825957790392608
RDC202,a080_c0,bst,-0.25328702888305754
RDC203,a080_c0,ce,-0.14381807321346915
RDC203,a080_c0,bst,-0.8754821749496768
RDC204,a080_c0,ce,-0.19059635602607325
RDC204,a080_c0,bst,-0.5602430971129538
RDC207,a080_c0,ce,-0.02075734122317855
RDC207,a080_c0,bst,-0.14289085087702738
RDC208,a080_c0,ce,0.5892400318973164
RDC208,a080_c0,bst,0.5668263030252315
RDC209,a080_c0,ce,0.42434331321694563
RDC209,a080_c0,bst,0.16744715083181508
RDC210,a080_c0,ce,-0.4871401223443674
RDC210,a080_c0,bst,-0.021089605409893537
RDC211,a080_c0,ce,0.04433621186352269
RDC211,a080_c0,bst,-0.3024289238583163
RDC212,a080_c0,ce,-0.5899264876384723
RDC212,a080_c0,bst,-0.40422191772895316
RDC213,a080_c0,ce,-0.09227237361027202
RDC213,a080_c0,bst,0.33677076633391123
RDC214,a080_c0,ce,-0.38255647566210693
RDC214,a080_c0,bst,0.7206419757626022
RDC216,a080_c0,ce,0.48060658075255336
RDC216,a080_c0,bst,0.07658536833850786
RDC217,a080_c0,ce,-0.10423342948748453
RDC217,a080_c0,bst,-0.17303041089297755
RDC220,a080_c0,ce,0.34327273345575243
RDC220,a080_c0,bst,-0.8363376007127782
RDC221,a080_c0,ce,-0.367713875565096
RDC221,a080_c0,bst,0.8740558110239065
RDC222,a080_c0,ce,0.17524837036900198
RDC222,a080_c0,bst,0.36242137431534344
RDC225,a080_c0,ce,-0.843586169947456
RDC225,a080_c0,bst,0.05227834497717019
RDC226,a080_c0,ce,0.6419535892240912
RDC226,a080_c0,bst,-0.02433246507130841
RDC227,a080_c0,ce,0.16691764226451902
RDC227,a080_c0,bst,0.2727767772234188
RDC228,a080_c0,ce,0.2276134678737654
RDC228,a080_c0,bst,-0.3007056706303392
RDC229,a080_c0,ce,-0.44680750497819793
RDC229,a080_c0,bst,-0.6448122970162987
RDC230,a080_c0,ce,0.3850283568049064
RDC230,a080_c0,bst,-0.4649319274918331
RDC231,a080_c0,ce,-0.8082917439546398
RDC231,a080_c0,bst,0.7497227707159503
RDC232,a080_c0,ce,-0.2196563402226395
RDC232,a080_c0,bst,0.01687857429616167
RDC233,a080_c0,ce,0.06070774794678925
RDC233,a080_c0,bst,0.6254768548980695
RDC234,a080_c0,ce,-0.9612164495844006
RDC234,a080_c0,bst,0.2931841113684295
RDC235,a080_c0,ce,0.3584512644211066
RDC235,a080_c0,bst,0.5330120620109046
RDC236,a080_c0,ce,0.36731286972966226
RDC236,a080_c0,bst,0.7208320725519494
RDC237,a080_c0,ce,0.9772743579209907
RDC237,a080_c0,bst,0.2771848512265629
RDC238,a080_c0,ce,0.4446165655363106
RDC238,a080_c0,bst,0.7568617817688358
RDC243,a080_c0,ce,0.027012197273130284
RDC243,a080_c0,bst,-0.279291991502112
RDC244,a080_c0,ce,-0.08164317693809828
RDC244,a080_c0,bst,-0.3916097896118633
RDC246,a080_c0,ce,-0.6470228357797293
RDC246,a080_c0,bst,0.4422807230432786
RDC247,a080_c0,ce,0.3796614528503074
RDC247,a080_c0,bst,0.8877242294499487
RDC248,a080_c0,ce,0.06941971813802406
RDC248,a080_c0,bst,-1.0265127119678261
RDC249,a080_c0,ce,-0.7142032935319612
RDC249,a080_c0,bst,-0.1718510973322135
RDC250,a080_c0,ce,-0.2940104638041293
RDC250,a080_c0,bst,-0.07592490004890286
RDC259,a080_c0,ce,0.1158269525253065
RDC259,a080_c0,bst,0.3389965365275074
RDC261,a080_c0,ce,-0.6836820952206376
RDC261,a080_c0,bst,-0.8312600200593749
RDC263,a080_c0,ce,0.6215002323338624
RDC263,a080_c0,bst,0.5836633770217092
RDC102,a090_c0,ce,0.7792378909933467
RDC102,a090_c0,bst,1.4284198985881111
RDC104,a090_c0,ce,0.8707702645545947
RDC104,a090_c0,bst,-0.6701519019606117
RDC105,a090_c0,ce,0.6908160823253249
RDC105,a090_c0,bst,1.1589779895607482
RDC106,a090_c0,ce,-0.7728235412152425
RDC106,a090_c0,bst,0.3748204195922627
RDC107,a090_c0,ce,0.6963196730357687
RDC107,a090_c0,bst,1.3271903880615727
RDC109,a090_c0,ce,-0.46546591562251993
RDC109,a090_c0,bst,0.16631082415723833
RDC110,a090_c0,ce,0.8984535602749544
RDC110,a090_c0,bst,-0.10011253994393714
RDC111,a090_c0,ce,0.6927871931959754
RDC111,a090_c0,bst,-0.05832498298451371
RDC113,a090_c0,ce,0.7292325143760007
RDC113,a090_c0,bst,-0.1684287790066864
RDC116,a090_c0,ce,0.5356649186235403
RDC116,a090_c0,bst,-0.373549740033686
RDC117,a090_c0,ce,1.1689387726537819
RDC117,a090_c0,bst,1.142278540244783
RDC120,a090_c0,ce,0.12429743573639929
RDC120,a090_c0,bst,-0.6702472481708385
RDC125,a090_c0,ce,-0.22767014629092996
RDC125,a090_c0,bst,-0.5094584700098191
RDC126,a090_c0,ce,-0.09518438661187226
RDC126,a090_c0,bst,0.5469215314037706
RDC127,a090_c0,ce,0.12567224630907817
RDC127,a090_c0,bst,-0.41783489302347704
RDC128,a090_c0,ce,-0.7351004712288082
RDC128,a090_c0,bst,0.6057545438417352
RDC129,a090_c0,ce,-0.39009377613889673
RDC129,a090_c0,bst,0.32844786492632183
RDC130,a090_c0,ce,0.41702455708937897
RDC130,a090_c0,bst,-0.22217099720173353
RDC131,a090_c0,ce,0.2401862594841769
RDC131,a090_c0,bst,0.21657271257829103
RDC132,a090_c0,ce,-0.8392872735709019
RDC132,a090_c0,bst,-0.17891335385836038
RDC133,a090_c0,ce,-1.6050359054247294
RDC133,a090_c0,bst,0.2842270774582614
RDC134,a090_c0,ce,-1.3102052804152624
RDC134,a090_c0,bst,-0.06301872363754013
RDC136,a090_c0,ce,-0.9813670524605071
RDC136,a090_c0,bst,-0.1611161490624927
RDC137,a090_c0,ce,0.4417984736275698
RDC137,a090_c0,bst,0.6855745435875454
RDC138,a090_c0,ce,0.26270810728520555
RDC138,a090_c0,bst,-0.27373698434110766
RDC139,a090_c0,ce,-0.04486072648356421
RDC139,a090_c0,bst,-0.5530182666401312
RDC141,a090_c0,ce,-0.6347591941974776
RDC141,a090_c0,bst,0.4051399054388989
RDC143,a090_c0,ce,-0.47460455237019106
RDC143,a090_c0,bst,-0.0396392286473893
RDC144,a090_c0,ce,0.12396594521868817
RDC144,a090_c0,bst,-0.17787555752940087
RDC145,a090_c0,ce,0.19228796019354555
RDC145,a090_c0,bst,0.7124798764971471
RDC146,a090_c0,ce,0.8002916609186851
RDC146,a090_c0,bst,-0.03481821063782734
RDC147,a090_c0,ce,-0.4217731961864835
RDC147,a090_c0,bst,-0.2295045812060903
RDC152,a090_c0,ce,0.18788457991470317
RDC152,a090_c0,bst,-0.7904956253611714
RDC153,a090_c0,ce,0.7745094291494748
RDC153,a090_c0,bst,0.8125281534999657
RDC154,a090_c0,ce,0.701152808913967
RDC154,a090_c0,bst,-0.9654838514023497
RDC156,a090_c0,ce,0.4990592448978612
RDC156,a090_c0,bst,0.4797624577735462
RDC157,a090_c0,ce,0.05414515888705146
RDC157,a090_c0,bst,-0.29862486229091784
RDC159,a090_c0,ce,-0.2590003664216263
RDC159,a090_c0,bst,-0.835376735481726
RDC161,a090_c0,ce,-0.012055301147096275
RDC161,a090_c0,bst,-1.339064608169864
RDC164,a090_c0,ce,0.9473007659223036
RDC164,a090_c0,bst,0.7493565533950726
RDC165,a090_c0,ce,0.38301181210130025
RDC165,a090_c0,bst,0.7896135179358814
RDC167,a090_c0,ce,-0.8638461170064557
RDC167,a090_c0,bst,0.6254580145841295
RDC171,a090_c0,ce,-0.4726766765643862
RDC171,a090_c0,bst,-0.381039953148038
RDC172,a090_c0,ce,-0.05184287404747421
RDC172,a090_c0,bst,0.7978109249256314
RDC174,a090_c0,ce,0.9020629706957937
RDC174,a090_c0,bst,0.2488735468403167
RDC175,a090_c0,ce,-1.3338953582440267
RDC175,a090_c0,bst,-1.1923879999220819
RDC176,a090_c0,ce,0.4708482983870189
RDC176,a090_c0,bst,0.7394476681543604
RDC177,a090_c0,ce,0.7061993244691172
RDC177,a090_c0,bst,0.04558177742816194
RDC178,a090_c0,ce,-0.12900799827443002
RDC178,a090_c0,bst,0.784332726126726
RDC180,a090_c0,ce,0.6597193310295542
RDC180,a090_c0,bst,0.37282469263973894
RDC183,a090_c0,ce,-0.9408961487779484
RDC183,a090_c0,bst,1.277815578937203
RDC184,a090_c0,ce,-0.03311035754093994
RDC184,a090_c0,bst,0.8387029966221572
RDC186,a090_c0,ce,-0.9647132987824071
RDC186,a090_c0,bst,-0.11064668145308815
RDC189,a090_c0,ce,-0.5610470128683424
RDC189,a090_c0,bst,-0.574849740424581
RDC190,a090_c0,ce,-0.30797959761206545
RDC190,a090_c0,bst,-0.7939549292100749
RDC192,a090_c0,ce,0.12236768226068516
RDC192,a090_c0,bst,-0.4477054174143011
RDC193,a090_c0,ce,-0.4039894766135409
RDC193,a090_c0,bst,-0.3976676607175417
RDC195,a090_c0,ce,1.2284993553991026
RDC195,a090_c0,bst,0.9217126157603652
RDC196,a090_c0,ce,0.13273840119697342
RDC196,a090_c0,bst,1.084583143681743
RDC198,a090_c0,ce,-0.26785436137539387
RDC198,a090_c0,bst,-0.7459592441862125
RDC200,a090_c0,ce,0.6440396029753394
RDC200,a090_c0,bst,1.0913816737455007
RDC202,a090_c0,ce,0.46930969538983014
RDC202,a090_c0,bst,-0.14037446659740863
RDC203,a090_c0,ce,0.3306309018128
RDC203,a090_c0,bst,0.5128092994687754
RDC204,a090_c0,ce,0.34435206623737963
RDC204,a090_c0,bst,-0.2530336118748465
RDC207,a090_c0,ce,0.1777673253024054
RDC207,a090_c0,bst,-1.6628748395824262
RDC208,a090_c0,ce,-1.799220269080352
RDC208,a090_c0,bst,-1.365796647265789
RDC209,a090_c0,ce,0.21278394815638016
RDC209,a090_c0,bst,0.5282452977715565
RDC210,a090_c0,ce,-0.015677022321823095
RDC210,a090_c0,bst,0.8963309936322408
RDC211,a090_c0,ce,-0.39511363154720985
RDC211,a090_c0,bst,-0.03257644112316601
RDC212,a090_c0,ce,0.7197436177669662
RDC212,a090_c0,bst,-0.3451883209709888
RDC213,a090_c0,ce,-0.4892602365603757
RDC213,a090_c0,bst,0.7059879716909213
RDC214,a090_c0,ce,0.6602931002691879
RDC214,a090_c0,bst,0.17471079192669323
RDC216,a090_c0,ce,0.5845295790453052
RDC216,a090_c0,bst,2.184250673424913
RDC217,a090_c0,ce,0.43680534935092596
RDC217,a090_c0,bst,-0.5120770310066353
RDC220,a090_c0,ce,-0.33856106530886265
RDC220,a090_c0,bst,0.8961973292590418
RDC221,a090_c0,ce,-0.25200579756475
RDC221,a090_c0,bst,1.3823195624583173
RDC222,a090_c0,ce,0.43235795616361683
RDC222,a090_c0,bst,1.0443343688896272
RDC225,a090_c0,ce,1.234817978020039
RDC225,a090_c0,bst,0.6473126197324248
RDC226,a090_c0,ce,0.014510284084021897
RDC226,a090_c0,bst,-1.752947089390579
RDC227,a090_c0,ce,0.010946035675865379
RDC227,a090_c0,bst,-0.1437745634736435
RDC228,a090_c0,ce,-0.6006368807880359
RDC228,a090_c0,bst,-0.6274973033959567
RDC229,a090_c0,ce,-0.550852882788435
RDC229,a090_c0,bst,2.1856446247056254
RDC230,a090_c0,ce,0.8849576862512375
RDC230,a090_c0,bst,0.38621206966114824
RDC231,a090_c0,ce,-1.1649926740985306
RDC231,a090_c0,bst,1.0599147597541434
RDC232,a090_c0,ce,0.9442379261333256
RDC232,a090_c0,bst,0.4134117203036196
RDC233,a090_c0,ce,0.28894701513571003
RDC233,a090_c0,bst,-0.13503512804078413
RDC234,a090_c0,ce,0.14681158177571368
RDC234,a090_c0,bst,-0.1666066743288437
RDC235,a090_c0,ce,-0.012787739725669068
RDC235,a090_c0,bst,-0.3919076249299059
RDC236,a090_c0,ce,0.2569962341541408
RDC236,a090_c0,bst,0.13526994783103694
RDC237,a090_c0,ce,0.17689796954716772
RDC237,a090_c0,bst,0.6457603620978292
RDC238,a090_c0,ce,0.043823799454567804
RDC238,a090_c0,bst,0.17248128997976483
RDC243,a090_c0,ce,0.17128625858836855
RDC243,a090_c0,bst,-0.15400123997278703
RDC244,a090_c0,ce,0.49671239498367303
RDC244,a090_c0,bst,0.2832736536806673
RDC246,a090_c0,ce,0.2828986701484673
RDC246,a090_c0,bst,0.0473916870872334
RDC247,a090_c0,ce,-0.19286630232554827
RDC247,a090_c0,bst,-0.6430560357901455
RDC248,a090_c0,ce,0.08385765947759696
RDC248,a090_c0,bst,0.00921067633383806
RDC249,a090_c0,ce,-0.29871684526327824
RDC249,a090_c0,bst,-0.24639880757651209
RDC250,a090_c0,ce,-0.6395917678564256
RDC250,a090_c0,bst,-1.10237270607458
RDC259,a090_c0,ce,0.0471479552594955
RDC259,a090_c0,bst,-1.0481083402867144
RDC261,a090_c0,ce,-0.34699206007938477
RDC261,a090_c0,bst,-0.4126987289546728
RDC263,a090_c0,ce,-0.29402667694944623
RDC263,a090_c0,bst,-0.3340711594452009
RDC102,cue_amb_const_c0,ce,0.18114893481543076
RDC102,cue_amb_const_c0,bst,0.35937440098746176
RDC104,cue_amb_const_c0,ce,-0.11310641357124374
RDC104,cue_amb_const_c0,bst,1.149868249294385
RDC105,cue_amb_const_c0,ce,0.810499973035465
RDC105,cue_amb_const_c0,bst,-0.08116744550141053
RDC106,cue_amb_const_c0,ce,0.020852763756708116
RDC106,cue_amb_const_c0,bst,0.034207433670701295
RDC107,cue_amb_const_c0,ce,-0.05729221076019181
RDC107,cue_amb_const_c0,bst,-0.1608814851106155
RDC109,cue_amb_const_c0,ce,-0.12816133467685933
RDC109,cue_amb_const_c0,bst,0.1414526072413588
RDC110,cue_amb_const_c0,ce,-0.21661648670261857
RDC110,cue_amb_const_c0,bst,-0.23269676520759308
RDC111,cue_amb_const_c0,ce,0.06649476318172341
RDC111,cue_amb_const_c0,bst,0.33959435815328964
RDC113,cue_amb_const_c0,ce,0.14695174499426492
RDC113,cue_amb_const_c0,bst,0.023504567301746104
RDC116,cue_amb_const_c0,ce,0.20751957944030738
RDC116,cue_amb_const_c0,bst,-0.428477978157263
RDC117,cue_amb_const_c0,ce,-0.3561258587893289
RDC117,cue_amb_const_c0,bst,-0.35908725578340045
RDC120,cue_amb_const_c0,ce,-0.1650956588549496
RDC120,cue_amb_const_c0,bst,-0.33940424663345675
RDC125,cue_amb_const_c0,ce,-0.651967788537404
RDC125,cue_amb_const_c0,bst,-0.5332962402730572
RDC126,cue_amb_const_c0,ce,0.062126096874995075
RDC126,cue_amb_const_c0,bst,0.12701245126345037
RDC127,cue_amb_const_c0,ce,-0.24163501837067244
RDC127,cue_amb_const_c0,bst,-0.27860326941137337
RDC128,cue_amb_const_c0,ce,-0.20073583096870587
RDC128,cue_amb_const_c0,bst,-0.1706991070877285
RDC129,cue_amb_const_c0,ce,0.08129083614273945
RDC129,cue_amb_const_c0,bst,0.02550106735212752
RDC130,cue_amb_const_c0,ce,-0.6924750932188345
RDC130,cue_amb_const_c0,bst,-0.26577865268867756
RDC131,cue_amb_const_c0,ce,-0.048767031066588896
RDC131,cue_amb_const_c0,bst,0.9233757627156075
RDC132,cue_amb_const_c0,ce,0.26629128835578025
RDC132,cue_amb_const_c0,bst,-0.029557703171364746
RDC133,cue_amb_const_c0,ce,0.0017988346448683961
RDC133,cue_amb_const_c0,bst,0.22248516781656513
RDC134,cue_amb_const_c0,ce,-0.18471509585604243
RDC134,cue_amb_const_c0,bst,-0.00979633525199819
RDC136,cue_amb_const_c0,ce,-0.20630774297054805
RDC136,cue_amb_const_c0,bst,-0.4032196263977778
RDC137,cue_amb_const_c0,ce,0.13343208798357015
RDC137,cue_amb_const_c0,bst,0.1641002931670103
RDC138,cue_amb_const_c0,ce,-0.5473571474929017
RDC138,cue_amb_const_c0,bst,0.14439756375745263
RDC139,cue_amb_const_c0,ce,-0.29020817281498923
RDC139,cue_amb_const_c0,bst,0.006318231871511051
RDC141,cue_amb_const_c0,ce,0.12418318026663519
RDC141,cue_amb_const_c0,bst,0.19251256679277481
RDC143,cue_amb_const_c0,ce,-0.33943514402876707
RDC143,cue_amb_const_c0,bst,-0.13162920978310355
RDC144,cue_amb_const_c0,ce,-0.34057076945463877
RDC144,cue_amb_const_c0,bst,0.07501159816560589
RDC145,cue_amb_const_c0,ce,0.0563134727215331
RDC145,cue_amb_const_c0,bst,0.04913073624616704
RDC146,cue_amb_const_c0,ce,0.5644494408705346
RDC146,cue_amb_const_c0,bst,0.21477535393431443
RDC147,cue_amb_const_c0,ce,0.04275402665457317
RDC147,cue_amb_const_c0,bst,-0.34137018795991364
RDC152,cue_amb_const_c0,ce,0.1973841815872568
RDC152,cue_amb_const_c0,bst,-0.9865675691750105
RDC153,cue_amb_const_c0,ce,-0.21133733505417607
RDC153,cue_amb_const_c0,bst,0.050737231921127356
RDC154,cue_amb_const_c0,ce,0.34874215737587005
RDC154,cue_amb_const_c0,bst,0.21734903030107255
RDC156,cue_amb_const_c0,ce,-0.005744201486379748
RDC156,cue_amb_const_c0,bst,0.019697011736998695
RDC157,cue_amb_const_c0,ce,-0.2891317897239709
RDC157,cue_amb_const_c0,bst,0.08140539196295159
RDC159,cue_amb_const_c0,ce,0.30205266656200075
RDC159,cue_amb_const_c0,bst,0.1672809780198136
RDC161,cue_amb_const_c0,ce,0.08475057442631204
RDC161,cue_amb_const_c0,bst,-0.651939541312973
RDC164,cue_amb_const_c0,ce,0.49122612799773446
RDC164,cue_amb_const_c0,bst,0.26791250240776393
RDC165,cue_amb_const_c0,ce,-0.006994989754449244
RDC165,cue_amb_const_c0,bst,0.07290595872988904
RDC167,cue_amb_const_c0,ce,-0.18674964219922874
RDC167,cue_amb_const_c0,bst,0.004544007829138497
RDC171,cue_amb_const_c0,ce,0.07490919895310916
RDC171,cue_amb_const_c0,bst,-0.35500826134290264
RDC172,cue_amb_const_c0,ce,0.3766599246346465
RDC172,cue_amb_const_c0,bst,0.7561633122475895
RDC174,cue_amb_const_c0,ce,0.6016776170904393
RDC174,cue_amb_const_c0,bst,0.4707070166809943
RDC175,cue_amb_const_c0,ce,-1.021351519483214
RDC175,cue_amb_const_c0,bst,-0.298263692601699
RDC176,cue_amb_const_c0,ce,-0.007865746977770432
RDC176,cue_amb_const_c0,bst,-0.015454754676036889
RDC177,cue_amb_const_c0,ce,0.23089235479429418
RDC177,cue_amb_const_c0,bst,0.34630364974215727
RDC178,cue_amb_const_c0,ce,0.17785045187360707
RDC178,cue_amb_const_c0,bst,-0.014695013248959369
RDC180,cue_amb_const_c0,ce,0.6628805584243306
RDC180,cue_amb_const_c0,bst,-0.20617105040808403
RDC183,cue_amb_const_c0,ce,0.34528197138818706
RDC183,cue_amb_const_c0,bst,-0.05822999134477765
RDC184,cue_amb_const_c0,ce,0.2758159472120209
RDC184,cue_amb_const_c0,bst,0.14414471086072064
RDC186,cue_amb_const_c0,ce,0.33311556339112786
RDC186,cue_amb_const_c0,bst,0.43506442856577543
RDC189,cue_amb_const_c0,ce,0.04912503972785635
RDC189,cue_amb_const_c0,bst,0.10599085201639362
RDC190,cue_amb_const_c0,ce,0.1512404325256267
RDC190,cue_amb_const_c0,bst,0.6862305824153364
RDC192,cue_amb_const_c0,ce,0.29483817963176145
RDC192,cue_amb_const_c0,bst,0.37027117369379564
RDC193,cue_amb_const_c0,ce,0.0686610320644877
RDC193,cue_amb_const_c0,bst,0.41795597091059417
RDC195,cue_amb_const_c0,ce,-0.11374013621977931
RDC195,cue_amb_const_c0,bst,-0.00431529051250958
RDC196,cue_amb_const_c0,ce,-0.10213932945924893
RDC196,cue_amb_const_c0,bst,0.2567551343822905
RDC198,cue_amb_const_c0,ce,0.15404618913630191
RDC198,cue_amb_const_c0,bst,-0.055342610536218216
RDC200,cue_amb_const_c0,ce,-0.0995364482238653
RDC200,cue_amb_const_c0,bst,-0.6040612688871545
RDC202,cue_amb_const_c0,ce,0.7457622286419717
RDC202,cue_amb_const_c0,bst,0.13065514458633684
RDC203,cue_amb_const_c0,ce,0.03079581933822886
RDC203,cue_amb_const_c0,bst,0.06333841777747296
RDC204,cue_amb_const_c0,ce,0.46312912893481817
RDC204,cue_amb_const_c0,bst,-0.14800387210991978
RDC207,cue_amb_const_c0,ce,0.12579237432365764
RDC207,cue_amb_const_c0,bst,-0.2854357472881867
RDC208,cue_amb_const_c0,ce,0.23515469749560486
RDC208,cue_amb_const_c0,bst,0.39992676030468527
RDC209,cue_amb_const_c0,ce,0.3011509183972791
RDC209,cue_amb_const_c0,bst,0.24385059505978257
RDC210,cue_amb_const_c0,ce,0.12286274588097297
RDC210,cue_amb_const_c0,bst,0.36001949935539196
RDC211,cue_amb_const_c0,ce,0.22050345620242534
RDC211,cue_amb_const_c0,bst,0.24282158597827794
RDC212,cue_amb_const_c0,ce,0.37376873294141655
RDC212,cue_amb_const_c0,bst,0.2854077333257035
RDC213,cue_amb_const_c0,ce,-0.26636292803365774
RDC213,cue_amb_const_c0,bst,-0.13776585794502758
RDC214,cue_amb_const_c0,ce,0.17002192110799316
RDC214,cue_amb_const_c0,bst,0.0818117597501262
RDC216,cue_amb_const_c0,ce,0.04079653476628946
RDC216,cue_amb_const_c0,bst,-0.20915249075273634
RDC217,cue_amb_const_c0,ce,-0.08281803762448696
RDC217,cue_amb_const_c0,bst,-0.24166899011161666
RDC220,cue_amb_const_c0,ce,-0.2795296516358843
RDC220,cue_amb_const_c0,bst,0.22733652535158785
RDC221,cue_amb_const_c0,ce,-0.22589299557477513
RDC221,cue_amb_const_c0,bst,0.7863667910397881
RDC222,cue_amb_const_c0,ce,-0.17924006063049056
RDC222,cue_amb_const_c0,bst,0.3666371149983398
RDC225,cue_amb_const_c0,ce,0.05470811745950663
RDC225,cue_amb_const_c0,bst,0.3319674137331177
RDC226,cue_amb_const_c0,ce,0.3224014749365449
RDC226,cue_amb_const_c0,bst,-0.16334588144235543
RDC227,cue_amb_const_c0,ce,-0.3078622532985367
RDC227,cue_amb_const_c0,bst,-0.10998905477512251
RDC228,cue_amb_const_c0,ce,0.5412313724098563
RDC228,cue_amb_const_c0,bst,0.00014377239407619333
RDC229,cue_amb_const_c0,ce,-0.08540713654213049
RDC229,cue_amb_const_c0,bst,-0.41558945942222564
RDC230,cue_amb_const_c0,ce,0.44485119832473785
RDC230,cue_amb_const_c0,bst,0.12872086683001974
RDC231,cue_amb_const_c0,ce,-0.34141261454286337
RDC231,cue_amb_const_c0,bst,0.2601019400666528
RDC232,cue_amb_const_c0,ce,-0.32819311193185247
RDC232,cue_amb_const_c0,bst,-0.15728931934353613
RDC233,cue_amb_const_c0,ce,0.12663509106287432
RDC233,cue_amb_const_c0,bst,0.5740221134008332
RDC234,cue_amb_const_c0,ce,-0.2578241141750083
RDC234,cue_amb_const_c0,bst,0.6944108856479542
RDC235,cue_amb_const_c0,ce,0.0005926851977860294
RDC235,cue_amb_const_c0,bst,-0.20185795980633733
RDC236,cue_amb_const_c0,ce,0.4600397764405888
RDC236,cue_amb_const_c0,bst,0.4149675882187265
RDC237,cue_amb_const_c0,ce,0.06851081814874088
RDC237,cue_amb_const_c0,bst,-0.049251691699585994
RDC238,cue_amb_const_c0,ce,0.21421894921726192
RDC238,cue_amb_const_c0,bst,0.8144272310200632
RDC243,cue_amb_const_c0,ce,-0.08233263227374103
RDC243,cue_amb_const_c0,bst,-0.31873558446663286
RDC244,cue_amb_const_c0,ce,-0.10191645248027496
RDC244,cue_amb_const_c0,bst,0.1299597425983201
RDC246,cue_amb_const_c0,ce,0.45196476074506675
RDC246,cue_amb_const_c0,bst,0.36574977624662264
RDC247,cue_amb_const_c0,ce,0.7168022094731603
RDC247,cue_amb_const_c0,bst,0.5579190569574838
RDC248,cue_amb_const_c0,ce,-0.15580137548666026
RDC248,cue_amb_const_c0,bst,-0.27352158579946817
RDC249,cue_amb_const_c0,ce,-0.0777336469832401
RDC249,cue_amb_const_c0,bst,-0.006801644330673022
RDC250,cue_amb_const_c0,ce,0.10412894269475714
RDC250,cue_amb_const_c0,bst,-0.05621693972620037
RDC259,cue_amb_const_c0,ce,-0.17876919453098267
RDC259,cue_amb_const_c0,bst,-0.38735774745848395
RDC261,cue_amb_const_c0,ce,-0.4988098999024581
RDC261,cue_amb_const_c0,bst,-0.24344572625987038
RDC263,cue_amb_const_c0,ce,0.6043879347318049
RDC263,cue_amb_const_c0,bst,0.37238884347437756
RDC102,cue_risk_const_c0,ce,0.39381633216236384
RDC102,cue_risk_const_c0,bst,0.1264010687602347
RDC104,cue_risk_const_c0,ce,-0.3176282930204341
RDC104,cue_risk_const_c0,bst,0.7130460025635506
RDC105,cue_risk_const_c0,ce,0.3315526501755447
RDC105,cue_risk_const_c0,bst,0.1111876827597675
RDC106,cue_risk_const_c0,ce,0.2332725963940425
RDC106,cue_risk_const_c0,bst,0.3335828299099222
RDC107,cue_risk_const_c0,ce,0.13682534871008867
RDC107,cue_risk_const_c0,bst,0.09353852440345296
RDC109,cue_risk_const_c0,ce,0.23161470336121348
RDC109,cue_risk_const_c0,bst,0.156162273724409
RDC110,cue_risk_const_c0,ce,-0.27137900677817145
RDC110,cue_risk_const_c0,bst,-0.17772169781575745
RDC111,cue_risk_const_c0,ce,0.222666388957319
RDC111,cue_risk_const_c0,bst,0.3049593687580377
RDC113,cue_risk_const_c0,ce,0.04774341438787557
RDC113,cue_risk_const_c0,bst,-0.25899090889842974
RDC116,cue_risk_const_c0,ce,0.051812471850294826
RDC116,cue_risk_const_c0,bst,-0.07875504173024571
RDC117,cue_risk_const_c0,ce,-0.19888893979932332
RDC117,cue_risk_const_c0,bst,-0.3252810621966267
RDC120,cue_risk_const_c0,ce,-0.1925408597757406
RDC120,cue_risk_const_c0,bst,0.2026782462211231
RDC125,cue_risk_const_c0,ce,-0.24477881793166664
RDC125,cue_risk_const_c0,bst,-0.2983511979156934
RDC126,cue_risk_const_c0,ce,-0.015329463661620512
RDC126,cue_risk_const_c0,bst,0.17603627033381783
RDC127,cue_risk_const_c0,ce,0.2422777751810899
RDC127,cue_risk_const_c0,bst,-0.020749083295405073
RDC128,cue_risk_const_c0,ce,-0.08597244057170976
RDC128,cue_risk_const_c0,bst,-0.26471757275919505
RDC129,cue_risk_const_c0,ce,0.27400298383436444
RDC129,cue_risk_const_c0,bst,-0.26407173672878115
RDC130,cue_risk_const_c0,ce,-0.06956093405432438
RDC130,cue_risk_const_c0,bst,-0.07639132259642209
RDC131,cue_risk_const_c0,ce,0.01217281929748619
RDC131,cue_risk_const_c0,bst,1.1864235159419179
RDC132,cue_risk_const_c0,ce,0.41756206247274624
RDC132,cue_risk_const_c0,bst,0.17857562762515844
RDC133,cue_risk_const_c0,ce,0.32208772864279944
RDC133,cue_risk_const_c0,bst,-0.3569259847604605
RDC134,cue_risk_const_c0,ce,0.14784765654135273
RDC134,cue_risk_const_c0,bst,0.5086309607339214
RDC136,cue_risk_const_c0,ce,-0.04262407222638506
RDC136,cue_risk_const_c0,bst,-0.16842895638417546
RDC137,cue_risk_const_c0,ce,0.005417001632520335
RDC137,cue_risk_const_c0,bst,-0.08369102242919346
RDC138,cue_risk_const_c0,ce,-0.44273423364476877
RDC138,cue_risk_const_c0,bst,0.40470670131271697
RDC139,cue_risk_const_c0,ce,0.02085303346916311
RDC139,cue_risk_const_c0,bst,0.16390068980065406
RDC141,cue_risk_const_c0,ce,0.11286256026142309
RDC141,cue_risk_const_c0,bst,-0.01752704926856502
RDC143,cue_risk_const_c0,ce,0.10586488889158727
RDC143,cue_risk_const_c0,bst,-0.09373834498158112
RDC144,cue_risk_const_c0,ce,-0.03656114294790137
RDC144,cue_risk_const_c0,bst,-0.05705843855816258
RDC145,cue_risk_const_c0,ce,0.3323749733525251
RDC145,cue_risk_const_c0,bst,-0.13818702079229825
RDC146,cue_risk_const_c0,ce,0.48162151173845347
RDC146,cue_risk_const_c0,bst,0.1488807688730038
RDC147,cue_risk_const_c0,ce,0.23105021490994862
RDC147,cue_risk_const_c0,bst,-0.26109269747700825
RDC152,cue_risk_const_c0,ce,0.28482777229128264
RDC152,cue_risk_const_c0,bst,-1.5916364780805328
RDC153,cue_risk_const_c0,ce,-0.009813575697143367
RDC153,cue_risk_const_c0,bst,-0.09774465092184416
RDC154,cue_risk_const_c0,ce,0.1249303921700294
RDC154,cue_risk_const_c0,bst,-0.4821838428540472
RDC156,cue_risk_const_c0,ce,-0.0359035441213059
RDC156,cue_risk_const_c0,bst,0.09944353751120955
RDC157,cue_risk_const_c0,ce,-0.29434189994460086
RDC157,cue_risk_const_c0,bst,-0.18760893344329313
RDC159,cue_risk_const_c0,ce,0.1676368734990832
RDC159,cue_risk_const_c0,bst,-0.006305022848093793
RDC161,cue_risk_const_c0,ce,0.170578782803911
RDC161,cue_risk_const_c0,bst,-0.5160799271844284
RDC164,cue_risk_const_c0,ce,0.18877084603880667
RDC164,cue_risk_const_c0,bst,-0.04918917714326018
RDC165,cue_risk_const_c0,ce,0.16781396204400373
RDC165,cue_risk_const_c0,bst,0.11991483390800128
RDC167,cue_risk_const_c0,ce,-0.050219561201926353
RDC167,cue_risk_const_c0,bst,-0.16025185496122007
RDC171,cue_risk_const_c0,ce,0.15542959913745794
RDC171,cue_risk_const_c0,bst,0.20105633129784958
RDC172,cue_risk_const_c0,ce,0.47793680042725334
RDC172,cue_risk_const_c0,bst,0.4796913929085312
RDC174,cue_risk_const_c0,ce,0.5251445289066876
RDC174,cue_risk_const_c0,bst,0.004479662313975147
RDC175,cue_risk_const_c0,ce,-0.6126334026256063
RDC175,cue_risk_const_c0,bst,-0.07740948670837722
RDC176,cue_risk_const_c0,ce,0.09810847203910623
RDC176,cue_risk_const_c0,bst,0.21595567872248897
RDC177,cue_risk_const_c0,ce,0.165836457465658
RDC177,cue_risk_const_c0,bst,0.5594966247980775
RDC178,cue_risk_const_c0,ce,0.1499495478571842
RDC178,cue_risk_const_c0,bst,0.0621784165820847
RDC180,cue_risk_const_c0,ce,0.4427544879396882
RDC180,cue_risk_const_c0,bst,-0.12892761749351286
RDC183,cue_risk_const_c0,ce,0.4470115087079813
RDC183,cue_risk_const_c0,bst,-0.04507681549699283
RDC184,cue_risk_const_c0,ce,0.028089456871116886
RDC184,cue_risk_const_c0,bst,0.12184421915763577
RDC186,cue_risk_const_c0,ce,0.2566441331078641
RDC186,cue_risk_const_c0,bst,0.25373632635790305
RDC189,cue_risk_const_c0,ce,-0.009867254501958923
RDC189,cue_risk_const_c0,bst,0.019714310450153195
RDC190,cue_risk_const_c0,ce,0.0824947472540369
RDC190,cue_risk_const_c0,bst,0.6797757096555875
RDC192,cue_risk_const_c0,ce,0.3066512403269832
RDC192,cue_risk_const_c0,bst,0.42379935619812376
RDC193,cue_risk_const_c0,ce,0.35249787899133783
RDC193,cue_risk_const_c0,bst,0.4517192490363427
RDC195,cue_risk_const_c0,ce,-0.22415034625972155
RDC195,cue_risk_const_c0,bst,0.013861410825377729
RDC196,cue_risk_const_c0,ce,-0.07471473893505279
RDC196,cue_risk_const_c0,bst,-0.12414838220692181
RDC198,cue_risk_const_c0,ce,0.3873885515983558
RDC198,cue_risk_const_c0,bst,0.13067994932034735
RDC200,cue_risk_const_c0,ce,-0.03224073323506919
RDC200,cue_risk_const_c0,bst,-0.19398327435539842
RDC202,cue_risk_const_c0,ce,0.9065204001325367
RDC202,cue_risk_const_c0,bst,0.39301964790061233
RDC203,cue_risk_const_c0,ce,0.02650227364112364
RDC203,cue_risk_const_c0,bst,0.16196622256610205
RDC204,cue_risk_const_c0,ce,0.6244190449312829
RDC204,cue_risk_const_c0,bst,-0.1138299268269764
RDC207,cue_risk_const_c0,ce,0.09132422904582875
RDC207,cue_risk_const_c0,bst,-0.0997412248540361
RDC208,cue_risk_const_c0,ce,0.2593862974639601
RDC208,cue_risk_const_c0,bst,0.32201423926926015
RDC209,cue_risk_const_c0,ce,0.2476647895376459
RDC209,cue_risk_const_c0,bst,0.2513746918506463
RDC210,cue_risk_const_c0,ce,0.5679029982498536
RDC210,cue_risk_const_c0,bst,0.7030014870020195
RDC211,cue_risk_const_c0,ce,-0.05343728497751996
RDC211,cue_risk_const_c0,bst,0.3026459035190724
RDC212,cue_risk_const_c0,ce,0.3713781004164525
RDC212,cue_risk_const_c0,bst,0.44245745424975497
RDC213,cue_risk_const_c0,ce,-0.3279710504960255
RDC213,cue_risk_const_c0,bst,-0.1295628874842469
RDC214,cue_risk_const_c0,ce,0.25571715075358714
RDC214,cue_risk_const_c0,bst,0.38661859745803473
RDC216,cue_risk_const_c0,ce,0.10821179794604166
RDC216,cue_risk_const_c0,bst,0.20954564429126854
RDC217,cue_risk_const_c0,ce,-0.08412842422791308
RDC217,cue_risk_const_c0,bst,-0.24249668369679664
RDC220,cue_risk_const_c0,ce,-0.19286300406428716
RDC220,cue_risk_const_c0,bst,-0.24972999335285606
RDC221,cue_risk_const_c0,ce,0.004855960984296631
RDC221,cue_risk_const_c0,bst,0.28777545750569344
RDC222,cue_risk_const_c0,ce,-0.07332484965327417
RDC222,cue_risk_const_c0,bst,0.491340771767057
RDC225,cue_risk_const_c0,ce,-0.024626649589640438
RDC225,cue_risk_const_c0,bst,0.38629624841004717
RDC226,cue_risk_const_c0,ce,-0.09061587808341871
RDC226,cue_risk_const_c0,bst,0.05260751395949482
RDC227,cue_risk_const_c0,ce,0.2600216638021256
RDC227,cue_risk_const_c0,bst,-0.08121878219425253
RDC228,cue_risk_const_c0,ce,0.4622451384662057
RDC228,cue_risk_const_c0,bst,0.012864183380524289
RDC229,cue_risk_const_c0,ce,0.19236209562942105
RDC229,cue_risk_const_c0,bst,-0.49676587967533764
RDC230,cue_risk_const_c0,ce,0.1455439970911492
RDC230,cue_risk_const_c0,bst,0.10421544467707529
RDC231,cue_risk_const_c0,ce,0.1274318417211074
RDC231,cue_risk_const_c0,bst,0.28380577489727704
RDC232,cue_risk_const_c0,ce,0.005037991527229496
RDC232,cue_risk_const_c0,bst,0.054106144977691846
RDC233,cue_risk_const_c0,ce,-0.2061363099735159
RDC233,cue_risk_const_c0,bst,0.3495187341331225
RDC234,cue_risk_const_c0,ce,-0.2983061440419923
RDC234,cue_risk_const_c0,bst,0.6120198106636556
RDC235,cue_risk_const_c0,ce,-0.058838629802824075
RDC235,cue_risk_const_c0,bst,-0.05830837129436858
RDC236,cue_risk_const_c0,ce,0.19838004256366767
RDC236,cue_risk_const_c0,bst,-0.11062999303666095
RDC237,cue_risk_const_c0,ce,0.1329248370948779
RDC237,cue_risk_const_c0,bst,-0.039559602612201726
RDC238,cue_risk_const_c0,ce,0.35047362671691434
RDC238,cue_risk_const_c0,bst,0.5836996871210279
RDC243,cue_risk_const_c0,ce,0.1983187453355229
RDC243,cue_risk_const_c0,bst,0.16390486276217753
RDC244,cue_risk_const_c0,ce,-0.10976778408244772
RDC244,cue_risk_const_c0,bst,0.2093623454575655
RDC246,cue_risk_const_c0,ce,0.1719892518600484
RDC246,cue_risk_const_c0,bst,-0.04550168466244634
RDC247,cue_risk_const_c0,ce,0.47620815071080685
RDC247,cue_risk_const_c0,bst,0.16768976977799754
RDC248,cue_risk_const_c0,ce,-0.16357102606396987
RDC248,cue_risk_const_c0,bst,-0.030568620794884576
RDC249,cue_risk_const_c0,ce,0.09966018288572027
RDC249,cue_risk_const_c0,bst,-0.08196724182141421
RDC250,cue_risk_const_c0,ce,0.09054917702205914
RDC250,cue_risk_const_c0,bst,0.12395535730789925
RDC259,cue_risk_const_c0,ce,-0.06442999421780352
RDC259,cue_risk_const_c0,bst,-0.20427738856552802
RDC261,cue_risk_const_c0,ce,-0.5047180201864043
RDC261,cue_risk_const_c0,bst,-0.5976929977731269
RDC263,cue_risk_const_c0,ce,0.850514276414881
RDC263,cue_risk_const_c0,bst,0.34288282968933204
RDC102,outcome_c0,ce,0.4149716409950603
RDC102,outcome_c0,bst,0.11546856971400314
RDC104,outcome_c0,ce,0.9585994672274548
RDC104,outcome_c0,bst,-0.7494995973429767
RDC105,outcome_c0,ce,0.2387235622105951
RDC105,outcome_c0,bst,0.6528900234271776
RDC106,outcome_c0,ce,0.6969845303732526
RDC106,outcome_c0,bst,0.7932163661568602
RDC107,outcome_c0,ce,0.19836470709884138
RDC107,outcome_c0,bst,-0.3521326595927758
RDC109,outcome_c0,ce,0.03806554374966451
RDC109,outcome_c0,bst,-0.024668997228219396
RDC110,outcome_c0,ce,0.49911296721012893
RDC110,outcome_c0,bst,0.02934424421000345
RDC111,outcome_c0,ce,0.16113237268486943
RDC111,outcome_c0,bst,-0.23263948325105233
RDC113,outcome_c0,ce,0.42409757541307036
RDC113,outcome_c0,bst,0.024702295014560338
RDC116,outcome_c0,ce,0.6541076434487617
RDC116,outcome_c0,bst,-0.24098230868653606
RDC117,outcome_c0,ce,0.4560215428012522
RDC117,outcome_c0,bst,-0.046786623861524546
RDC120,outcome_c0,ce,0.22464830338301564
RDC120,outcome_c0,bst,0.12052713617556494
RDC125,outcome_c0,ce,0.08937106880997554
RDC125,outcome_c0,bst,0.01949922166594792
RDC126,outcome_c0,ce,0.1134461391738239
RDC126,outcome_c0,bst,0.16604344726837492
RDC127,outcome_c0,ce,0.28496993632858825
RDC127,outcome_c0,bst,-0.2747108191766636
RDC128,outcome_c0,ce,0.4098460904053702
RDC128,outcome_c0,bst,0.019247066100579968
RDC129,outcome_c0,ce,0.5732184106026181
RDC129,outcome_c0,bst,0.190858257300254
RDC130,outcome_c0,ce,0.029121734758608107
RDC130,outcome_c0,bst,0.12106161074484757
RDC131,outcome_c0,ce,0.6052268901851796
RDC131,outcome_c0,bst,-0.5814632021428657
RDC132,outcome_c0,ce,0.09522027612872563
RDC132,outcome_c0,bst,0.3910316975141974
RDC133,outcome_c0,ce,0.6593317635679636
RDC133,outcome_c0,bst,0.6230958996040953
RDC134,outcome_c0,ce,0.08786876625306161
RDC134,outcome_c0,bst,0.4896434802432889
RDC136,outcome_c0,ce,0.3995472202126658
RDC136,outcome_c0,bst,0.27980639943827357
RDC137,outcome_c0,ce,0.9070751426735516
RDC137,outcome_c0,bst,0.27373357895669104
RDC138,outcome_c0,ce,-0.0423604874817042
RDC138,outcome_c0,bst,0.039897039512479505
RDC139,outcome_c0,ce,0.7791359655890887
RDC139,outcome_c0,bst,0.8992624809007097
RDC141,outcome_c0,ce,0.6894140256089546
RDC141,outcome_c0,bst,-0.06064827587642879
RDC143,outcome_c0,ce,0.07363617380282242
RDC143,outcome_c0,bst,-0.4731840201504863
RDC144,outcome_c0,ce,0.24262444206498984
RDC144,outcome_c0,bst,-0.008434820024065056
RDC145,outcome_c0,ce,0.0037710837886240547
RDC145,outcome_c0,bst,-0.33686164344665076
RDC146,outcome_c0,ce,0.15798062017248188
RDC146,outcome_c0,bst,0.008891271887091276
RDC147,outcome_c0,ce,0.7233092728144674
RDC147,outcome_c0,bst,0.3236876474986306
RDC152,outcome_c0,ce,0.4631557093430521
RDC152,outcome_c0,bst,0.2825930388901096
RDC153,outcome_c0,ce,0.3207755692409413
RDC153,outcome_c0,bst,0.02908328268148716
RDC154,outcome_c0,ce,0.10134934134461583
RDC154,outcome_c0,bst,-0.41166066401316526
RDC156,outcome_c0,ce,0.18222721937501504
RDC156,outcome_c0,bst,-0.03766178305446796
RDC157,outcome_c0,ce,-0.3520339476144667
RDC157,outcome_c0,bst,-0.5822886568121173
RDC159,outcome_c0,ce,0.5538806377606181
RDC159,outcome_c0,bst,0.5165621655436398
RDC161,outcome_c0,ce,0.6692070605671124
RDC161,outcome_c0,bst,0.36962600948482477
RDC164,outcome_c0,ce,-0.3301492396842584
RDC164,outcome_c0,bst,-0.08193277881861388
RDC165,outcome_c0,ce,0.045217217861756975
RDC165,outcome_c0,bst,0.2141619807670824
RDC167,outcome_c0,ce,0.4180335815988565
RDC167,outcome_c0,bst,0.18223568280456837
RDC171,outcome_c0,ce,0.14493242697114805
RDC171,outcome_c0,bst,0.21056116496378516
RDC172,outcome_c0,ce,0.8220711154427923
RDC172,outcome_c0,bst,0.14412910328955778
RDC174,outcome_c0,ce,0.5476518780609639
RDC174,outcome_c0,bst,0.13596831911308627
RDC175,outcome_c0,ce,0.6294109319855338
RDC175,outcome_c0,bst,-0.08317096354062821
RDC176,outcome_c0,ce,0.39727474619938463
RDC176,outcome_c0,bst,0.34459362251788755
RDC177,outcome_c0,ce,-0.21501291528853197
RDC177,outcome_c0,bst,0.2109812507280798
RDC178,outcome_c0,ce,1.019469202710478
RDC178,outcome_c0,bst,0.15944407639515393
RDC180,outcome_c0,ce,0.07883458734917556
RDC180,outcome_c0,bst,0.20209527194523336
RDC183,outcome_c0,ce,0.27362502344851886
RDC183,outcome_c0,bst,-0.1389642623970348
RDC184,outcome_c0,ce,0.16000836367969135
RDC184,outcome_c0,bst,-0.38053271276195116
RDC186,outcome_c0,ce,0.37796039958674965
RDC186,outcome_c0,bst,-0.02772730477371797
RDC189,outcome_c0,ce,0.19672543433129805
RDC189,outcome_c0,bst,-0.08361759825493043
RDC190,outcome_c0,ce,-0.15485954195618334
RDC190,outcome_c0,bst,-1.0054986144678353
RDC192,outcome_c0,ce,0.13030330239906873
RDC192,outcome_c0,bst,0.0008625870453933445
RDC193,outcome_c0,ce,0.5785610377722437
RDC193,outcome_c0,bst,0.4011026247341432
RDC195,outcome_c0,ce,0.5012823365810163
RDC195,outcome_c0,bst,0.25106927545101887
RDC196,outcome_c0,ce,0.13144456840296545
RDC196,outcome_c0,bst,0.01074068580098105
RDC198,outcome_c0,ce,0.11401293961103659
RDC198,outcome_c0,bst,0.04038127217119804
RDC200,outcome_c0,ce,0.45776633551117374
RDC200,outcome_c0,bst,0.17280902241111532
RDC202,outcome_c0,ce,0.4467730227634962
RDC202,outcome_c0,bst,-0.15847212826824922
RDC203,outcome_c0,ce,0.37893960472761573
RDC203,outcome_c0,bst,0.11482021734128166
RDC204,outcome_c0,ce,0.7370706404902854
RDC204,outcome_c0,bst,0.5646444606911297
RDC207,outcome_c0,ce,0.3487417277678289
RDC207,outcome_c0,bst,0.19529323532627194
RDC208,outcome_c0,ce,0.25600256145313205
RDC208,outcome_c0,bst,0.2259390098411375
RDC209,outcome_c0,ce,0.5241301386066598
RDC209,outcome_c0,bst,0.1381443669503868
RDC210,outcome_c0,ce,0.37438225965519545
RDC210,outcome_c0,bst,-0.6808032048338628
RDC211,outcome_c0,ce,0.5720080459704168
RDC211,outcome_c0,bst,0.050704003996895765
RDC212,outcome_c0,ce,0.7528046466064636
RDC212,outcome_c0,bst,0.253799283421994
RDC213,outcome_c0,ce,0.24943467748625744
RDC213,outcome_c0,bst,-0.17579866989093107
RDC214,outcome_c0,ce,0.9668518533633315
RDC214,outcome_c0,bst,0.15371642152619322
RDC216,outcome_c0,ce,0.30318662325917783
RDC216,outcome_c0,bst,0.4527578224610423
RDC217,outcome_c0,ce,0.2963624048794134
RDC217,outcome_c0,bst,0.033106391692434865
RDC220,outcome_c0,ce,0.2366137025001289
RDC220,outcome_c0,bst,0.18630660169282218
RDC221,outcome_c0,ce,0.6886292401419167
RDC221,outcome_c0,bst,-0.363819068004855
RDC222,outcome_c0,ce,0.39827437854626174
RDC222,outcome_c0,bst,0.03516307489263976
RDC225,outcome_c0,ce,0.21450663967828396
RDC225,outcome_c0,bst,0.10671294999527658
RDC226,outcome_c0,ce,0.3516231922359851
RDC226,outcome_c0,bst,0.06948817688069449
RDC227,outcome_c0,ce,0.8331143509217247
RDC227,outcome_c0,bst,0.018514398069986733
RDC228,outcome_c0,ce,0.4795770044366186
RDC228,outcome_c0,bst,0.02957096778705796
RDC229,outcome_c0,ce,0.2266373505815378
RDC229,outcome_c0,bst,-0.21213110012315095
RDC230,outcome_c0,ce,0.4331522455784082
RDC230,outcome_c0,bst,0.4259653045319352
RDC231,outcome_c0,ce,0.4241872896181887
RDC231,outcome_c0,bst,-0.24820444460115101
RDC232,outcome_c0,ce,0.5809832117181819
RDC232,outcome_c0,bst,-0.09483442934900142
RDC233,outcome_c0,ce,0.4049372451894085
RDC233,outcome_c0,bst,-0.14899955336867596
RDC234,outcome_c0,ce,0.8046574710547595
RDC234,outcome_c0,bst,0.1903963193588
RDC235,outcome_c0,ce,0.8549993009137878
RDC235,outcome_c0,bst,0.31092521839226045
RDC236,outcome_c0,ce,0.5359264187517049
RDC236,outcome_c0,bst,0.06141577087535185
RDC237,outcome_c0,ce,0.33087774390883345
RDC237,outcome_c0,bst,-0.23766430774533906
RDC238,outcome_c0,ce,0.20909500666613764
RDC238,outcome_c0,bst,0.35347095555602626
RDC243,outcome_c0,ce,0.23905567524239663
RDC243,outcome_c0,bst,-0.46785737885494205
RDC244,outcome_c0,ce,0.4237913570532657
RDC244,outcome_c0,bst,0.14876375068663686
RDC246,outcome_c0,ce,0.6426037014958826
RDC246,outcome_c0,bst,-0.09946986932602742
RDC247,outcome_c0,ce,-0.005712202632386465
RDC247,outcome_c0,bst,-0.4962572998819001
RDC248,outcome_c0,ce,0.16352363818804402
RDC248,outcome_c0,bst,-0.034974845085350516
RDC249,outcome_c0,ce,0.20974354250490573
RDC249,outcome_c0,bst,-0.05997365858482201
RDC250,outcome_c0,ce,-0.19427105961505794
RDC250,outcome_c0,bst,-0.4054089458742433
RDC259,outcome_c0,ce,0.10102510091429731
RDC259,outcome_c0,bst,-0.15359493739836813
RDC261,outcome_c0,ce,-0.02609103347843693
RDC261,outcome_c0,bst,-0.5851011347478448
RDC263,outcome_c0,ce,0.6861344731305351
RDC263,outcome_c0,bst,0.6228791041206571
RDC102,outcome_const_c0,ce,-0.003956523154832309
RDC102,outcome_const_c0,bst,-0.6068187874363989
RDC104,outcome_const_c0,ce,0.31853186255416166
RDC104,outcome_const_c0,bst,-0.06935665256759167
RDC105,outcome_const_c0,ce,-0.013197771598093613
RDC105,outcome_const_c0,bst,-0.4259841760791116
RDC106,outcome_const_c0,ce,0.6948156646062541
RDC106,outcome_const_c0,bst,1.4138429249375133
RDC107,outcome_const_c0,ce,-0.0033920906140593003
RDC107,outcome_const_c0,bst,-0.21438189271248112
RDC109,outcome_const_c0,ce,-0.6013259609035075
RDC109,outcome_const_c0,bst,-1.0087885557418421
RDC110,outcome_const_c0,ce,0.5529826761982228
RDC110,outcome_const_c0,bst,-0.2829044212726247
RDC111,outcome_const_c0,ce,0.7224515986689448
RDC111,outcome_const_c0,bst,0.7270555048737587
RDC113,outcome_const_c0,ce,0.34999877723412254
RDC113,outcome_const_c0,bst,0.4191194371441937
RDC116,outcome_const_c0,ce,0.012230072572191447
RDC116,outcome_const_c0,bst,-0.2101143122206519
RDC117,outcome_const_c0,ce,-0.26328685399886925
RDC117,outcome_const_c0,bst,-1.6041768354452077
RDC120,outcome_const_c0,ce,-0.6306125363946057
RDC120,outcome_const_c0,bst,0.09879829984127923
RDC125,outcome_const_c0,ce,1.3537753983670513
RDC125,outcome_const_c0,bst,1.3524459734542893
RDC126,outcome_const_c0,ce,-0.010601247325313633
RDC126,outcome_const_c0,bst,0.41138530526187206
RDC127,outcome_const_c0,ce,1.5495127478325128
RDC127,outcome_const_c0,bst,0.38331952407869263
RDC128,outcome_const_c0,ce,-0.2999166523502231
RDC128,outcome_const_c0,bst,-1.3988034582671383
RDC129,outcome_const_c0,ce,0.9439133626378101
RDC129,outcome_const_c0,bst,1.0128538486462901
RDC130,outcome_const_c0,ce,-0.018095626301103063
RDC130,outcome_const_c0,bst,0.2783933836922822
RDC131,outcome_const_c0,ce,0.12468568674633246
RDC131,outcome_const_c0,bst,-0.8113754853421916
RDC132,outcome_const_c0,ce,0.09262049916572224
RDC132,outcome_const_c0,bst,0.41706421385953035
RDC133,outcome_const_c0,ce,0.6393855684936874
RDC133,outcome_const_c0,bst,0.42176040105115703
RDC134,outcome_const_c0,ce,-0.3958055188827848
RDC134,outcome_const_c0,bst,0.9424117431110973
RDC136,outcome_const_c0,ce,-0.5113191632133901
RDC136,outcome_const_c0,bst,-0.5952196390733301
RDC137,outcome_const_c0,ce,0.012898106435386114
RDC137,outcome_const_c0,bst,0.27050914552447014
RDC138,outcome_const_c0,ce,-0.8423034980511662
RDC138,outcome_const_c0,bst,0.4179032957635591
RDC139,outcome_const_c0,ce,1.276691366266885
RDC139,outcome_const_c0,bst,1.0378949346310362
RDC141,outcome_const_c0,ce,0.12859269231628107
RDC141,outcome_const_c0,bst,0.1764391588156875
RDC143,outcome_const_c0,ce,-0.23545583726463046
RDC143,outcome_const_c0,bst,-2.9001875748308006
RDC144,outcome_const_c0,ce,-0.6473781403884175
RDC144,outcome_const_c0,bst,0.4005393929789425
RDC145,outcome_const_c0,ce,0.33258991803659627
RDC145,outcome_const_c0,bst,0.44343059100042564
RDC146,outcome_const_c0,ce,0.7350878643811837
RDC146,outcome_const_c0,bst,-0.02344410536201939
RDC147,outcome_const_c0,ce,0.7908503776619685
RDC147,outcome_const_c0,bst,-0.2381239730113025
RDC152,outcome_const_c0,ce,-0.4112651612223777
RDC152,outcome_const_c0,bst,-2.976169449676735
RDC153,outcome_const_c0,ce,0.08792004742250564
RDC153,outcome_const_c0,bst,0.21723015995483866
RDC154,outcome_const_c0,ce,0.025457354331585292
RDC154,outcome_const_c0,bst,0.13246180654740078
RDC156,outcome_const_c0,ce,0.42226650561176654
RDC156,outcome_const_c0,bst,-0.13970572060859054
RDC157,outcome_const_c0,ce,0.9292332601534804
RDC157,outcome_const_c0,bst,0.6842848684104702
RDC159,outcome_const_c0,ce,1.1233942379682815
RDC159,outcome_const_c0,bst,0.052141423706088874
RDC161,outcome_const_c0,ce,1.017167268285046
RDC161,outcome_const_c0,bst,-0.03634652306649263
RDC164,outcome_const_c0,ce,-0.12864744249008372
RDC164,outcome_const_c0,bst,-1.3138752888746155
RDC165,outcome_const_c0,ce,0.8522395981394867
RDC165,outcome_const_c0,bst,0.3228524391298378
RDC167,outcome_const_c0,ce,-0.1260730917914198
RDC167,outcome_const_c0,bst,0.06722473730892725
RDC171,outcome_const_c0,ce,0.9513917004783933
RDC171,outcome_const_c0,bst,-0.06496303490847637
RDC172,outcome_const_c0,ce,1.4080332556617905
RDC172,outcome_const_c0,bst,0.5927653551716309
RDC174,outcome_const_c0,ce,1.5287117655803257
RDC174,outcome_const_c0,bst,-0.37483422342002726
RDC175,outcome_const_c0,ce,0.22353015229539996
RDC175,outcome_const_c0,bst,0.4094265196471756
RDC176,outcome_const_c0,ce,1.6825302130530464
RDC176,outcome_const_c0,bst,1.0280307216083233
RDC177,outcome_const_c0,ce,0.06190134925755452
RDC177,outcome_const_c0,bst,0.7635554540469444
RDC178,outcome_const_c0,ce,1.252407048728153
RDC178,outcome_const_c0,bst,0.34735177447653603
RDC180,outcome_const_c0,ce,0.610263880196117
RDC180,outcome_const_c0,bst,0.4601329626695854
RDC183,outcome_const_c0,ce,-0.9827871728142936
RDC183,outcome_const_c0,bst,-0.7182957424705476
RDC184,outcome_const_c0,ce,-0.6188925733243087
RDC184,outcome_const_c0,bst,-0.49963932074365647
RDC186,outcome_const_c0,ce,0.3477013715440277
RDC186,outcome_const_c0,bst,-0.20465700563171638
RDC189,outcome_const_c0,ce,0.10348057976809517
RDC189,outcome_const_c0,bst,0.09005721204451121
RDC190,outcome_const_c0,ce,-1.6751310215466073
RDC190,outcome_const_c0,bst,-3.291497779123023
RDC192,outcome_const_c0,ce,0.06902949287368967
RDC192,outcome_const_c0,bst,0.42852077832897656
RDC193,outcome_const_c0,ce,-0.10191973424134534
RDC193,outcome_const_c0,bst,-0.5804935373688916
RDC195,outcome_const_c0,ce,1.2693309946482447
RDC195,outcome_const_c0,bst,0.20593004280124183
RDC196,outcome_const_c0,ce,0.09835991436546151
RDC196,outcome_const_c0,bst,0.32738015221534794
RDC198,outcome_const_c0,ce,0.8670910132227033
RDC198,outcome_const_c0,bst,-0.24022832474648023
RDC200,outcome_const_c0,ce,-0.09529681171278036
RDC200,outcome_const_c0,bst,-0.666998168500383
RDC202,outcome_const_c0,ce,2.2605566205190297
RDC202,outcome_const_c0,bst,0.8221581712028364
RDC203,outcome_const_c0,ce,0.7906606436924019
RDC203,outcome_const_c0,bst,-0.003468108596914321
RDC204,outcome_const_c0,ce,0.950652806154855
RDC204,outcome_const_c0,bst,0.3868139978768381
RDC207,outcome_const_c0,ce,0.6449445823439864
RDC207,outcome_const_c0,bst,0.5404546256478662
RDC208,outcome_const_c0,ce,0.6576042211723954
RDC208,outcome_const_c0,bst,-0.036294810192183946
RDC209,outcome_const_c0,ce,0.3990353005794331
RDC209,outcome_const_c0,bst,0.11327236469429723
RDC210,outcome_const_c0,ce,1.2055259098885263
RDC210,outcome_const_c0,bst,-0.13938330249004893
RDC211,outcome_const_c0,ce,0.8087403224472967
RDC211,outcome_const_c0,bst,0.26851673765669276
RDC212,outcome_const_c0,ce,0.6049988098592431
RDC212,outcome_const_c0,bst,-0.2976791786294162
RDC213,outcome_const_c0,ce,0.2514097736090461
RDC213,outcome_const_c0,bst,-0.5000453651661717
RDC214,outcome_const_c0,ce,0.7438933986281907
RDC214,outcome_const_c0,bst,-0.14935565421310334
RDC216,outcome_const_c0,ce,1.0457092552876397
RDC216,outcome_const_c0,bst,0.26240652418390426
RDC217,outcome_const_c0,ce,-0.3920206983862106
RDC217,outcome_const_c0,bst,-0.26521872969600385
RDC220,outcome_const_c0,ce,-0.6235453733109253
RDC220,outcome_const_c0,bst,-0.054227169240009
RDC221,outcome_const_c0,ce,1.2167113023925709
RDC221,outcome_const_c0,bst,-0.6423221493078825
RDC222,outcome_const_c0,ce,0.15895479918386926
RDC222,outcome_const_c0,bst,-0.8029038330230471
RDC225,outcome_const_c0,ce,0.5924238632960865
RDC225,outcome_const_c0,bst,0.02167065416005017
RDC226,outcome_const_c0,ce,0.47618959681776696
RDC226,outcome_const_c0,bst,-0.16093093469236283
RDC227,outcome_const_c0,ce,0.42519110515063874
RDC227,outcome_const_c0,bst,0.020699604609213006
RDC228,outcome_const_c0,ce,0.7147573474660985
RDC228,outcome_const_c0,bst,0.4242848860067791
RDC229,outcome_const_c0,ce,0.509994296841786
RDC229,outcome_const_c0,bst,-1.4776613264027267
RDC230,outcome_const_c0,ce,0.8031663170889312
RDC230,outcome_const_c0,bst,0.5369844566320682
RDC231,outcome_const_c0,ce,0.05804821367878304
RDC231,outcome_const_c0,bst,-0.25159967033206526
RDC232,outcome_const_c0,ce,-0.5127465873843745
RDC232,outcome_const_c0,bst,-0.40391022407924587
RDC233,outcome_const_c0,ce,0.16588571504749958
RDC233,outcome_const_c0,bst,0.09155065900773662
RDC234,outcome_const_c0,ce,-0.4811120003534363
RDC234,outcome_const_c0,bst,-1.2410913516354551
RDC235,outcome_const_c0,ce,0.3649409544878059
RDC235,outcome_const_c0,bst,0.07092472913279264
RDC236,outcome_const_c0,ce,0.751300059831068
RDC236,outcome_const_c0,bst,-0.15403561661752133
RDC237,outcome_const_c0,ce,0.8306953505632353
RDC237,outcome_const_c0,bst,0.33121835992220694
RDC238,outcome_const_c0,ce,0.043072721672498086
RDC238,outcome_const_c0,bst,1.1379766942192997
RDC243,outcome_const_c0,ce,0.3566676349613356
RDC243,outcome_const_c0,bst,0.0045396542115975465
RDC244,outcome_const_c0,ce,-0.1007970463241157
RDC244,outcome_const_c0,bst,-0.5561711390243704
RDC246,outcome_const_c0,ce,0.24266454997253087
RDC246,outcome_const_c0,bst,-0.4725453601935246
RDC247,outcome_const_c0,ce,0.12031879861139484
RDC247,outcome_const_c0,bst,-1.0829020911283458
RDC248,outcome_const_c0,ce,0.3910016491553537
RDC248,outcome_const_c0,bst,-0.20478552983088258
RDC249,outcome_const_c0,ce,0.3604693956419959
RDC249,outcome_const_c0,bst,0.8567247739060875
RDC250,outcome_const_c0,ce,0.540618455472352
RDC250,outcome_const_c0,bst,0.13803297638582476
RDC259,outcome_const_c0,ce,-0.808207561997535
RDC259,outcome_const_c0,bst,-0.15998352303854083
RDC261,outcome_const_c0,ce,0.46092935611939984
RDC261,outcome_const_c0,bst,-1.8001956335416998
RDC263,outcome_const_c0,ce,1.0055143092648604
RDC263,outcome_const_c0,bst,1.12236484754448
RDC102,p000_c0,ce,-0.07749615940082868
RDC102,p000_c0,bst,-0.17093852251570005
RDC104,p000_c0,ce,-0.22128092086817933
RDC104,p000_c0,bst,-0.26010836271380583
RDC105,p000_c0,ce,0.051590597906335224
RDC105,p000_c0,bst,0.34186619127150664
RDC106,p000_c0,ce,0.3864022638452827
RDC106,p000_c0,bst,-0.31314946747974726
RDC107,p000_c0,ce,-0.43554662632191593
RDC107,p000_c0,bst,-0.9513886586802793
RDC109,p000_c0,ce,0.2405292817341571
RDC109,p000_c0,bst,-0.229380251858732
RDC110,p000_c0,ce,-0.2962166445593405
RDC110,p000_c0,bst,-0.12302820395737497
RDC111,p000_c0,ce,-0.2853261247474993
RDC111,p000_c0,bst,-0.47492729447174026
RDC113,p000_c0,ce,0.2560452625657877
RDC113,p000_c0,bst,0.3995788019157076
RDC116,p000_c0,ce,0.02726556004950437
RDC116,p000_c0,bst,0.005105046550027632
RDC117,p000_c0,ce,0.06222400283337669
RDC117,p000_c0,bst,0.15136741389563255
RDC120,p000_c0,ce,-0.2542705084102876
RDC120,p000_c0,bst,0.023900466466516262
RDC125,p000_c0,ce,0.6859925829172239
RDC125,p000_c0,bst,0.09550422120925635
RDC126,p000_c0,ce,0.1684817955893184
RDC126,p000_c0,bst,-0.22295214792371543
RDC127,p000_c0,ce,-0.018720939044040586
RDC127,p000_c0,bst,-0.23383136533520507
RDC128,p000_c0,ce,0.18364400843695625
RDC128,p000_c0,bst,0.3911078500781684
RDC129,p000_c0,ce,-0.22505653777394138
RDC129,p000_c0,bst,0.04065969574805495
RDC130,p000_c0,ce,-0.21253735157192666
RDC130,p000_c0,bst,-0.14091327829090436
RDC131,p000_c0,ce,-0.15562237499919254
RDC131,p000_c0,bst,-0.5584024633980954
RDC132,p000_c0,ce,0.29330476204411476
RDC132,p000_c0,bst,0.04332934787961179
RDC133,p000_c0,ce,0.10521681023093421
RDC133,p000_c0,bst,0.23148982189317735
RDC134,p000_c0,ce,0.03479295140606625
RDC134,p000_c0,bst,-0.6200927892736784
RDC136,p000_c0,ce,0.21719199624556831
RDC136,p000_c0,bst,0.06216802915795955
RDC137,p000_c0,ce,-0.046591282584139374
RDC137,p000_c0,bst,0.07732255390069909
RDC138,p000_c0,ce,-0.07868848149022338
RDC138,p000_c0,bst,-0.23887191696355878
RDC139,p000_c0,ce,0.0006382967758891601
RDC139,p000_c0,bst,-0.014261603640842085
RDC141,p000_c0,ce,-0.3205737995361953
RDC141,p000_c0,bst,0.16023377961456928
RDC143,p000_c0,ce,0.43507328043588717
RDC143,p000_c0,bst,-0.6521501259304097
RDC144,p000_c0,ce,-0.576269857470964
RDC144,p000_c0,bst,-0.14694365057595793
RDC145,p000_c0,ce,0.14012264032192004
RDC145,p000_c0,bst,-0.0733452292101489
RDC146,p000_c0,ce,-0.18584577186661166
RDC146,p000_c0,bst,-0.13865123352602435
RDC147,p000_c0,ce,-0.30989240477605606
RDC147,p000_c0,bst,0.11148960171526572
RDC152,p000_c0,ce,0.21127447111932748
RDC152,p000_c0,bst,1.117634813255272
RDC153,p000_c0,ce,-0.13698870557061937
RDC153,p000_c0,bst,-0.13466937707115825
RDC154,p000_c0,ce,0.020985869418366724
RDC154,p000_c0,bst,0.3478656023330564
RDC156,p000_c0,ce,0.14653801432368965
RDC156,p000_c0,bst,-0.03468529906662965
RDC157,p000_c0,ce,0.09900057291478602
RDC157,p000_c0,bst,-0.27594671078049354
RDC159,p000_c0,ce,-0.14594260372965914
RDC159,p000_c0,bst,-0.5309554393204284
RDC161,p000_c0,ce,-0.31019865752594694
RDC161,p000_c0,bst,-0.3913691727203154
RDC164,p000_c0,ce,-0.31700985838819645
RDC164,p000_c0,bst,0.1584482490930396
RDC165,p000_c0,ce,-0.2421807774959414
RDC165,p000_c0,bst,0.11543680639094171
RDC167,p000_c0,ce,0.0698105448143795
RDC167,p000_c0,bst,-0.24163162648140613
RDC171,p000_c0,ce,-0.2759046847212027
RDC171,p000_c0,bst,-0.8503523680525129
RDC172,p000_c0,ce,-0.01928278720927997
RDC172,p000_c0,bst,-0.4076078048367046
RDC174,p000_c0,ce,-0.3328281320682938
RDC174,p000_c0,bst,-0.443102872664739
RDC175,p000_c0,ce,-0.3407671545391898
RDC175,p000_c0,bst,0.3333823921900756
RDC176,p000_c0,ce,0.31828819497445704
RDC176,p000_c0,bst,-0.228220470738877
RDC177,p000_c0,ce,0.25097260210796885
RDC177,p000_c0,bst,-0.7473617585938571
RDC178,p000_c0,ce,-0.25744114355444286
RDC178,p000_c0,bst,0.10775957086381395
RDC180,p000_c0,ce,-0.0840658420741129
RDC180,p000_c0,bst,-0.1942370538637774
RDC183,p000_c0,ce,-0.26397157476115796
RDC183,p000_c0,bst,0.0770500204885587
RDC184,p000_c0,ce,-0.03508065334591901
RDC184,p000_c0,bst,-0.5153543758083591
RDC186,p000_c0,ce,-0.1737284723661516
RDC186,p000_c0,bst,0.027780522701188488
RDC189,p000_c0,ce,-0.11556809910702041
RDC189,p000_c0,bst,0.08577736501669923
RDC190,p000_c0,ce,-0.24441199441325004
RDC190,p000_c0,bst,-1.5082654293397963
RDC192,p000_c0,ce,-0.46740536664038856
RDC192,p000_c0,bst,-0.3970592822072086
RDC193,p000_c0,ce,-0.08405206167669203
RDC193,p000_c0,bst,0.056243447987460345
RDC195,p000_c0,ce,-0.15152853749352868
RDC195,p000_c0,bst,0.17989754337911804
RDC196,p000_c0,ce,0.03168999017170527
RDC196,p000_c0,bst,-0.5810575183293923
RDC198,p000_c0,ce,-0.4724161732594485
RDC198,p000_c0,bst,-0.323458003697989
RDC200,p000_c0,ce,0.1814080000647176
RDC200,p000_c0,bst,0.17210010926616828
RDC202,p000_c0,ce,-0.7072095173769614
RDC202,p000_c0,bst,-0.33496989657912374
RDC203,p000_c0,ce,-0.24649804351437182
RDC203,p000_c0,bst,-0.022444702741914357
RDC204,p000_c0,ce,0.13260583687853664
RDC204,p000_c0,bst,-0.04740277029973611
RDC207,p000_c0,ce,-0.07078214714946719
RDC207,p000_c0,bst,-0.10744587158304157
RDC208,p000_c0,ce,-0.1935000460473771
RDC208,p000_c0,bst,-0.28432091763189915
RDC209,p000_c0,ce,-0.23013210886501537
RDC209,p000_c0,bst,0.08475403699850219
RDC210,p000_c0,ce,-0.009675493163589347
RDC210,p000_c0,bst,-0.6769841269188621
RDC211,p000_c0,ce,0.007719173063368919
RDC211,p000_c0,bst,-0.1711597388201457
RDC212,p000_c0,ce,-0.24305028252627198
RDC212,p000_c0,bst,-0.30724916543782804
RDC213,p000_c0,ce,-0.6852182612209848
RDC213,p000_c0,bst,-0.2533773738945018
RDC214,p000_c0,ce,-0.5156485536995588
RDC214,p000_c0,bst,-0.039102987294054516
RDC216,p000_c0,ce,-0.20479379555587796
RDC216,p000_c0,bst,-0.7457037608409571
RDC217,p000_c0,ce,-0.06135490893233957
RDC217,p000_c0,bst,-0.007195775316685249
RDC220,p000_c0,ce,-0.0561781149127964
RDC220,p000_c0,bst,-0.37483133092978643
RDC221,p000_c0,ce,-0.07870874700520851
RDC221,p000_c0,bst,-0.4227805356885906
RDC222,p000_c0,ce,-0.09248124756568588
RDC222,p000_c0,bst,-1.5173383241974931
RDC225,p000_c0,ce,0.33441634328229286
RDC225,p000_c0,bst,-0.07812670233373424
RDC226,p000_c0,ce,-0.3144600059054084
RDC226,p000_c0,bst,0.13548679407466602
RDC227,p000_c0,ce,-0.031524547111365896
RDC227,p000_c0,bst,-0.4490029799894195
RDC228,p000_c0,ce,-0.6254005470114234
RDC228,p000_c0,bst,-0.5322812735388003
RDC229,p000_c0,ce,0.09645496840442867
RDC229,p000_c0,bst,0.14997285489728
RDC230,p000_c0,ce,0.28419987556997645
RDC230,p000_c0,bst,0.004811900246646424
RDC231,p000_c0,ce,0.026089844995686853
RDC231,p000_c0,bst,0.03576875927544256
RDC232,p000_c0,ce,-0.47624875490050395
RDC232,p000_c0,bst,-0.5869482846330468
RDC233,p000_c0,ce,0.06932146372640335
RDC233,p000_c0,bst,-0.14101981012601011
RDC234,p000_c0,ce,-0.4555226817230088
RDC234,p000_c0,bst,0.07189887492740032
RDC235,p000_c0,ce,-0.11135594344537805
RDC235,p000_c0,bst,0.02368883533327561
RDC236,p000_c0,ce,-0.26445900684681006
RDC236,p000_c0,bst,-0.09155836415405523
RDC237,p000_c0,ce,0.1373482526147341
RDC237,p000_c0,bst,-0.5104175195394651
RDC238,p000_c0,ce,-0.04418297638224273
RDC238,p000_c0,bst,-1.3674123677301377
RDC243,p000_c0,ce,-0.14991819808634685
RDC243,p000_c0,bst,-0.3525715146659137
RDC244,p000_c0,ce,0.08164774085460189
RDC244,p000_c0,bst,-0.25439534534263747
RDC246,p000_c0,ce,-0.10091842412802172
RDC246,p000_c0,bst,-0.009835451906485682
RDC247,p000_c0,ce,-0.2982775036773326
RDC247,p000_c0,bst,0.23006679285153364
RDC248,p000_c0,ce,-0.16634895383119633
RDC248,p000_c0,bst,-0.9349455175175581
RDC249,p000_c0,ce,-0.3333391850142004
RDC249,p000_c0,bst,-0.07641245553024432
RDC250,p000_c0,ce,-0.08951328302131038
RDC250,p000_c0,bst,0.03468767787518225
RDC259,p000_c0,ce,0.48053264966258274
RDC259,p000_c0,bst,-0.23221820026607812
RDC261,p000_c0,ce,-0.035843747352522534
RDC261,p000_c0,bst,-0.1605371366900075
RDC263,p000_c0,ce,0.009926210654268849
RDC263,p000_c0,bst,0.0720566204840583
RDC102,p005_amb_c0,ce,2.489919327555485
RDC102,p005_amb_c0,bst,0.26967627200401784
RDC104,p005_amb_c0,ce,0.8025143689984519
RDC104,p005_amb_c0,bst,1.3917330089311915
RDC105,p005_amb_c0,ce,0.41072159663390123
RDC105,p005_amb_c0,bst,-0.07592962422953775
RDC106,p005_amb_c0,ce,0.4919200773207248
RDC106,p005_amb_c0,bst,2.293691561739352
RDC107,p005_amb_c0,ce,0.5932534527373373
RDC107,p005_amb_c0,bst,2.2963689032809507
RDC109,p005_amb_c0,ce,-0.6482178785430147
RDC109,p005_amb_c0,bst,-2.09009769839771
RDC110,p005_amb_c0,ce,2.5964721356670566
RDC110,p005_amb_c0,bst,1.6083191442638867
RDC111,p005_amb_c0,ce,0.43080132131671406
RDC111,p005_amb_c0,bst,0.36118749264381345
RDC113,p005_amb_c0,ce,-1.3372905705514484
RDC113,p005_amb_c0,bst,-3.186081710332791
RDC116,p005_amb_c0,ce,0.21471207280639576
RDC116,p005_amb_c0,bst,0.585239725343004
RDC117,p005_amb_c0,ce,0.7852109322539658
RDC117,p005_amb_c0,bst,-1.571220449435175
RDC120,p005_amb_c0,ce,3.2367133079536594
RDC120,p005_amb_c0,bst,1.6910105125332864
RDC125,p005_amb_c0,ce,-2.463259866100799
RDC125,p005_amb_c0,bst,1.2496801263639603
RDC126,p005_amb_c0,ce,-0.5706337696685689
RDC126,p005_amb_c0,bst,-0.7715624743788618
RDC127,p005_amb_c0,ce,-0.45719261867132516
RDC127,p005_amb_c0,bst,0.335332707999145
RDC128,p005_amb_c0,ce,1.1893997370785983
RDC128,p005_amb_c0,bst,1.278615040599037
RDC129,p005_amb_c0,ce,0.30834400494213193
RDC129,p005_amb_c0,bst,1.9370618321088233
RDC130,p005_amb_c0,ce,-0.02859269877794485
RDC130,p005_amb_c0,bst,2.43681451608915
RDC131,p005_amb_c0,ce,-1.7848661383719504
RDC131,p005_amb_c0,bst,1.4404103990036967
RDC132,p005_amb_c0,ce,-1.6146386610132561
RDC132,p005_amb_c0,bst,2.4698790040114234
RDC133,p005_amb_c0,ce,-0.6208651475191004
RDC133,p005_amb_c0,bst,-1.0972922423474591
RDC134,p005_amb_c0,ce,-1.990082503407297
RDC134,p005_amb_c0,bst,-1.1834216825098514
RDC136,p005_amb_c0,ce,-1.3737216171666773
RDC136,p005_amb_c0,bst,-1.6258105764667858
RDC137,p005_amb_c0,ce,-0.49331947091822004
RDC137,p005_amb_c0,bst,-0.6819939051640861
RDC138,p005_amb_c0,ce,0.16161580872666267
RDC138,p005_amb_c0,bst,0.6440075785328621
RDC139,p005_amb_c0,ce,0.23030326326368655
RDC139,p005_amb_c0,bst,1.4935915526488828
RDC141,p005_amb_c0,ce,-1.2963627354220753
RDC141,p005_amb_c0,bst,1.2510013295676454
RDC143,p005_amb_c0,ce,-0.4343396011735936
RDC143,p005_amb_c0,bst,0.4233291787920628
RDC144,p005_amb_c0,ce,-1.14205829520959
RDC144,p005_amb_c0,bst,-0.9165563102055323
RDC145,p005_amb_c0,ce,-1.3467072129130084
RDC145,p005_amb_c0,bst,0.6171683735048875
RDC146,p005_amb_c0,ce,2.359622119835706
RDC146,p005_amb_c0,bst,0.9536598836610457
RDC147,p005_amb_c0,ce,-1.787360931841647
RDC147,p005_amb_c0,bst,-1.0948042852516475
RDC152,p005_amb_c0,ce,0.46561532629336
RDC152,p005_amb_c0,bst,0.6652760713068746
RDC153,p005_amb_c0,ce,0.25718176670810966
RDC153,p005_amb_c0,bst,1.440402783900919
RDC154,p005_amb_c0,ce,-1.7222564356523014
RDC154,p005_amb_c0,bst,1.1943620384418578
RDC156,p005_amb_c0,ce,1.172855588713096
RDC156,p005_amb_c0,bst,-1.3556661230720088
RDC157,p005_amb_c0,ce,-0.28767206800556555
RDC157,p005_amb_c0,bst,-0.887578873081656
RDC159,p005_amb_c0,ce,0.25551432181656336
RDC159,p005_amb_c0,bst,-0.837852062698467
RDC161,p005_amb_c0,ce,1.7508406993163665
RDC161,p005_amb_c0,bst,-1.6564234884329858
RDC164,p005_amb_c0,ce,-0.7144104098117522
RDC164,p005_amb_c0,bst,1.5040030430896485
RDC165,p005_amb_c0,ce,-0.2993482099226655
RDC165,p005_amb_c0,bst,0.15144392863964398
RDC167,p005_amb_c0,ce,-1.8292370941086014
RDC167,p005_amb_c0,bst,-0.6644305337100793
RDC171,p005_amb_c0,ce,1.1025797467188072
RDC171,p005_amb_c0,bst,1.0737319554111509
RDC172,p005_amb_c0,ce,1.8471548337007961
RDC172,p005_amb_c0,bst,1.8737081777716194
RDC174,p005_amb_c0,ce,1.561279667214138
RDC174,p005_amb_c0,bst,-0.5314952071510578
RDC175,p005_amb_c0,ce,-1.3942317245831755
RDC175,p005_amb_c0,bst,-2.1494382957770846
RDC176,p005_amb_c0,ce,0.9659532409073
RDC176,p005_amb_c0,bst,0.6769683025775534
RDC177,p005_amb_c0,ce,1.7439453108535612
RDC177,p005_amb_c0,bst,-2.4103908277021984
RDC178,p005_amb_c0,ce,0.7622957147116916
RDC178,p005_amb_c0,bst,2.96111432378996
RDC180,p005_amb_c0,ce,3.048279301677002
RDC180,p005_amb_c0,bst,-0.048188571301623094
RDC183,p005_amb_c0,ce,-3.8834654813515597
RDC183,p005_amb_c0,bst,-0.7880246729024822
RDC184,p005_amb_c0,ce,0.5666414023449388
RDC184,p005_amb_c0,bst,0.7230269031293451
RDC186,p005_amb_c0,ce,-1.6166287974638542
RDC186,p005_amb_c0,bst,0.9980690472294326
RDC189,p005_amb_c0,ce,0.692212211550696
RDC189,p005_amb_c0,bst,1.272832719819572
RDC190,p005_amb_c0,ce,1.2599296271877785
RDC190,p005_amb_c0,bst,2.866791658984173
RDC192,p005_amb_c0,ce,-0.7075243657648277
RDC192,p005_amb_c0,bst,1.7517927185642437
RDC193,p005_amb_c0,ce,-0.4552817052158284
RDC193,p005_amb_c0,bst,0.1614310808933073
RDC195,p005_amb_c0,ce,2.214787694714654
RDC195,p005_amb_c0,bst,3.4992364886263387
RDC196,p005_amb_c0,ce,0.9270917174826689
RDC196,p005_amb_c0,bst,2.7570284485570737
RDC198,p005_amb_c0,ce,-0.5919390697807622
RDC198,p005_amb_c0,bst,-1.1971030089678654
RDC200,p005_amb_c0,ce,-0.012829924595433733
RDC200,p005_amb_c0,bst,1.7403888751150396
RDC202,p005_amb_c0,ce,0.49016051473862854
RDC202,p005_amb_c0,bst,-1.5043895677506152
RDC203,p005_amb_c0,ce,0.3570097833493006
RDC203,p005_amb_c0,bst,-0.008585286984718868
RDC204,p005_amb_c0,ce,0.13503377024975652
RDC204,p005_amb_c0,bst,1.6321455431228757
RDC207,p005_amb_c0,ce,1.0725865886622499
RDC207,p005_amb_c0,bst,-0.45729973981124067
RDC208,p005_amb_c0,ce,-1.074460661046227
RDC208,p005_amb_c0,bst,-0.809919474820445
RDC209,p005_amb_c0,ce,-0.6620037252062204
RDC209,p005_amb_c0,bst,0.4243799486148992
RDC210,p005_amb_c0,ce,-1.393520302695217
RDC210,p005_amb_c0,bst,-2.376615921136533
RDC211,p005_amb_c0,ce,-0.43703610086879996
RDC211,p005_amb_c0,bst,-1.515070055596923
RDC212,p005_amb_c0,ce,0.9394657701127462
RDC212,p005_amb_c0,bst,1.7811749135481356
RDC213,p005_amb_c0,ce,-1.4259537326986043
RDC213,p005_amb_c0,bst,-1.7134390156446553
RDC214,p005_amb_c0,ce,-2.0220463428603823
RDC214,p005_amb_c0,bst,0.0018589513474021417
RDC216,p005_amb_c0,ce,1.0916081116915217
RDC216,p005_amb_c0,bst,2.3656812599360832
RDC217,p005_amb_c0,ce,-1.1930678361045657
RDC217,p005_amb_c0,bst,-1.3613076227232082
RDC220,p005_amb_c0,ce,0.46582219005299236
RDC220,p005_amb_c0,bst,0.37790435525832516
RDC221,p005_amb_c0,ce,0.09186751233235269
RDC221,p005_amb_c0,bst,1.0189977307132716
RDC222,p005_amb_c0,ce,-0.31046355881100063
RDC222,p005_amb_c0,bst,-0.2386666026005461
RDC225,p005_amb_c0,ce,1.7236631220045764
RDC225,p005_amb_c0,bst,2.7842077189173273
RDC226,p005_amb_c0,ce,1.0462215503893617
RDC226,p005_amb_c0,bst,1.0813012306683147
RDC227,p005_amb_c0,ce,-1.3624215132351296
RDC227,p005_amb_c0,bst,-0.771716402459378
RDC228,p005_amb_c0,ce,-0.7108883215416758
RDC228,p005_amb_c0,bst,-0.5314295938087067
RDC229,p005_amb_c0,ce,-1.5127231563404544
RDC229,p005_amb_c0,bst,2.724359471425648
RDC230,p005_amb_c0,ce,-1.1813182074223072
RDC230,p005_amb_c0,bst,0.754593546980502
RDC231,p005_amb_c0,ce,0.7109177333506719
RDC231,p005_amb_c0,bst,-0.8323982130294808
RDC232,p005_amb_c0,ce,-0.5225997673442316
RDC232,p005_amb_c0,bst,0.06273400525931068
RDC233,p005_amb_c0,ce,0.1520101244301225
RDC233,p005_amb_c0,bst,0.5272503750105616
RDC234,p005_amb_c0,ce,-0.9189299145180093
RDC234,p005_amb_c0,bst,0.593708144509215
RDC235,p005_amb_c0,ce,0.5138156742023308
RDC235,p005_amb_c0,bst,-0.04235199398467615
RDC236,p005_amb_c0,ce,-0.3312192020915297
RDC236,p005_amb_c0,bst,0.9694066460224243
RDC237,p005_amb_c0,ce,-0.7004182309538877
RDC237,p005_amb_c0,bst,0.0616360660576513
RDC238,p005_amb_c0,ce,-0.03835775108833985
RDC238,p005_amb_c0,bst,0.9928659227687565
RDC243,p005_amb_c0,ce,-1.1443649343696165
RDC243,p005_amb_c0,bst,-2.018890887730423
RDC244,p005_amb_c0,ce,0.35583567346394124
RDC244,p005_amb_c0,bst,-1.0554058556912833
RDC246,p005_amb_c0,ce,-0.45845458439440445
RDC246,p005_amb_c0,bst,-0.36964877962819204
RDC247,p005_amb_c0,ce,-0.2961641942164022
RDC247,p005_amb_c0,bst,-1.0541155755954523
RDC248,p005_amb_c0,ce,-0.10361838785693529
RDC248,p005_amb_c0,bst,-1.7500547890559364
RDC249,p005_amb_c0,ce,-0.3576684366872451
RDC249,p005_amb_c0,bst,0.7036049807456264
RDC250,p005_amb_c0,ce,-0.7920219585083883
RDC250,p005_amb_c0,bst,-1.3316597373463408
RDC259,p005_amb_c0,ce,-0.13755425049402875
RDC259,p005_amb_c0,bst,-3.5942057580188185
RDC261,p005_amb_c0,ce,1.1911416443600242
RDC261,p005_amb_c0,bst,0.9274765890893856
RDC263,p005_amb_c0,ce,0.13831951846332294
RDC263,p005_amb_c0,bst,-1.0720326501405582
RDC102,p010_amb_c0,ce,-1.189077167437056
RDC102,p010_amb_c0,bst,0.6143436337506545
RDC104,p010_amb_c0,ce,0.0287122655500097
RDC104,p010_amb_c0,bst,-1.4198097005922683
RDC105,p010_amb_c0,ce,-1.0307224883213493
RDC105,p010_amb_c0,bst,-0.5988320732804141
RDC106,p010_amb_c0,ce,0.23402048989895002
RDC106,p010_amb_c0,bst,-1.1993042061017725
RDC107,p010_amb_c0,ce,0.6248574545936489
RDC107,p010_amb_c0,bst,-0.691081481743859
RDC109,p010_amb_c0,ce,0.7082483492686047
RDC109,p010_amb_c0,bst,-0.7062313426499255
RDC110,p010_amb_c0,ce,-0.4903553956717963
RDC110,p010_amb_c0,bst,1.814689401558497
RDC111,p010_amb_c0,ce,-1.1065483864636665
RDC111,p010_amb_c0,bst,0.5522931198282863
RDC113,p010_amb_c0,ce,0.3481660495604387
RDC113,p010_amb_c0,bst,0.09889955455968662
RDC116,p010_amb_c0,ce,-1.7912708912176454
RDC116,p010_amb_c0,bst,1.1654780961424667
RDC117,p010_amb_c0,ce,-0.48633417834559095
RDC117,p010_amb_c0,bst,0.908596376167667
RDC120,p010_amb_c0,ce,-0.6835141313051496
RDC120,p010_amb_c0,bst,0.6637590581508815
RDC125,p010_amb_c0,ce,0.06949100369707133
RDC125,p010_amb_c0,bst,-0.18810985809294323
RDC126,p010_amb_c0,ce,-2.939849732392613
RDC126,p010_amb_c0,bst,1.2815582169131956
RDC127,p010_amb_c0,ce,-1.7298325682870102
RDC127,p010_amb_c0,bst,-0.5588104618009117
RDC128,p010_amb_c0,ce,0.8705690687553418
RDC128,p010_amb_c0,bst,-1.8293980636986473
RDC129,p010_amb_c0,ce,0.29390184865770397
RDC129,p010_amb_c0,bst,-0.9829454092806257
RDC130,p010_amb_c0,ce,0.7382805094727927
RDC130,p010_amb_c0,bst,-1.5377588681550864
RDC131,p010_amb_c0,ce,-1.6484093598326708
RDC131,p010_amb_c0,bst,0.036981008905705215
RDC132,p010_amb_c0,ce,0.2459033359044788
RDC132,p010_amb_c0,bst,-2.4595423119293636
RDC133,p010_amb_c0,ce,-0.7128076451682158
RDC133,p010_amb_c0,bst,1.1870936262304606
RDC134,p010_amb_c0,ce,0.30490161512693364
RDC134,p010_amb_c0,bst,1.6662174674470895
RDC136,p010_amb_c0,ce,-0.6538519777526199
RDC136,p010_amb_c0,bst,-0.8566039287008613
RDC137,p010_amb_c0,ce,-0.38555372447665115
RDC137,p010_amb_c0,bst,0.34491325082987956
RDC138,p010_amb_c0,ce,0.5843828385646879
RDC138,p010_amb_c0,bst,-1.1137130267223083
RDC139,p010_amb_c0,ce,-0.3138106403565522
RDC139,p010_amb_c0,bst,1.467189272955066
RDC141,p010_amb_c0,ce,1.259419357280586
RDC141,p010_amb_c0,bst,0.0848554514004715
RDC143,p010_amb_c0,ce,0.2929407836074257
RDC143,p010_amb_c0,bst,-0.6703178294663527
RDC144,p010_amb_c0,ce,0.08993800154192473
RDC144,p010_amb_c0,bst,-0.2856814392702615
RDC145,p010_amb_c0,ce,0.7461270095443263
RDC145,p010_amb_c0,bst,-1.7193350222104373
RDC146,p010_amb_c0,ce,-0.22272753852180743
RDC146,p010_amb_c0,bst,0.47751311801878193
RDC147,p010_amb_c0,ce,-0.1027663577324799
RDC147,p010_amb_c0,bst,-0.33917848815205875
RDC152,p010_amb_c0,ce,-2.084812165226281
RDC152,p010_amb_c0,bst,-3.4147210342208454
RDC153,p010_amb_c0,ce,-0.7603541433447765
RDC153,p010_amb_c0,bst,4.115150645040508
RDC154,p010_amb_c0,ce,0.42380124914381
RDC154,p010_amb_c0,bst,-0.3387358180330684
RDC156,p010_amb_c0,ce,-0.2156391936509584
RDC156,p010_amb_c0,bst,-0.3328500566591483
RDC157,p010_amb_c0,ce,0.07304342753191355
RDC157,p010_amb_c0,bst,-0.9142298081033678
RDC159,p010_amb_c0,ce,0.15073871245721776
RDC159,p010_amb_c0,bst,1.770064998182774
RDC161,p010_amb_c0,ce,1.1256574330733031
RDC161,p010_amb_c0,bst,0.5838728151892485
RDC164,p010_amb_c0,ce,-0.21618044298488373
RDC164,p010_amb_c0,bst,-1.2127710180380842
RDC165,p010_amb_c0,ce,-1.5292289600388176
RDC165,p010_amb_c0,bst,-1.3234278108743984
RDC167,p010_amb_c0,ce,-0.4912805420742267
RDC167,p010_amb_c0,bst,-1.2125138039030814
RDC171,p010_amb_c0,ce,-0.4077513242022615
RDC171,p010_amb_c0,bst,0.43001968622743725
RDC172,p010_amb_c0,ce,-0.8031891266130846
RDC172,p010_amb_c0,bst,-0.8646045771667255
RDC174,p010_amb_c0,ce,0.23559864360357605
RDC174,p010_amb_c0,bst,1.8648200955930854
RDC175,p010_amb_c0,ce,1.7629979868469607
RDC175,p010_amb_c0,bst,-1.0624405480494623
RDC176,p010_amb_c0,ce,-1.1079716956746424
RDC176,p010_amb_c0,bst,-1.0536959281321678
RDC177,p010_amb_c0,ce,-0.7478756049324806
RDC177,p010_amb_c0,bst,0.9067368043170706
RDC178,p010_amb_c0,ce,1.2396672641175022
RDC178,p010_amb_c0,bst,-1.557689223598959
RDC180,p010_amb_c0,ce,2.993750747265032
RDC180,p010_amb_c0,bst,0.986044212594869
RDC183,p010_amb_c0,ce,-1.9103750730255664
RDC183,p010_amb_c0,bst,-0.362170250038876
RDC184,p010_amb_c0,ce,0.9535424105467226
RDC184,p010_amb_c0,bst,-0.6071456844095858
RDC186,p010_amb_c0,ce,0.8438938961317038
RDC186,p010_amb_c0,bst,-1.334773649284444
RDC189,p010_amb_c0,ce,0.6739833267664793
RDC189,p010_amb_c0,bst,0.7597445297426336
RDC190,p010_amb_c0,ce,-0.3659820753748077
RDC190,p010_amb_c0,bst,1.9666097330227086
RDC192,p010_amb_c0,ce,-0.6654522412725916
RDC192,p010_amb_c0,bst,0.17006399309278328
RDC193,p010_amb_c0,ce,-1.6730627068967003
RDC193,p010_amb_c0,bst,1.3993573986514616
RDC195,p010_amb_c0,ce,-0.8258244077020425
RDC195,p010_amb_c0,bst,-0.362019550977366
RDC196,p010_amb_c0,ce,-0.20670118848314176
RDC196,p010_amb_c0,bst,-0.8221290815513767
RDC198,p010_amb_c0,ce,1.3384446370607705
RDC198,p010_amb_c0,bst,-1.4476615367554873
RDC200,p010_amb_c0,ce,-0.7296406820471287
RDC200,p010_amb_c0,bst,-1.8738133333704567
RDC202,p010_amb_c0,ce,0.28430274212136947
RDC202,p010_amb_c0,bst,-0.2018817888402673
RDC203,p010_amb_c0,ce,-0.6827081645130191
RDC203,p010_amb_c0,bst,0.30189587309102767
RDC204,p010_amb_c0,ce,-1.2535189220104848
RDC204,p010_amb_c0,bst,-1.9608525111658874
RDC207,p010_amb_c0,ce,-0.4589102826384848
RDC207,p010_amb_c0,bst,-0.7961587005542453
RDC208,p010_amb_c0,ce,0.2654990150747021
RDC208,p010_amb_c0,bst,1.4214244628445665
RDC209,p010_amb_c0,ce,-0.652314783445541
RDC209,p010_amb_c0,bst,1.7005849479735977
RDC210,p010_amb_c0,ce,-0.5157657202511242
RDC210,p010_amb_c0,bst,0.5674633589728489
RDC211,p010_amb_c0,ce,0.024604879807490442
RDC211,p010_amb_c0,bst,-2.03685989696866
RDC212,p010_amb_c0,ce,1.3491182733994478
RDC212,p010_amb_c0,bst,1.0749934369570213
RDC213,p010_amb_c0,ce,-0.0515423286427563
RDC213,p010_amb_c0,bst,0.158405462601941
RDC214,p010_amb_c0,ce,0.7912559492368706
RDC214,p010_amb_c0,bst,0.13708211139233958
RDC216,p010_amb_c0,ce,-0.8428656153066968
RDC216,p010_amb_c0,bst,-4.280449532867935
RDC217,p010_amb_c0,ce,0.7645914229677885
RDC217,p010_amb_c0,bst,-0.5125949849128351
RDC220,p010_amb_c0,ce,-0.4110628842729865
RDC220,p010_amb_c0,bst,-0.6289001987819943
RDC221,p010_amb_c0,ce,-0.4835326685755856
RDC221,p010_amb_c0,bst,1.941363674171748
RDC222,p010_amb_c0,ce,-0.5871528576600727
RDC222,p010_amb_c0,bst,-0.30287656662496254
RDC225,p010_amb_c0,ce,0.45958270369710563
RDC225,p010_amb_c0,bst,0.08904189536945066
RDC226,p010_amb_c0,ce,2.9818727273722594
RDC226,p010_amb_c0,bst,0.9146008144320312
RDC227,p010_amb_c0,ce,-0.16149992461514776
RDC227,p010_amb_c0,bst,0.13223725379859916
RDC228,p010_amb_c0,ce,0.2546366105880464
RDC228,p010_amb_c0,bst,-1.0117632056126624
RDC229,p010_amb_c0,ce,0.25698127706672613
RDC229,p010_amb_c0,bst,-0.07689645130590887
RDC230,p010_amb_c0,ce,0.11452663319568172
RDC230,p010_amb_c0,bst,0.7346539185360568
RDC231,p010_amb_c0,ce,-1.8115610449605821
RDC231,p010_amb_c0,bst,1.2791751396811133
RDC232,p010_amb_c0,ce,1.0406007676635527
RDC232,p010_amb_c0,bst,1.228461135676512
RDC233,p010_amb_c0,ce,-0.5552486682210812
RDC233,p010_amb_c0,bst,-1.703104733673717
RDC234,p010_amb_c0,ce,-0.6272071412158109
RDC234,p010_amb_c0,bst,0.45989856016980496
RDC235,p010_amb_c0,ce,-1.6617002541475845
RDC235,p010_amb_c0,bst,-0.9892293772708287
RDC236,p010_amb_c0,ce,-0.33020646797889697
RDC236,p010_amb_c0,bst,0.9164070758152348
RDC237,p010_amb_c0,ce,-0.4240198331560201
RDC237,p010_amb_c0,bst,0.6204585089446432
RDC238,p010_amb_c0,ce,-0.6760785766283147
RDC238,p010_amb_c0,bst,0.4795148634646484
RDC243,p010_amb_c0,ce,-0.33379675517606844
RDC243,p010_amb_c0,bst,-1.8984462688615629
RDC244,p010_amb_c0,ce,-0.6985500238038532
RDC244,p010_amb_c0,bst,1.523296704938358
RDC246,p010_amb_c0,ce,-0.2501370474851227
RDC246,p010_amb_c0,bst,0.6295655690462972
RDC247,p010_amb_c0,ce,-0.5850222019650361
RDC247,p010_amb_c0,bst,-2.5698514976219444
RDC248,p010_amb_c0,ce,-1.6222759744786726
RDC248,p010_amb_c0,bst,0.21245872856957757
RDC249,p010_amb_c0,ce,-1.222943427112496
RDC249,p010_amb_c0,bst,-0.38487669567609073
RDC250,p010_amb_c0,ce,2.0503701795406246
RDC250,p010_amb_c0,bst,2.173004061915785
RDC259,p010_amb_c0,ce,-0.16805247140994456
RDC259,p010_amb_c0,bst,-0.2813340941662857
RDC261,p010_amb_c0,ce,-1.7266275994016678
RDC261,p010_amb_c0,bst,-0.3117393291897441
RDC263,p010_amb_c0,ce,0.03798976587822192
RDC263,p010_amb_c0,bst,2.627224853630388
RDC102,p010_c0,ce,0.2342716941133966
RDC102,p010_c0,bst,0.6237934359989248
RDC104,p010_c0,ce,-0.23084544016231617
RDC104,p010_c0,bst,0.0008287438312539752
RDC105,p010_c0,ce,-0.11417456658119425
RDC105,p010_c0,bst,-0.6353642731219443
RDC106,p010_c0,ce,-0.33412148348671555
RDC106,p010_c0,bst,0.9799174058803533
RDC107,p010_c0,ce,0.40128725958647893
RDC107,p010_c0,bst,0.8893308454713491
RDC109,p010_c0,ce,-0.20672823447469588
RDC109,p010_c0,bst,-0.3999588589420922
RDC110,p010_c0,ce,0.11950097406183613
RDC110,p010_c0,bst,0.309914840018733
RDC111,p010_c0,ce,-0.14249952591044418
RDC111,p010_c0,bst,-0.25794798668485
RDC113,p010_c0,ce,1.0807508154083805
RDC113,p010_c0,bst,-0.28084203163547844
RDC116,p010_c0,ce,0.46287777739588387
RDC116,p010_c0,bst,0.5017005544591292
RDC117,p010_c0,ce,-0.553558429719676
RDC117,p010_c0,bst,-0.5696291568640397
RDC120,p010_c0,ce,0.5016209826162144
RDC120,p010_c0,bst,0.18271108520160986
RDC125,p010_c0,ce,-0.27771360246890425
RDC125,p010_c0,bst,0.3749607636768502
RDC126,p010_c0,ce,-0.014781834263685553
RDC126,p010_c0,bst,0.6240583016874828
RDC127,p010_c0,ce,-0.1367600718688601
RDC127,p010_c0,bst,-0.2237745602961553
RDC128,p010_c0,ce,0.6140465647335274
RDC128,p010_c0,bst,-0.23533633435562518
RDC129,p010_c0,ce,0.5200164023352086
RDC129,p010_c0,bst,-0.31097770103032735
RDC130,p010_c0,ce,0.13633936311049766
RDC130,p010_c0,bst,-0.9353527971308777
RDC131,p010_c0,ce,0.4248405177876929
RDC131,p010_c0,bst,-0.7330237775214886
RDC132,p010_c0,ce,0.24125984004614634
RDC132,p010_c0,bst,0.11493412896189721
RDC133,p010_c0,ce,-0.4166577548148175
RDC133,p010_c0,bst,0.2930786854540292
RDC134,p010_c0,ce,0.6341992101676692
RDC134,p010_c0,bst,0.39816812359282466
RDC136,p010_c0,ce,-0.21168905941195468
RDC136,p010_c0,bst,0.2075378135052387
RDC137,p010_c0,ce,-0.021491714574874053
RDC137,p010_c0,bst,0.6429251349797366
RDC138,p010_c0,ce,-0.49578019298721776
RDC138,p010_c0,bst,0.20622491217529973
RDC139,p010_c0,ce,-0.18971125176925155
RDC139,p010_c0,bst,-0.7398063212299032
RDC141,p010_c0,ce,0.2897870417933297
RDC141,p010_c0,bst,-0.7589368065784207
RDC143,p010_c0,ce,-0.4065646828726076
RDC143,p010_c0,bst,-0.31272521572988876
RDC144,p010_c0,ce,-0.10133073855394002
RDC144,p010_c0,bst,0.09159240128119402
RDC145,p010_c0,ce,0.3906544156560053
RDC145,p010_c0,bst,0.36412943184371166
RDC146,p010_c0,ce,0.04554627820336382
RDC146,p010_c0,bst,0.15044858554838167
RDC147,p010_c0,ce,0.09656522706180143
RDC147,p010_c0,bst,-0.13960749686398158
RDC152,p010_c0,ce,-0.20580038073827683
RDC152,p010_c0,bst,-0.07932280430523826
RDC153,p010_c0,ce,-0.47237954038510005
RDC153,p010_c0,bst,-0.26224351149953945
RDC154,p010_c0,ce,-1.770591744451842
RDC154,p010_c0,bst,-0.5629581534631402
RDC156,p010_c0,ce,0.32634550597134887
RDC156,p010_c0,bst,-0.06253355625110278
RDC157,p010_c0,ce,-0.02889003951915073
RDC157,p010_c0,bst,-0.1679637077554491
RDC159,p010_c0,ce,1.1284542841406549
RDC159,p010_c0,bst,-0.08009106362967995
RDC161,p010_c0,ce,-0.29120385848547997
RDC161,p010_c0,bst,-0.657324528677333
RDC164,p010_c0,ce,-0.5895197428671297
RDC164,p010_c0,bst,-0.07175749845938133
RDC165,p010_c0,ce,0.18792533514877774
RDC165,p010_c0,bst,0.1552135181093538
RDC167,p010_c0,ce,-0.09822421215718623
RDC167,p010_c0,bst,0.014732553837431958
RDC171,p010_c0,ce,-0.3715840233036833
RDC171,p010_c0,bst,-0.1921041689190305
RDC172,p010_c0,ce,-0.18072080329064977
RDC172,p010_c0,bst,0.010809157525521954
RDC174,p010_c0,ce,0.4686308222320138
RDC174,p010_c0,bst,-0.5835373930311146
RDC175,p010_c0,ce,-0.8688282453496896
RDC175,p010_c0,bst,0.5752621127872656
RDC176,p010_c0,ce,-0.24631039331152207
RDC176,p010_c0,bst,0.14478131371967434
RDC177,p010_c0,ce,0.3578962824438716
RDC177,p010_c0,bst,0.06011616180542678
RDC178,p010_c0,ce,-0.20446924010891154
RDC178,p010_c0,bst,-0.5479475998984098
RDC180,p010_c0,ce,0.3914490553421643
RDC180,p010_c0,bst,0.9878477643417231
RDC183,p010_c0,ce,-1.3440171129618266
RDC183,p010_c0,bst,-0.28296020243718395
RDC184,p010_c0,ce,0.00038178969267118435
RDC184,p010_c0,bst,0.181419633221519
RDC186,p010_c0,ce,0.003385996431683954
RDC186,p010_c0,bst,-0.26740602351054216
RDC189,p010_c0,ce,-0.12333175303935856
RDC189,p010_c0,bst,-0.43704208572174474
RDC190,p010_c0,ce,-0.24594180576278313
RDC190,p010_c0,bst,0.22137483618055429
RDC192,p010_c0,ce,-0.061746726721789574
RDC192,p010_c0,bst,0.4010563358060099
RDC193,p010_c0,ce,0.03419414553433754
RDC193,p010_c0,bst,-0.9690285541412352
RDC195,p010_c0,ce,1.5766964717290666
RDC195,p010_c0,bst,0.012185881603000806
RDC196,p010_c0,ce,-0.1115871695113248
RDC196,p010_c0,bst,0.9924213296268386
RDC198,p010_c0,ce,-0.1363454633367641
RDC198,p010_c0,bst,-0.3600663160857845
RDC200,p010_c0,ce,-0.6708506013540646
RDC200,p010_c0,bst,-0.4676763581961609
RDC202,p010_c0,ce,0.04992251714092795
RDC202,p010_c0,bst,0.27389700461046074
RDC203,p010_c0,ce,-0.20760296939458148
RDC203,p010_c0,bst,0.09168522917609856
RDC204,p010_c0,ce,0.20907579430780127
RDC204,p010_c0,bst,-0.14098963375475404
RDC207,p010_c0,ce,-0.3285252536913682
RDC207,p010_c0,bst,-0.10738143555394648
RDC208,p010_c0,ce,0.10506358509623259
RDC208,p010_c0,bst,-0.34399403486602126
RDC209,p010_c0,ce,-0.17233208610358725
RDC209,p010_c0,bst,0.7161113434830059
RDC210,p010_c0,ce,-0.21762521470174487
RDC210,p010_c0,bst,-0.2855647455388069
RDC211,p010_c0,ce,-0.4251749662729457
RDC211,p010_c0,bst,0.7897326244684922
RDC212,p010_c0,ce,0.3564534157236359
RDC212,p010_c0,bst,0.5144283798372901
RDC213,p010_c0,ce,-0.3312621619969252
RDC213,p010_c0,bst,-0.3927632734136692
RDC214,p010_c0,ce,-0.2780251069972712
RDC214,p010_c0,bst,-0.0008192651740820031
RDC216,p010_c0,ce,0.5623278341296144
RDC216,p010_c0,bst,0.464955958934634
RDC217,p010_c0,ce,0.5809255151560918
RDC217,p010_c0,bst,-0.09622076936798311
RDC220,p010_c0,ce,0.08603526896712355
RDC220,p010_c0,bst,0.6046583007487184
RDC221,p010_c0,ce,0.2931533518273187
RDC221,p010_c0,bst,0.26109854055151144
RDC222,p010_c0,ce,0.1111386241536108
RDC222,p010_c0,bst,-0.4771783901852187
RDC225,p010_c0,ce,-0.010426958919785201
RDC225,p010_c0,bst,-0.06618362255458325
RDC226,p010_c0,ce,-0.5439024256572149
RDC226,p010_c0,bst,-0.8926445401689039
RDC227,p010_c0,ce,-0.6662089073823448
RDC227,p010_c0,bst,-0.8674341084085583
RDC228,p010_c0,ce,-0.014419395014567576
RDC228,p010_c0,bst,0.9793641623139369
RDC229,p010_c0,ce,-0.2873322147941013
RDC229,p010_c0,bst,1.2890216696495405
RDC230,p010_c0,ce,0.06880569112751951
RDC230,p010_c0,bst,1.3306677278399988
RDC231,p010_c0,ce,-0.11104214034755407
RDC231,p010_c0,bst,-0.2807941848489803
RDC232,p010_c0,ce,-1.1948399002654315
RDC232,p010_c0,bst,-0.43891477053584965
RDC233,p010_c0,ce,-0.032296248247784924
RDC233,p010_c0,bst,0.4942653608768815
RDC234,p010_c0,ce,-0.491952619105162
RDC234,p010_c0,bst,-0.31660035244282686
RDC235,p010_c0,ce,-0.2842206933239004
RDC235,p010_c0,bst,-0.38963721092785236
RDC236,p010_c0,ce,0.779339039463361
RDC236,p010_c0,bst,0.7460831252600183
RDC237,p010_c0,ce,0.07935501535859774
RDC237,p010_c0,bst,-0.07965253829645558
RDC238,p010_c0,ce,0.1275167001819095
RDC238,p010_c0,bst,1.1886804626150174
RDC243,p010_c0,ce,0.015148469874936699
RDC243,p010_c0,bst,-0.06686392164121768
RDC244,p010_c0,ce,0.012364972140956724
RDC244,p010_c0,bst,0.05991085164515075
RDC246,p010_c0,ce,-0.2499513171726125
RDC246,p010_c0,bst,0.3362533115435256
RDC247,p010_c0,ce,-0.48450158316946473
RDC247,p010_c0,bst,-0.045874083979294045
RDC248,p010_c0,ce,-0.09641288183371462
RDC248,p010_c0,bst,0.04941004101420271
RDC249,p010_c0,ce,0.6819753068115312
RDC249,p010_c0,bst,-0.2169912805285692
RDC250,p010_c0,ce,0.5918870797178372
RDC250,p010_c0,bst,-0.9932516239095603
RDC259,p010_c0,ce,-0.8513707224062275
RDC259,p010_c0,bst,0.6621308548871708
RDC261,p010_c0,ce,0.011248458869646205
RDC261,p010_c0,bst,0.9881231900945417
RDC263,p010_c0,ce,-0.14733371226747574
RDC263,p010_c0,bst,-0.6206263770635494
RDC102,p015_amb_c0,ce,-2.3647227091536736
RDC102,p015_amb_c0,bst,2.0166284554238323
RDC104,p015_amb_c0,ce,-0.9518953244946612
RDC104,p015_amb_c0,bst,-0.2742493328526709
RDC105,p015_amb_c0,ce,-0.8796008124827598
RDC105,p015_amb_c0,bst,2.1571765225240145
RDC106,p015_amb_c0,ce,0.7461957442529044
RDC106,p015_amb_c0,bst,-0.2769325222961017
RDC107,p015_amb_c0,ce,-1.6098883123942047
RDC107,p015_amb_c0,bst,-0.1582637035359966
RDC109,p015_amb_c0,ce,-0.2142450317206713
RDC109,p015_amb_c0,bst,2.1342503283988457
RDC110,p015_amb_c0,ce,-0.37807159399318774
RDC110,p015_amb_c0,bst,-0.4160375945171683
RDC111,p015_amb_c0,ce,0.1305432474929886
RDC111,p015_amb_c0,bst,-2.27597458463713
RDC113,p015_amb_c0,ce,-0.6553793785069542
RDC113,p015_amb_c0,bst,-0.5118678372180319
RDC116,p015_amb_c0,ce,-0.6342071282435269
RDC116,p015_amb_c0,bst,0.6056850364026253
RDC117,p015_amb_c0,ce,0.13131714867347
RDC117,p015_amb_c0,bst,0.17763744097046294
RDC120,p015_amb_c0,ce,1.210943971287336
RDC120,p015_amb_c0,bst,-0.986039944900717
RDC125,p015_amb_c0,ce,1.8766527641976456
RDC125,p015_amb_c0,bst,-1.1018836329763657
RDC126,p015_amb_c0,ce,1.4041645905568358
RDC126,p015_amb_c0,bst,0.7706461224727478
RDC127,p015_amb_c0,ce,-0.31934922975230373
RDC127,p015_amb_c0,bst,-0.7041716619107028
RDC128,p015_amb_c0,ce,-0.9942106702315235
RDC128,p015_amb_c0,bst,-0.12522524195190243
RDC129,p015_amb_c0,ce,0.9548473691692964
RDC129,p015_amb_c0,bst,-0.6314754372849809
RDC130,p015_amb_c0,ce,-0.36903932172655335
RDC130,p015_amb_c0,bst,-0.28349173086154206
RDC131,p015_amb_c0,ce,1.4146122642598684
RDC131,p015_amb_c0,bst,-0.7819187045215515
RDC132,p015_amb_c0,ce,0.922190857592299
RDC132,p015_amb_c0,bst,0.1364252240933237
RDC133,p015_amb_c0,ce,-0.09480605412124991
RDC133,p015_amb_c0,bst,1.566904490862451
RDC134,p015_amb_c0,ce,0.2672698236442144
RDC134,p015_amb_c0,bst,0.00668921849182517
RDC136,p015_amb_c0,ce,-1.00209362803723
RDC136,p015_amb_c0,bst,-0.8939803251949369
RDC137,p015_amb_c0,ce,-1.8925111267104433
RDC137,p015_amb_c0,bst,-0.3793518707903863
RDC138,p015_amb_c0,ce,-1.2691629493049656
RDC138,p015_amb_c0,bst,0.9554985410008864
RDC139,p015_amb_c0,ce,0.33189064346439795
RDC139,p015_amb_c0,bst,-1.0782204550250112
RDC141,p015_amb_c0,ce,0.7724023960970596
RDC141,p015_amb_c0,bst,0.9856702081139943
RDC143,p015_amb_c0,ce,-0.3876523899899807
RDC143,p015_amb_c0,bst,-0.8107241790488642
RDC144,p015_amb_c0,ce,-0.25248019149717793
RDC144,p015_amb_c0,bst,-0.8021632355369737
RDC145,p015_amb_c0,ce,-1.2929589428781971
RDC145,p015_amb_c0,bst,-1.0151127000352638
RDC146,p015_amb_c0,ce,2.2909849063164853
RDC146,p015_amb_c0,bst,-2.1163502136595382
RDC147,p015_amb_c0,ce,1.6477538452021534
RDC147,p015_amb_c0,bst,0.48111718869142034
RDC152,p015_amb_c0,ce,0.2912202167985657
RDC152,p015_amb_c0,bst,0.9878204065468869
RDC153,p015_amb_c0,ce,-0.38267860966133915
RDC153,p015_amb_c0,bst,-1.7167086348910743
RDC154,p015_amb_c0,ce,0.36407463690121417
RDC154,p015_amb_c0,bst,0.5164741735352586
RDC156,p015_amb_c0,ce,0.13737583242008952
RDC156,p015_amb_c0,bst,0.42595719190615783
RDC157,p015_amb_c0,ce,-0.7676525902884549
RDC157,p015_amb_c0,bst,-1.3297619195977661
RDC159,p015_amb_c0,ce,-0.337164043561578
RDC159,p015_amb_c0,bst,1.5527876085995649
RDC161,p015_amb_c0,ce,-1.211879150529807
RDC161,p015_amb_c0,bst,-2.5950456846458514
RDC164,p015_amb_c0,ce,-0.3374201219313514
RDC164,p015_amb_c0,bst,0.36547184372309743
RDC165,p015_amb_c0,ce,0.032927264621205675
RDC165,p015_amb_c0,bst,2.572948092849905
RDC167,p015_amb_c0,ce,0.8581675770600725
RDC167,p015_amb_c0,bst,-0.4881479089685632
RDC171,p015_amb_c0,ce,-0.09150830749281012
RDC171,p015_amb_c0,bst,-0.5414752904347923
RDC172,p015_amb_c0,ce,-0.22576229638431128
RDC172,p015_amb_c0,bst,0.07881588501901222
RDC174,p015_amb_c0,ce,-0.8305894289700635
RDC174,p015_amb_c0,bst,0.2798797786817251
RDC175,p015_amb_c0,ce,0.530133464592891
RDC175,p015_amb_c0,bst,1.0366102037268088
RDC176,p015_amb_c0,ce,-0.36206000066626337
RDC176,p015_amb_c0,bst,-0.9285540796934146
RDC177,p015_amb_c0,ce,-1.8188423454066576
RDC177,p015_amb_c0,bst,0.10771469916965011
RDC178,p015_amb_c0,ce,-1.3234058937809685
RDC178,p015_amb_c0,bst,-2.8376070339875383
RDC180,p015_amb_c0,ce,-1.6554375979280884
RDC180,p015_amb_c0,bst,-0.25970201209550203
RDC183,p015_amb_c0,ce,-0.5058000995390214
RDC183,p015_amb_c0,bst,-0.6106786451631073
RDC184,p015_amb_c0,ce,-2.4389529044680467
RDC184,p015_amb_c0,bst,0.18795017246938217
RDC186,p015_amb_c0,ce,0.22042898552232332
RDC186,p015_amb_c0,bst,0.5497562479821361
RDC189,p015_amb_c0,ce,0.03403035182101062
RDC189,p015_amb_c0,bst,-2.0246026806225284
RDC190,p015_amb_c0,ce,-0.015304753936992049
RDC190,p015_amb_c0,bst,-6.826276974767386
RDC192,p015_amb_c0,ce,1.1276987664571956
RDC192,p015_amb_c0,bst,-0.9235983804443494
RDC193,p015_amb_c0,ce,-0.3266084076033292
RDC193,p015_amb_c0,bst,0.6464738742545237
RDC195,p015_amb_c0,ce,-0.922855850962641
RDC195,p015_amb_c0,bst,-2.3801435132575084
RDC196,p015_amb_c0,ce,0.006029373963541424
RDC196,p015_amb_c0,bst,2.36649974042282
RDC198,p015_amb_c0,ce,-0.4727516179545697
RDC198,p015_amb_c0,bst,0.19272560918645265
RDC200,p015_amb_c0,ce,-0.2553042498298429
RDC200,p015_amb_c0,bst,0.2390114756873926
RDC202,p015_amb_c0,ce,0.13891397403628783
RDC202,p015_amb_c0,bst,1.2691347273376452
RDC203,p015_amb_c0,ce,-1.5677020116069549
RDC203,p015_amb_c0,bst,-0.5328183602257356
RDC204,p015_amb_c0,ce,0.3961684735479761
RDC204,p015_amb_c0,bst,-0.6516054380330837
RDC207,p015_amb_c0,ce,0.7297353019789888
RDC207,p015_amb_c0,bst,-0.7480672580509479
RDC208,p015_amb_c0,ce,0.09671947845671176
RDC208,p015_amb_c0,bst,0.284803980374458
RDC209,p015_amb_c0,ce,-1.463594464138236
RDC209,p015_amb_c0,bst,-0.5421439369752763
RDC210,p015_amb_c0,ce,0.44690187421240096
RDC210,p015_amb_c0,bst,1.64411372384005
RDC211,p015_amb_c0,ce,-0.7046508999987259
RDC211,p015_amb_c0,bst,-1.5865943777862415
RDC212,p015_amb_c0,ce,-0.5091092556666382
RDC212,p015_amb_c0,bst,-0.4511496212292774
RDC213,p015_amb_c0,ce,0.14154147864048083
RDC213,p015_amb_c0,bst,-1.372071911118719
RDC214,p015_amb_c0,ce,0.4573826950587862
RDC214,p015_amb_c0,bst,0.028775165598172687
RDC216,p015_amb_c0,ce,-0.6658010494529378
RDC216,p015_amb_c0,bst,-1.0942641702180242
RDC217,p015_amb_c0,ce,-0.47208277485324884
RDC217,p015_amb_c0,bst,-0.19149274752000892
RDC220,p015_amb_c0,ce,-0.4594672587356432
RDC220,p015_amb_c0,bst,1.4274453798022868
RDC221,p015_amb_c0,ce,0.5289621664614752
RDC221,p015_amb_c0,bst,-0.22248339078193466
RDC222,p015_amb_c0,ce,0.3826457845542856
RDC222,p015_amb_c0,bst,-0.16950602592877076
RDC225,p015_amb_c0,ce,1.786711440230451
RDC225,p015_amb_c0,bst,-1.4215970808067862
RDC226,p015_amb_c0,ce,1.1072535136281492
RDC226,p015_amb_c0,bst,1.456843536582
RDC227,p015_amb_c0,ce,-0.9992561069990549
RDC227,p015_amb_c0,bst,0.5699279192803287
RDC228,p015_amb_c0,ce,-0.3264924042083697
RDC228,p015_amb_c0,bst,0.5808541518135127
RDC229,p015_amb_c0,ce,-0.44615956704480125
RDC229,p015_amb_c0,bst,-1.6724044267948823
RDC230,p015_amb_c0,ce,0.4466689882101304
RDC230,p015_amb_c0,bst,0.888282387098226
RDC231,p015_amb_c0,ce,-0.45639729363924325
RDC231,p015_amb_c0,bst,0.9061299594256239
RDC232,p015_amb_c0,ce,-0.8283638691184269
RDC232,p015_amb_c0,bst,0.8667747409979508
RDC233,p015_amb_c0,ce,0.004393075278991401
RDC233,p015_amb_c0,bst,-1.7027312421564755
RDC234,p015_amb_c0,ce,-0.07807090203901378
RDC234,p015_amb_c0,bst,0.18930502579201658
RDC235,p015_amb_c0,ce,-0.9041058015020297
RDC235,p015_amb_c0,bst,-0.018626337885308708
RDC236,p015_amb_c0,ce,-0.0858416079572366
RDC236,p015_amb_c0,bst,0.6513004117770714
RDC237,p015_amb_c0,ce,-0.05555186698039192
RDC237,p015_amb_c0,bst,0.8415301513006641
RDC238,p015_amb_c0,ce,0.47127697339806834
RDC238,p015_amb_c0,bst,-0.07376569694929062
RDC243,p015_amb_c0,ce,-0.921933428348648
RDC243,p015_amb_c0,bst,0.9365771647241767
RDC244,p015_amb_c0,ce,-0.5850380077471979
RDC244,p015_amb_c0,bst,-0.15992872696745644
RDC246,p015_amb_c0,ce,-2.320770073512334
RDC246,p015_amb_c0,bst,0.833154657375276
RDC247,p015_amb_c0,ce,-0.5210265205602976
RDC247,p015_amb_c0,bst,0.6186922239653395
RDC248,p015_amb_c0,ce,0.09826720489092591
RDC248,p015_amb_c0,bst,0.6473551921556794
RDC249,p015_amb_c0,ce,1.4254755310758886
RDC249,p015_amb_c0,bst,-0.1492705629516291
RDC250,p015_amb_c0,ce,2.585565727875989
RDC250,p015_amb_c0,bst,1.7205652168873753
RDC259,p015_amb_c0,ce,-0.6886017336982129
RDC259,p015_amb_c0,bst,0.4557355102126772
RDC261,p015_amb_c0,ce,0.010997229652195628
RDC261,p015_amb_c0,bst,0.6736665779334571
RDC263,p015_amb_c0,ce,-0.3103326550448538
RDC263,p015_amb_c0,bst,-0.19827139579410127
RDC102,p020_amb_c0,ce,-0.4257175783906411
RDC102,p020_amb_c0,bst,-1.8548331754584808
RDC104,p020_amb_c0,ce,-0.23469287349557655
RDC104,p020_amb_c0,bst,-1.2301440080428303
RDC105,p020_amb_c0,ce,2.3115125939252903
RDC105,p020_amb_c0,bst,-0.23896827396712347
RDC106,p020_amb_c0,ce,-0.5874884715520698
RDC106,p020_amb_c0,bst,0.08353053208207917
RDC107,p020_amb_c0,ce,-1.4432818199691126
RDC107,p020_amb_c0,bst,-0.4462698577217165
RDC109,p020_amb_c0,ce,-1.3935223331544309
RDC109,p020_amb_c0,bst,1.1512764384921972
RDC110,p020_amb_c0,ce,-3.0590329827720315
RDC110,p020_amb_c0,bst,-3.128982511139198
RDC111,p020_amb_c0,ce,0.37196995919861325
RDC111,p020_amb_c0,bst,-1.6448007558631623
RDC113,p020_amb_c0,ce,-0.7264227734681661
RDC113,p020_amb_c0,bst,0.6031718784092673
RDC116,p020_amb_c0,ce,0.37794955913649847
RDC116,p020_amb_c0,bst,-2.3635587040335913
RDC117,p020_amb_c0,ce,-0.7140001363465782
RDC117,p020_amb_c0,bst,-1.0295560055785165
RDC120,p020_amb_c0,ce,-1.675481498367106
RDC120,p020_amb_c0,bst,-1.6944148063456252
RDC125,p020_amb_c0,ce,-1.070013452092521
RDC125,p020_amb_c0,bst,-0.1347578597343387
RDC126,p020_amb_c0,ce,1.029910086813717
RDC126,p020_amb_c0,bst,-0.8882411990220875
RDC127,p020_amb_c0,ce,0.5998108575337299
RDC127,p020_amb_c0,bst,0.5766091385293014
RDC128,p020_amb_c0,ce,-0.6065516785841959
RDC128,p020_amb_c0,bst,1.9509942583312554
RDC129,p020_amb_c0,ce,-0.2742329936617031
RDC129,p020_amb_c0,bst,-0.1910665879400697
RDC130,p020_amb_c0,ce,0.6301942553387839
RDC130,p020_amb_c0,bst,0.13109598802765157
RDC131,p020_amb_c0,ce,-3.6003521334722124
RDC131,p020_amb_c0,bst,-0.043729190894694535
RDC132,p020_amb_c0,ce,-0.11967646061600364
RDC132,p020_amb_c0,bst,1.5103460377328277
RDC133,p020_amb_c0,ce,-0.2922701414398472
RDC133,p020_amb_c0,bst,1.2369605633511174
RDC134,p020_amb_c0,ce,0.09184846769443332
RDC134,p020_amb_c0,bst,-2.072651741528869
RDC136,p020_amb_c0,ce,-0.3410932782210974
RDC136,p020_amb_c0,bst,0.04581912754530252
RDC137,p020_amb_c0,ce,-0.5184957470950091
RDC137,p020_amb_c0,bst,0.5518198918291571
RDC138,p020_amb_c0,ce,-0.5818932450887735
RDC138,p020_amb_c0,bst,0.23587249087536452
RDC139,p020_amb_c0,ce,-1.044366922671866
RDC139,p020_amb_c0,bst,0.04469777241563888
RDC141,p020_amb_c0,ce,-1.8298833522350528
RDC141,p020_amb_c0,bst,-0.8707797254505619
RDC143,p020_amb_c0,ce,0.23903350027942608
RDC143,p020_amb_c0,bst,-1.9868909899185947
RDC144,p020_amb_c0,ce,-0.3548846820439297
RDC144,p020_amb_c0,bst,0.2944006026882728
RDC145,p020_amb_c0,ce,-0.6264291434668983
RDC145,p020_amb_c0,bst,0.48587792062442103
RDC146,p020_amb_c0,ce,-0.5487452522404278
RDC146,p020_amb_c0,bst,-1.2325071566895467
RDC147,p020_amb_c0,ce,-0.051846039344690946
RDC147,p020_amb_c0,bst,-0.39055022435324976
RDC152,p020_amb_c0,ce,1.0930481683463291
RDC152,p020_amb_c0,bst,2.2929419723668985
RDC153,p020_amb_c0,ce,-0.2895797257516749
RDC153,p020_amb_c0,bst,-0.0484073560461978
RDC154,p020_amb_c0,ce,2.43720511983142
RDC154,p020_amb_c0,bst,2.211845214924705
RDC156,p020_amb_c0,ce,-0.2771191643181395
RDC156,p020_amb_c0,bst,-0.10978752444123374
RDC157,p020_amb_c0,ce,0.40071959751450914
RDC157,p020_amb_c0,bst,0.07842244060166685
RDC159,p020_amb_c0,ce,1.8316686905147506
RDC159,p020_amb_c0,bst,-2.4356716564532923
RDC161,p020_amb_c0,ce,-2.2549922743555957
RDC161,p020_amb_c0,bst,-3.135646817412591
RDC164,p020_amb_c0,ce,-0.28419891711805567
RDC164,p020_amb_c0,bst,0.7981588495486399
RDC165,p020_amb_c0,ce,1.5794347299990796
RDC165,p020_amb_c0,bst,2.283095834373064
RDC167,p020_amb_c0,ce,0.44268675924777373
RDC167,p020_amb_c0,bst,2.056682999687627
RDC171,p020_amb_c0,ce,-0.7408626895373495
RDC171,p020_amb_c0,bst,-0.7402135439116565
RDC172,p020_amb_c0,ce,-0.40930534588730044
RDC172,p020_amb_c0,bst,0.05579593486939979
RDC174,p020_amb_c0,ce,1.3421880324433146
RDC174,p020_amb_c0,bst,0.6418467007672249
RDC175,p020_amb_c0,ce,-0.6491775937190336
RDC175,p020_amb_c0,bst,-2.7720340472218736
RDC176,p020_amb_c0,ce,1.0299208851801203
RDC176,p020_amb_c0,bst,-0.8408736268097847
RDC177,p020_amb_c0,ce,-0.1783750579258749
RDC177,p020_amb_c0,bst,-3.267806015254987
RDC178,p020_amb_c0,ce,-0.40067965756354623
RDC178,p020_amb_c0,bst,2.127188165928455
RDC180,p020_amb_c0,ce,-2.5460696544591688
RDC180,p020_amb_c0,bst,-0.5193722456501697
RDC183,p020_amb_c0,ce,1.338609561081735
RDC183,p020_amb_c0,bst,-1.6273294774042768
RDC184,p020_amb_c0,ce,1.4136306424365757
RDC184,p020_amb_c0,bst,1.4499170753541053
RDC186,p020_amb_c0,ce,-2.034666901226848
RDC186,p020_amb_c0,bst,-0.08409720527881626
RDC189,p020_amb_c0,ce,0.26325264877464316
RDC189,p020_amb_c0,bst,0.34727095270422675
RDC190,p020_amb_c0,ce,0.9793227974824114
RDC190,p020_amb_c0,bst,1.3060899526570138
RDC192,p020_amb_c0,ce,0.651610448614899
RDC192,p020_amb_c0,bst,0.20263203340956804
RDC193,p020_amb_c0,ce,1.1459212488258859
RDC193,p020_amb_c0,bst,0.27556582557158976
RDC195,p020_amb_c0,ce,-1.7755803167451636
RDC195,p020_amb_c0,bst,-0.9746965088042034
RDC196,p020_amb_c0,ce,0.7792536351779711
RDC196,p020_amb_c0,bst,0.06475942658416518
RDC198,p020_amb_c0,ce,-1.779475602552092
RDC198,p020_amb_c0,bst,-1.4521568868115693
RDC200,p020_amb_c0,ce,1.1706935521012145
RDC200,p020_amb_c0,bst,-1.2749012351676334
RDC202,p020_amb_c0,ce,0.3782897545411138
RDC202,p020_amb_c0,bst,1.752333687529202
RDC203,p020_amb_c0,ce,1.4848978214048791
RDC203,p020_amb_c0,bst,-0.49135518961244795
RDC204,p020_amb_c0,ce,0.9150764515751634
RDC204,p020_amb_c0,bst,-0.7475269469699395
RDC207,p020_amb_c0,ce,-0.17795074688928875
RDC207,p020_amb_c0,bst,-1.0716969160533159
RDC208,p020_amb_c0,ce,2.0969191057924728
RDC208,p020_amb_c0,bst,1.5077281608109294
RDC209,p020_amb_c0,ce,0.5923908524301417
RDC209,p020_amb_c0,bst,-0.11739814549331766
RDC210,p020_amb_c0,ce,0.3390657809601194
RDC210,p020_amb_c0,bst,-1.5766397105962593
RDC211,p020_amb_c0,ce,2.138425243427004
RDC211,p020_amb_c0,bst,1.7293145045879363
RDC212,p020_amb_c0,ce,-0.18706479928555114
RDC212,p020_amb_c0,bst,0.5823199096511289
RDC213,p020_amb_c0,ce,-0.7065147731480339
RDC213,p020_amb_c0,bst,-0.913913592932337
RDC214,p020_amb_c0,ce,-0.6321477294753028
RDC214,p020_amb_c0,bst,0.5409705422243429
RDC216,p020_amb_c0,ce,0.2550737882658315
RDC216,p020_amb_c0,bst,0.23086523143902804
RDC217,p020_amb_c0,ce,-0.3911020568986818
RDC217,p020_amb_c0,bst,-0.4790032787557054
RDC220,p020_amb_c0,ce,0.6079532289523049
RDC220,p020_amb_c0,bst,0.13952149881335174
RDC221,p020_amb_c0,ce,-0.24465825066158947
RDC221,p020_amb_c0,bst,0.30827169776552177
RDC222,p020_amb_c0,ce,0.08843008501568389
RDC222,p020_amb_c0,bst,-0.6189642461512468
RDC225,p020_amb_c0,ce,-0.4076864165468958
RDC225,p020_amb_c0,bst,1.526798538446876
RDC226,p020_amb_c0,ce,-1.0882521391250075
RDC226,p020_amb_c0,bst,1.334383197397442
RDC227,p020_amb_c0,ce,-0.4388078783312877
RDC227,p020_amb_c0,bst,2.463723762065372
RDC228,p020_amb_c0,ce,0.6892244852378158
RDC228,p020_amb_c0,bst,1.5668468117763676
RDC229,p020_amb_c0,ce,-0.016332547500502392
RDC229,p020_amb_c0,bst,1.6537634017282012
RDC230,p020_amb_c0,ce,0.014691026234338302
RDC230,p020_amb_c0,bst,-0.7157179817048008
RDC231,p020_amb_c0,ce,-0.14392151131126268
RDC231,p020_amb_c0,bst,0.19615625265119085
RDC232,p020_amb_c0,ce,-0.7013695350634583
RDC232,p020_amb_c0,bst,-0.8950496039442871
RDC233,p020_amb_c0,ce,1.6772276364146543
RDC233,p020_amb_c0,bst,1.4364500053967142
RDC234,p020_amb_c0,ce,-1.1849484378065327
RDC234,p020_amb_c0,bst,1.9855953227167833
RDC235,p020_amb_c0,ce,2.2251345332620898
RDC235,p020_amb_c0,bst,0.28130097815505545
RDC236,p020_amb_c0,ce,1.030690343179961
RDC236,p020_amb_c0,bst,-0.8721222405854294
RDC237,p020_amb_c0,ce,0.14447902544479863
RDC237,p020_amb_c0,bst,0.07546621349280085
RDC238,p020_amb_c0,ce,0.5820454763351884
RDC238,p020_amb_c0,bst,1.478691448974646
RDC243,p020_amb_c0,ce,0.16702678620427022
RDC243,p020_amb_c0,bst,0.2539606026712958
RDC244,p020_amb_c0,ce,-0.15859335328401808
RDC244,p020_amb_c0,bst,-0.5970630137483639
RDC246,p020_amb_c0,ce,1.865310873856731
RDC246,p020_amb_c0,bst,-0.1383386586217321
RDC247,p020_amb_c0,ce,0.04838577511835505
RDC247,p020_amb_c0,bst,1.4103400973875149
RDC248,p020_amb_c0,ce,0.6699430070619906
RDC248,p020_amb_c0,bst,-0.18153726309642856
RDC249,p020_amb_c0,ce,-1.7529279440139907
RDC249,p020_amb_c0,bst,-0.7367611823959201
RDC250,p020_amb_c0,ce,-0.17980753276255157
RDC250,p020_amb_c0,bst,-1.2419026441432914
RDC259,p020_amb_c0,ce,-0.1162633757309301
RDC259,p020_amb_c0,bst,1.5557164599933841
RDC261,p020_amb_c0,ce,-0.2897388944035965
RDC261,p020_amb_c0,bst,0.9039913134528684
RDC263,p020_amb_c0,ce,-0.0726199813114594
RDC263,p020_amb_c0,bst,-1.070181862281074
RDC102,p020_c0,ce,0.8810792572335482
RDC102,p020_c0,bst,1.2421533879650573
RDC104,p020_c0,ce,-0.11048639190007081
RDC104,p020_c0,bst,0.31501395097750645
RDC105,p020_c0,ce,-0.3123545617194727
RDC105,p020_c0,bst,-0.22570428236035803
RDC106,p020_c0,ce,-0.28990537463489047
RDC106,p020_c0,bst,1.9899261075465102
RDC107,p020_c0,ce,0.4248944377437721
RDC107,p020_c0,bst,0.185036183699297
RDC109,p020_c0,ce,-0.022543684930589183
RDC109,p020_c0,bst,0.5594254896428477
RDC110,p020_c0,ce,0.060964448875711424
RDC110,p020_c0,bst,0.07793855204481785
RDC111,p020_c0,ce,0.13646348400278074
RDC111,p020_c0,bst,1.0772477953447153
RDC113,p020_c0,ce,0.3447622828954982
RDC113,p020_c0,bst,-0.18390809948398426
RDC116,p020_c0,ce,-0.5410594697089441
RDC116,p020_c0,bst,-0.9924958694669067
RDC117,p020_c0,ce,1.196573798891378
RDC117,p020_c0,bst,-0.3629058406693854
RDC120,p020_c0,ce,-0.2862157230707437
RDC120,p020_c0,bst,0.19265358632215576
RDC125,p020_c0,ce,0.27963215345344233
RDC125,p020_c0,bst,-0.25924061687202626
RDC126,p020_c0,ce,0.17988062021729825
RDC126,p020_c0,bst,0.16548560014140656
RDC127,p020_c0,ce,-0.10267998038536295
RDC127,p020_c0,bst,-0.16886085564466577
RDC128,p020_c0,ce,-0.006521490982817995
RDC128,p020_c0,bst,-0.5277150157989605
RDC129,p020_c0,ce,0.5719121624750443
RDC129,p020_c0,bst,-0.436773811271915
RDC130,p020_c0,ce,0.8204208153828212
RDC130,p020_c0,bst,-0.0693191809144063
RDC131,p020_c0,ce,-0.011884252440794753
RDC131,p020_c0,bst,0.686829843563047
RDC132,p020_c0,ce,-0.6035598668181062
RDC132,p020_c0,bst,-0.020705612018283897
RDC133,p020_c0,ce,0.7503969520987362
RDC133,p020_c0,bst,0.016993564510348946
RDC134,p020_c0,ce,-0.18519225318773355
RDC134,p020_c0,bst,-0.08533277243874145
RDC136,p020_c0,ce,-0.2494347260738394
RDC136,p020_c0,bst,-0.27705503991466646
RDC137,p020_c0,ce,-0.10598988384174535
RDC137,p020_c0,bst,-0.616206194632543
RDC138,p020_c0,ce,-0.03359635517900449
RDC138,p020_c0,bst,0.2116717066128869
RDC139,p020_c0,ce,-0.10687537391456811
RDC139,p020_c0,bst,-0.503648709520084
RDC141,p020_c0,ce,0.3756537118538754
RDC141,p020_c0,bst,0.403877496005925
RDC143,p020_c0,ce,0.24162416526342878
RDC143,p020_c0,bst,0.13268809426343572
RDC144,p020_c0,ce,-0.13249693037079222
RDC144,p020_c0,bst,-0.337157287763959
RDC145,p020_c0,ce,0.5676826670844245
RDC145,p020_c0,bst,-0.4024009792586159
RDC146,p020_c0,ce,-0.12200451840759505
RDC146,p020_c0,bst,0.05328559431071552
RDC147,p020_c0,ce,0.0703848584637354
RDC147,p020_c0,bst,0.23244898553289875
RDC152,p020_c0,ce,-0.0150020475450566
RDC152,p020_c0,bst,-0.29487944367060837
RDC153,p020_c0,ce,0.1056546643018246
RDC153,p020_c0,bst,-0.17628717887920423
RDC154,p020_c0,ce,-0.7595666040241731
RDC154,p020_c0,bst,-0.032552793638707916
RDC156,p020_c0,ce,0.31340681640031404
RDC156,p020_c0,bst,-0.3928153369526786
RDC157,p020_c0,ce,-0.12358038562800552
RDC157,p020_c0,bst,-0.46401773351570536
RDC159,p020_c0,ce,-0.40785152821679965
RDC159,p020_c0,bst,-0.5020911282994255
RDC161,p020_c0,ce,0.624987341594377
RDC161,p020_c0,bst,0.2839682159362274
RDC164,p020_c0,ce,-0.14132533500431502
RDC164,p020_c0,bst,-0.7403831224225678
RDC165,p020_c0,ce,-0.5402087740062269
RDC165,p020_c0,bst,-0.41788800406087834
RDC167,p020_c0,ce,-0.3682807824646339
RDC167,p020_c0,bst,0.23469101702068376
RDC171,p020_c0,ce,-0.7258549690897271
RDC171,p020_c0,bst,-0.2511588348890787
RDC172,p020_c0,ce,-0.5027856979127874
RDC172,p020_c0,bst,-0.3054729469597252
RDC174,p020_c0,ce,-0.4533914913121767
RDC174,p020_c0,bst,-0.08599290782056686
RDC175,p020_c0,ce,1.1837507326504255
RDC175,p020_c0,bst,0.720771033570102
RDC176,p020_c0,ce,-0.1544909709908971
RDC176,p020_c0,bst,-0.5370850494380371
RDC177,p020_c0,ce,-0.0879834113994303
RDC177,p020_c0,bst,0.08598198422349668
RDC178,p020_c0,ce,0.4662489781851032
RDC178,p020_c0,bst,0.23285256928423506
RDC180,p020_c0,ce,-0.8565461056521182
RDC180,p020_c0,bst,0.30482427528844624
RDC183,p020_c0,ce,-0.27941576791962736
RDC183,p020_c0,bst,-0.5988269072357509
RDC184,p020_c0,ce,-0.10697444906395555
RDC184,p020_c0,bst,-0.29511115531571325
RDC186,p020_c0,ce,-0.5951218128411151
RDC186,p020_c0,bst,0.1839559905100284
RDC189,p020_c0,ce,0.33738687902843434
RDC189,p020_c0,bst,0.7504556704889401
RDC190,p020_c0,ce,0.25777389774950316
RDC190,p020_c0,bst,1.1745506486884303
RDC192,p020_c0,ce,-0.6069224011471412
RDC192,p020_c0,bst,0.2725980375638187
RDC193,p020_c0,ce,-0.3853649238454815
RDC193,p020_c0,bst,1.2327719622217523
RDC195,p020_c0,ce,-0.5932785254220759
RDC195,p020_c0,bst,-1.2101634852914998
RDC196,p020_c0,ce,-0.4959690575812943
RDC196,p020_c0,bst,0.15743142791342077
RDC198,p020_c0,ce,0.04627689685606692
RDC198,p020_c0,bst,0.2851510049655008
RDC200,p020_c0,ce,0.3033375889437212
RDC200,p020_c0,bst,-0.7578943031741541
RDC202,p020_c0,ce,0.1847163818956018
RDC202,p020_c0,bst,0.5513918867886515
RDC203,p020_c0,ce,0.231611012615823
RDC203,p020_c0,bst,0.5020094956328203
RDC204,p020_c0,ce,0.4507292685724179
RDC204,p020_c0,bst,-0.38408960752174287
RDC207,p020_c0,ce,-0.26076807172391375
RDC207,p020_c0,bst,-0.3391468554356125
RDC208,p020_c0,ce,-0.0740878499294411
RDC208,p020_c0,bst,0.4394778099839245
RDC209,p020_c0,ce,-0.3455717707436299
RDC209,p020_c0,bst,0.009804990125913552
RDC210,p020_c0,ce,0.2728896913539702
RDC210,p020_c0,bst,0.1417951975604955
RDC211,p020_c0,ce,-0.5334603049298906
RDC211,p020_c0,bst,-0.12799022850634992
RDC212,p020_c0,ce,-0.6898973680969194
RDC212,p020_c0,bst,-0.3794735471012383
RDC213,p020_c0,ce,0.0036416779713084675
RDC213,p020_c0,bst,-0.17390514654600076
RDC214,p020_c0,ce,-0.43365693162499275
RDC214,p020_c0,bst,-0.2697761996315374
RDC216,p020_c0,ce,-0.8257780937580297
RDC216,p020_c0,bst,-1.6548224987359017
RDC217,p020_c0,ce,0.1279072746901714
RDC217,p020_c0,bst,0.16396139217486635
RDC220,p020_c0,ce,0.24212119154967462
RDC220,p020_c0,bst,0.6506552551589332
RDC221,p020_c0,ce,0.6713913759615961
RDC221,p020_c0,bst,-0.6477412746669907
RDC222,p020_c0,ce,-0.3787235068077711
RDC222,p020_c0,bst,-0.17328412818070493
RDC225,p020_c0,ce,-0.40172648023736884
RDC225,p020_c0,bst,0.0753835040781511
RDC226,p020_c0,ce,-0.7122486579270749
RDC226,p020_c0,bst,-0.5465442917370854
RDC227,p020_c0,ce,0.34101500032686305
RDC227,p020_c0,bst,0.15454993182123156
RDC228,p020_c0,ce,0.21122880657980514
RDC228,p020_c0,bst,-0.0277389385384245
RDC229,p020_c0,ce,0.021757764654613904
RDC229,p020_c0,bst,-1.231250067832705
RDC230,p020_c0,ce,-0.28190250749878165
RDC230,p020_c0,bst,-0.6452913081553401
RDC231,p020_c0,ce,0.034746713890403014
RDC231,p020_c0,bst,0.0017142431545803527
RDC232,p020_c0,ce,-0.25302234806142776
RDC232,p020_c0,bst,0.16892058218200098
RDC233,p020_c0,ce,-0.021737796260177408
RDC233,p020_c0,bst,0.685670651616777
RDC234,p020_c0,ce,-0.4772474890614838
RDC234,p020_c0,bst,-0.47939434373218076
RDC235,p020_c0,ce,0.1389083990766491
RDC235,p020_c0,bst,-0.12114579363718486
RDC236,p020_c0,ce,-0.5102688114748396
RDC236,p020_c0,bst,-0.5169228640247733
RDC237,p020_c0,ce,-0.5641447987078154
RDC237,p020_c0,bst,0.189816878974891
RDC238,p020_c0,ce,0.08774649704585091
RDC238,p020_c0,bst,0.03893322175238978
RDC243,p020_c0,ce,-0.39026136713513915
RDC243,p020_c0,bst,-0.6471825652937621
RDC244,p020_c0,ce,-0.36484915044514016
RDC244,p020_c0,bst,-0.09540443042020073
RDC246,p020_c0,ce,-0.8228342989701406
RDC246,p020_c0,bst,-0.598882365079798
RDC247,p020_c0,ce,-0.4116538525031562
RDC247,p020_c0,bst,-0.708050367986191
RDC248,p020_c0,ce,-0.14049719805996466
RDC248,p020_c0,bst,1.0042859705553833
RDC249,p020_c0,ce,-0.8377303915586368
RDC249,p020_c0,bst,-0.2657468936623238
RDC250,p020_c0,ce,-0.776165800927405
RDC250,p020_c0,bst,0.29825071166132233
RDC259,p020_c0,ce,0.7066195682376247
RDC259,p020_c0,bst,0.05025122256984368
RDC261,p020_c0,ce,0.22621137900800722
RDC261,p020_c0,bst,0.2141386739182154
RDC263,p020_c0,ce,-0.4183801316893741
RDC263,p020_c0,bst,-0.5627663914746148
RDC102,p025_amb_c0,ce,0.6457986704438945
RDC102,p025_amb_c0,bst,0.8798478666507207
RDC104,p025_amb_c0,ce,-0.7510551146989665
RDC104,p025_amb_c0,bst,0.6069664122155304
RDC105,p025_amb_c0,ce,-0.1368415003984276
RDC105,p025_amb_c0,bst,-0.7063985220120804
RDC106,p025_amb_c0,ce,-1.3474702143403694
RDC106,p025_amb_c0,bst,-1.7213953024653847
RDC107,p025_amb_c0,ce,-0.21938174612059444
RDC107,p025_amb_c0,bst,-0.17759716978089632
RDC109,p025_amb_c0,ce,-0.3709730882351915
RDC109,p025_amb_c0,bst,0.8256389523337248
RDC110,p025_amb_c0,ce,-0.36799961298584727
RDC110,p025_amb_c0,bst,-0.08405802679968782
RDC111,p025_amb_c0,ce,-0.6371134355939245
RDC111,p025_amb_c0,bst,1.6524612021983411
RDC113,p025_amb_c0,ce,0.49738498929363584
RDC113,p025_amb_c0,bst,-0.1896887147522457
RDC116,p025_amb_c0,ce,0.2936193374781931
RDC116,p025_amb_c0,bst,-0.6050626405244441
RDC117,p025_amb_c0,ce,-0.7248710024263435
RDC117,p025_amb_c0,bst,1.4153577290087658
RDC120,p025_amb_c0,ce,-0.33111294510995287
RDC120,p025_amb_c0,bst,-1.416961031088242
RDC125,p025_amb_c0,ce,0.5339385133361304
RDC125,p025_amb_c0,bst,-0.7906133253717779
RDC126,p025_amb_c0,ce,0.6970201296710913
RDC126,p025_amb_c0,bst,1.5708305397586682
RDC127,p025_amb_c0,ce,-0.1473407335122908
RDC127,p025_amb_c0,bst,0.33841908586232056
RDC128,p025_amb_c0,ce,0.5786580788831986
RDC128,p025_amb_c0,bst,-0.4466087693654659
RDC129,p025_amb_c0,ce,0.08093397296512919
RDC129,p025_amb_c0,bst,0.8655243488600094
RDC130,p025_amb_c0,ce,-1.7231276329204694
RDC130,p025_amb_c0,bst,-1.5102675161174908
RDC131,p025_amb_c0,ce,-0.07772267910068426
RDC131,p025_amb_c0,bst,1.8732769010907877
RDC132,p025_amb_c0,ce,-0.42196790984102533
RDC132,p025_amb_c0,bst,1.1426498971683159
RDC133,p025_amb_c0,ce,0.473157016582025
RDC133,p025_amb_c0,bst,-1.1535361935428492
RDC134,p025_amb_c0,ce,-1.3563676059170298
RDC134,p025_amb_c0,bst,-0.9789249880752324
RDC136,p025_amb_c0,ce,0.46637743962254075
RDC136,p025_amb_c0,bst,-0.43631286733188707
RDC137,p025_amb_c0,ce,-0.8935436029013202
RDC137,p025_amb_c0,bst,0.630557147308882
RDC138,p025_amb_c0,ce,-0.17497029024797178
RDC138,p025_amb_c0,bst,-1.145192529158562
RDC139,p025_amb_c0,ce,-0.3742256410179901
RDC139,p025_amb_c0,bst,-0.3236159202337842
RDC141,p025_amb_c0,ce,0.4284440944900158
RDC141,p025_amb_c0,bst,2.2584928425041864
RDC143,p025_amb_c0,ce,0.931932628881126
RDC143,p025_amb_c0,bst,-0.01541401353891477
RDC144,p025_amb_c0,ce,-0.6490650307355876
RDC144,p025_amb_c0,bst,-0.23522892789454894
RDC145,p025_amb_c0,ce,0.5325483624225623
RDC145,p025_amb_c0,bst,0.2443981416932389
RDC146,p025_amb_c0,ce,0.8404220027118727
RDC146,p025_amb_c0,bst,1.2002912103147632
RDC147,p025_amb_c0,ce,1.3339386565085285
RDC147,p025_amb_c0,bst,2.620259013878623
RDC152,p025_amb_c0,ce,0.3464648888160948
RDC152,p025_amb_c0,bst,-1.0541802740715205
RDC153,p025_amb_c0,ce,-0.36373542029908473
RDC153,p025_amb_c0,bst,-0.5725670961603572
RDC154,p025_amb_c0,ce,0.621446125613646
RDC154,p025_amb_c0,bst,-0.4967484182363114
RDC156,p025_amb_c0,ce,0.12303318920788318
RDC156,p025_amb_c0,bst,0.9601142857897734
RDC157,p025_amb_c0,ce,0.15395373993875452
RDC157,p025_amb_c0,bst,-0.3294760997444473
RDC159,p025_amb_c0,ce,-0.47069997563040905
RDC159,p025_amb_c0,bst,-0.9958374929017614
RDC161,p025_amb_c0,ce,0.08558074130332775
RDC161,p025_amb_c0,bst,1.7972742812393179
RDC164,p025_amb_c0,ce,-0.4573274125752066
RDC164,p025_amb_c0,bst,0.09973525995312171
RDC165,p025_amb_c0,ce,-2.2401304255241072
RDC165,p025_amb_c0,bst,-1.553827613774107
RDC167,p025_amb_c0,ce,0.5376381588259097
RDC167,p025_amb_c0,bst,1.5011697636226495
RDC171,p025_amb_c0,ce,-0.34018993183452484
RDC171,p025_amb_c0,bst,0.055293796133524475
RDC172,p025_amb_c0,ce,0.4370900334000851
RDC172,p025_amb_c0,bst,-0.9552327595966519
RDC174,p025_amb_c0,ce,0.04112578526420859
RDC174,p025_amb_c0,bst,-0.17839496304320157
RDC175,p025_amb_c0,ce,-1.9397411876744768
RDC175,p025_amb_c0,bst,1.1151350849879764
RDC176,p025_amb_c0,ce,-1.1867733683198056
RDC176,p025_amb_c0,bst,-0.8169249072800957
RDC177,p025_amb_c0,ce,0.20775101396473328
RDC177,p025_amb_c0,bst,0.5232942837045286
RDC178,p025_amb_c0,ce,-0.47359588786496126
RDC178,p025_amb_c0,bst,0.9148837624398887
RDC180,p025_amb_c0,ce,-1.784411800739153
RDC180,p025_amb_c0,bst,1.7947057697570077
RDC183,p025_amb_c0,ce,-0.1554065319241651
RDC183,p025_amb_c0,bst,1.1485094528462847
RDC184,p025_amb_c0,ce,-0.22088011604476046
RDC184,p025_amb_c0,bst,1.0110804084968674
RDC186,p025_amb_c0,ce,-0.388145926620679
RDC186,p025_amb_c0,bst,-0.42845464461624244
RDC189,p025_amb_c0,ce,-1.710448244816805
RDC189,p025_amb_c0,bst,0.14374864406699492
RDC190,p025_amb_c0,ce,-1.6512363514409103
RDC190,p025_amb_c0,bst,-1.105346709661001
RDC192,p025_amb_c0,ce,-0.13505809214911094
RDC192,p025_amb_c0,bst,0.04460288379148928
RDC193,p025_amb_c0,ce,-0.8079784888021505
RDC193,p025_amb_c0,bst,-0.6736377608471825
RDC195,p025_amb_c0,ce,0.026167359045008932
RDC195,p025_amb_c0,bst,-0.6731344635390899
RDC196,p025_amb_c0,ce,0.15984992245957222
RDC196,p025_amb_c0,bst,-0.9766471230290662
RDC198,p025_amb_c0,ce,-0.12374203324388977
RDC198,p025_amb_c0,bst,0.041901488766763535
RDC200,p025_amb_c0,ce,-0.594775078642915
RDC200,p025_amb_c0,bst,-0.4012629421889666
RDC202,p025_amb_c0,ce,-1.371480473575463
RDC202,p025_amb_c0,bst,0.21702246101156905
RDC203,p025_amb_c0,ce,-0.1989034743339125
RDC203,p025_amb_c0,bst,-0.0553611535624712
RDC204,p025_amb_c0,ce,0.549679789186812
RDC204,p025_amb_c0,bst,0.7917003852047332
RDC207,p025_amb_c0,ce,-0.8581400520983401
RDC207,p025_amb_c0,bst,-1.0601238556253614
RDC208,p025_amb_c0,ce,0.2862653617581736
RDC208,p025_amb_c0,bst,-0.3574722456857276
RDC209,p025_amb_c0,ce,-0.24921203398720676
RDC209,p025_amb_c0,bst,0.34293088891410073
RDC210,p025_amb_c0,ce,0.1497240402992773
RDC210,p025_amb_c0,bst,0.790213576979732
RDC211,p025_amb_c0,ce,-0.2522099030854735
RDC211,p025_amb_c0,bst,0.23523911914393533
RDC212,p025_amb_c0,ce,0.6673766187344118
RDC212,p025_amb_c0,bst,-0.6074893320524536
RDC213,p025_amb_c0,ce,-0.1062045079509094
RDC213,p025_amb_c0,bst,0.13719306454716249
RDC214,p025_amb_c0,ce,1.4793622352207236
RDC214,p025_amb_c0,bst,0.855495951170805
RDC216,p025_amb_c0,ce,0.17285163994264127
RDC216,p025_amb_c0,bst,0.1218885927030775
RDC217,p025_amb_c0,ce,0.5347426378619589
RDC217,p025_amb_c0,bst,-0.022415231692535748
RDC220,p025_amb_c0,ce,-0.7647203358003688
RDC220,p025_amb_c0,bst,1.3504063653055631
RDC221,p025_amb_c0,ce,-1.3937991070867994
RDC221,p025_amb_c0,bst,0.10647370921342729
RDC222,p025_amb_c0,ce,0.7787734455501083
RDC222,p025_amb_c0,bst,0.14418803758985263
RDC225,p025_amb_c0,ce,1.183172387876178
RDC225,p025_amb_c0,bst,-1.2425623282948977
RDC226,p025_amb_c0,ce,-1.1611378399361136
RDC226,p025_amb_c0,bst,-1.7851384854745511
RDC227,p025_amb_c0,ce,-0.7194801849576361
RDC227,p025_amb_c0,bst,-0.7124835663110846
RDC228,p025_amb_c0,ce,0.6569400771117412
RDC228,p025_amb_c0,bst,-0.3859088623493698
RDC229,p025_amb_c0,ce,0.2595904294440299
RDC229,p025_amb_c0,bst,-3.1930540470245425
RDC230,p025_amb_c0,ce,1.6042366106453272
RDC230,p025_amb_c0,bst,-0.25723346625342325
RDC231,p025_amb_c0,ce,-0.051463639407381793
RDC231,p025_amb_c0,bst,0.8481771032477754
RDC232,p025_amb_c0,ce,1.2157711864107688
RDC232,p025_amb_c0,bst,0.8381414710238323
RDC233,p025_amb_c0,ce,-0.5959776575651655
RDC233,p025_amb_c0,bst,-1.418901845749823
RDC234,p025_amb_c0,ce,0.26992351441474394
RDC234,p025_amb_c0,bst,-1.3448279307711726
RDC235,p025_amb_c0,ce,-1.0166112627834691
RDC235,p025_amb_c0,bst,-0.10299740799240942
RDC236,p025_amb_c0,ce,-0.655609806833899
RDC236,p025_amb_c0,bst,-1.41005038102808
RDC237,p025_amb_c0,ce,0.4844401543313563
RDC237,p025_amb_c0,bst,1.54641862633805
RDC238,p025_amb_c0,ce,-0.5300994186251907
RDC238,p025_amb_c0,bst,-0.9223734395490136
RDC243,p025_amb_c0,ce,-0.13146090449090164
RDC243,p025_amb_c0,bst,-0.04273189585942098
RDC244,p025_amb_c0,ce,-0.15193526752478342
RDC244,p025_amb_c0,bst,-0.30604037409304835
RDC246,p025_amb_c0,ce,-1.2366226107539344
RDC246,p025_amb_c0,bst,0.2239151479051881
RDC247,p025_amb_c0,ce,0.9635759563951071
RDC247,p025_amb_c0,bst,0.016557355726682526
RDC248,p025_amb_c0,ce,0.3394619672565349
RDC248,p025_amb_c0,bst,-1.8529053107604205
RDC249,p025_amb_c0,ce,0.5845113414496113
RDC249,p025_amb_c0,bst,0.16615251461526503
RDC250,p025_amb_c0,ce,0.2367769218664522
RDC250,p025_amb_c0,bst,0.47788934388228954
RDC259,p025_amb_c0,ce,-0.2720680941055021
RDC259,p025_amb_c0,bst,-0.8482746142431773
RDC261,p025_amb_c0,ce,-0.3200976249662294
RDC261,p025_amb_c0,bst,-0.7507441301800083
RDC263,p025_amb_c0,ce,-0.6090506894764297
RDC263,p025_amb_c0,bst,0.06760200342044283
RDC102,p030_amb_c0,ce,0.421310015619145
RDC102,p030_amb_c0,bst,1.5613484551395544
RDC104,p030_amb_c0,ce,0.6760030745631482
RDC104,p030_amb_c0,bst,-0.09848018553899994
RDC105,p030_amb_c0,ce,1.2516566504002296
RDC105,p030_amb_c0,bst,0.020103314717576315
RDC106,p030_amb_c0,ce,0.4391954310279998
RDC106,p030_amb_c0,bst,1.2883314453144905
RDC107,p030_amb_c0,ce,-0.2899779745675617
RDC107,p030_amb_c0,bst,0.6414616678230965
RDC109,p030_amb_c0,ce,0.68490914626053
RDC109,p030_amb_c0,bst,0.28463885826673746
RDC110,p030_amb_c0,ce,0.5364510623703652
RDC110,p030_amb_c0,bst,0.24456819073341643
RDC111,p030_amb_c0,ce,-0.6977834447360143
RDC111,p030_amb_c0,bst,0.14713977757680005
RDC113,p030_amb_c0,ce,-0.6348429309429454
RDC113,p030_amb_c0,bst,-0.7229867682644553
RDC116,p030_amb_c0,ce,-0.42835703452275725
RDC116,p030_amb_c0,bst,-0.4684757914331645
RDC117,p030_amb_c0,ce,-0.30409475009252673
RDC117,p030_amb_c0,bst,0.6667586553265016
RDC120,p030_amb_c0,ce,1.2022002009960902
RDC120,p030_amb_c0,bst,0.1983995285646066
RDC125,p030_amb_c0,ce,0.48153577062346875
RDC125,p030_amb_c0,bst,-0.3353144947044738
RDC126,p030_amb_c0,ce,0.6444382783185608
RDC126,p030_amb_c0,bst,1.2319261533394072
RDC127,p030_amb_c0,ce,-0.4581413970325489
RDC127,p030_amb_c0,bst,0.19589974140296765
RDC128,p030_amb_c0,ce,0.6838107319852946
RDC128,p030_amb_c0,bst,-0.302663109525735
RDC129,p030_amb_c0,ce,0.10287321232910078
RDC129,p030_amb_c0,bst,-0.27817482009658095
RDC130,p030_amb_c0,ce,1.2628470724579015
RDC130,p030_amb_c0,bst,0.2755039558503137
RDC131,p030_amb_c0,ce,0.2969040189764051
RDC131,p030_amb_c0,bst,0.6304729481916261
RDC132,p030_amb_c0,ce,0.8800690695288168
RDC132,p030_amb_c0,bst,0.3475808391633149
RDC133,p030_amb_c0,ce,-0.7131981722893859
RDC133,p030_amb_c0,bst,-0.16790226913949602
RDC134,p030_amb_c0,ce,0.41196710409259907
RDC134,p030_amb_c0,bst,-1.0060753598250463
RDC136,p030_amb_c0,ce,0.34504466452875493
RDC136,p030_amb_c0,bst,1.7411523648409852
RDC137,p030_amb_c0,ce,0.3318313972206794
RDC137,p030_amb_c0,bst,-0.8379788974626613
RDC138,p030_amb_c0,ce,0.904959114435208
RDC138,p030_amb_c0,bst,1.1988630353153296
RDC139,p030_amb_c0,ce,0.36509558171889706
RDC139,p030_amb_c0,bst,0.4078930983226958
RDC141,p030_amb_c0,ce,-0.5607344603705965
RDC141,p030_amb_c0,bst,0.8134060856405134
RDC143,p030_amb_c0,ce,0.5276379654807715
RDC143,p030_amb_c0,bst,-0.8842609335069547
RDC144,p030_amb_c0,ce,-0.7145861315052177
RDC144,p030_amb_c0,bst,-0.09029662018449443
RDC145,p030_amb_c0,ce,0.3669211030552926
RDC145,p030_amb_c0,bst,1.2219529115532572
RDC146,p030_amb_c0,ce,-0.2157876687851737
RDC146,p030_amb_c0,bst,0.3703893868344794
RDC147,p030_amb_c0,ce,0.3880153509072687
RDC147,p030_amb_c0,bst,-0.49164417313063763
RDC152,p030_amb_c0,ce,0.00847246593478399
RDC152,p030_amb_c0,bst,-2.166172296465066
RDC153,p030_amb_c0,ce,0.39719236084647064
RDC153,p030_amb_c0,bst,-0.49233367671428896
RDC154,p030_amb_c0,ce,0.7331835725341002
RDC154,p030_amb_c0,bst,-0.3957323092946025
RDC156,p030_amb_c0,ce,-0.18930381343379327
RDC156,p030_amb_c0,bst,0.23914686676647054
RDC157,p030_amb_c0,ce,0.493940302793056
RDC157,p030_amb_c0,bst,0.4736499797967994
RDC159,p030_amb_c0,ce,-0.8283908345896908
RDC159,p030_amb_c0,bst,-0.11105303271301224
RDC161,p030_amb_c0,ce,-1.6117565362555175
RDC161,p030_amb_c0,bst,0.11694431850730942
RDC164,p030_amb_c0,ce,0.22456721552850478
RDC164,p030_amb_c0,bst,-0.46197417242384603
RDC165,p030_amb_c0,ce,-0.8666703369528788
RDC165,p030_amb_c0,bst,-0.20944586190991288
RDC167,p030_amb_c0,ce,1.5801698058790794
RDC167,p030_amb_c0,bst,-1.388777785706264
RDC171,p030_amb_c0,ce,0.62064037596495
RDC171,p030_amb_c0,bst,0.14119310085373737
RDC172,p030_amb_c0,ce,0.004725752583302709
RDC172,p030_amb_c0,bst,-0.06371853432758574
RDC174,p030_amb_c0,ce,0.09681959041442914
RDC174,p030_amb_c0,bst,-0.3535441299339186
RDC175,p030_amb_c0,ce,0.822928043525509
RDC175,p030_amb_c0,bst,-0.1403200438104569
RDC176,p030_amb_c0,ce,0.9127853429510947
RDC176,p030_amb_c0,bst,0.17991464208142202
RDC177,p030_amb_c0,ce,-0.5567522681131375
RDC177,p030_amb_c0,bst,0.18451998172193954
RDC178,p030_amb_c0,ce,-0.6416549864902223
RDC178,p030_amb_c0,bst,-0.6316072542524741
RDC180,p030_amb_c0,ce,-0.10606538019477595
RDC180,p030_amb_c0,bst,0.5675996857538413
RDC183,p030_amb_c0,ce,-0.5409012446254836
RDC183,p030_amb_c0,bst,0.7406784588993197
RDC184,p030_amb_c0,ce,-0.7411441151321743
RDC184,p030_amb_c0,bst,0.3308860711580112
RDC186,p030_amb_c0,ce,0.2686104933036822
RDC186,p030_amb_c0,bst,-0.10837453629033118
RDC189,p030_amb_c0,ce,0.2057989602781048
RDC189,p030_amb_c0,bst,-0.04076176795484362
RDC190,p030_amb_c0,ce,-0.3277789047160289
RDC190,p030_amb_c0,bst,-1.3491199423815832
RDC192,p030_amb_c0,ce,0.270236402670813
RDC192,p030_amb_c0,bst,0.4051668051148438
RDC193,p030_amb_c0,ce,-1.3837346855635748
RDC193,p030_amb_c0,bst,-0.45542879824769605
RDC195,p030_amb_c0,ce,0.23181511774726174
RDC195,p030_amb_c0,bst,-0.9702191128226604
RDC196,p030_amb_c0,ce,-0.35267639829182895
RDC196,p030_amb_c0,bst,-0.3473130440185546
RDC198,p030_amb_c0,ce,-0.26472884492752763
RDC198,p030_amb_c0,bst,-0.5725381423511343
RDC200,p030_amb_c0,ce,-0.5869189801248103
RDC200,p030_amb_c0,bst,-0.6768176095034059
RDC202,p030_amb_c0,ce,-0.3342990970597414
RDC202,p030_amb_c0,bst,-0.283032834706424
RDC203,p030_amb_c0,ce,-0.5281074871508344
RDC203,p030_amb_c0,bst,-0.2203028430144324
RDC204,p030_amb_c0,ce,-1.2191088054724344
RDC204,p030_amb_c0,bst,-0.09391677943447381
RDC207,p030_amb_c0,ce,0.19496609534142095
RDC207,p030_amb_c0,bst,-0.3377629310113425
RDC208,p030_amb_c0,ce,-0.3420667053101997
RDC208,p030_amb_c0,bst,-0.3803721031747466
RDC209,p030_amb_c0,ce,0.28878764938424395
RDC209,p030_amb_c0,bst,0.2462180211827175
RDC210,p030_amb_c0,ce,-0.16796762247635513
RDC210,p030_amb_c0,bst,0.1841202380843405
RDC211,p030_amb_c0,ce,-0.3653988217107895
RDC211,p030_amb_c0,bst,-1.1416395042956031
RDC212,p030_amb_c0,ce,-0.4622119849340837
RDC212,p030_amb_c0,bst,-0.4240067894287331
RDC213,p030_amb_c0,ce,0.30687129757927406
RDC213,p030_amb_c0,bst,0.6385984281492534
RDC214,p030_amb_c0,ce,1.3787410460306466
RDC214,p030_amb_c0,bst,0.6846485944618204
RDC216,p030_amb_c0,ce,0.05435606086829671
RDC216,p030_amb_c0,bst,1.08580881752264
RDC217,p030_amb_c0,ce,-0.2973069399667894
RDC217,p030_amb_c0,bst,0.3587141117014982
RDC220,p030_amb_c0,ce,-0.24241561204154416
RDC220,p030_amb_c0,bst,-0.8809538973055266
RDC221,p030_amb_c0,ce,0.4182041109246894
RDC221,p030_amb_c0,bst,-0.025217402545972174
RDC222,p030_amb_c0,ce,0.6858692672985279
RDC222,p030_amb_c0,bst,0.3076999718499637
RDC225,p030_amb_c0,ce,-0.007797822814621824
RDC225,p030_amb_c0,bst,0.07915302407017144
RDC226,p030_amb_c0,ce,-0.06573763758241571
RDC226,p030_amb_c0,bst,-0.13120672656216822
RDC227,p030_amb_c0,ce,-0.44209637082063474
RDC227,p030_amb_c0,bst,-0.8220565512448252
RDC228,p030_amb_c0,ce,-0.8658037805196108
RDC228,p030_amb_c0,bst,-0.8163903000431244
RDC229,p030_amb_c0,ce,-0.24192246277684729
RDC229,p030_amb_c0,bst,-0.0471045663446266
RDC230,p030_amb_c0,ce,0.16512757595085406
RDC230,p030_amb_c0,bst,-0.46548386135335296
RDC231,p030_amb_c0,ce,0.77413905246428
RDC231,p030_amb_c0,bst,-1.212097465771344
RDC232,p030_amb_c0,ce,0.2615022999392968
RDC232,p030_amb_c0,bst,0.9613286920240253
RDC233,p030_amb_c0,ce,-0.6244890833910999
RDC233,p030_amb_c0,bst,-0.20573736770838005
RDC234,p030_amb_c0,ce,0.11970744005880994
RDC234,p030_amb_c0,bst,0.18305787687693056
RDC235,p030_amb_c0,ce,0.5791136053665152
RDC235,p030_amb_c0,bst,1.4911282904847212
RDC236,p030_amb_c0,ce,-0.6802353277073055
RDC236,p030_amb_c0,bst,-0.6213591411493755
RDC237,p030_amb_c0,ce,0.6848167850668131
RDC237,p030_amb_c0,bst,-0.4262580535698198
RDC238,p030_amb_c0,ce,0.14946117917569715
RDC238,p030_amb_c0,bst,0.5898302636135636
RDC243,p030_amb_c0,ce,-0.5960392282893178
RDC243,p030_amb_c0,bst,1.3782903446178594
RDC244,p030_amb_c0,ce,0.2981152737471528
RDC244,p030_amb_c0,bst,-0.6656014690882689
RDC246,p030_amb_c0,ce,-0.023166459026318503
RDC246,p030_amb_c0,bst,0.14545490180717757
RDC247,p030_amb_c0,ce,0.2813902255072647
RDC247,p030_amb_c0,bst,-0.8996131797934445
RDC248,p030_amb_c0,ce,0.12749602905179494
RDC248,p030_amb_c0,bst,-0.406057250519171
RDC249,p030_amb_c0,ce,-0.09315327105761902
RDC249,p030_amb_c0,bst,-0.10967195212675378
RDC250,p030_amb_c0,ce,-1.722569912497803
RDC250,p030_amb_c0,bst,-1.32020576291155
RDC259,p030_amb_c0,ce,0.27018792628226024
RDC259,p030_amb_c0,bst,0.33036876246069113
RDC261,p030_amb_c0,ce,0.0537817625274219
RDC261,p030_amb_c0,bst,1.4040453260129537
RDC263,p030_amb_c0,ce,0.4770292443829227
RDC263,p030_amb_c0,bst,1.5318868998807538
RDC102,p030_c0,ce,-0.11018042732456369
RDC102,p030_c0,bst,-0.21061338628213302
RDC104,p030_c0,ce,-0.08100359877227457
RDC104,p030_c0,bst,-0.1448211475502444
RDC105,p030_c0,ce,0.47966525436497404
RDC105,p030_c0,bst,0.22972916910710026
RDC106,p030_c0,ce,0.4684315981215358
RDC106,p030_c0,bst,0.2580865750774117
RDC107,p030_c0,ce,0.2997869018270005
RDC107,p030_c0,bst,-0.12420288265791102
RDC109,p030_c0,ce,-0.5259774009685533
RDC109,p030_c0,bst,-0.045762717429571186
RDC110,p030_c0,ce,-0.014392419081888064
RDC110,p030_c0,bst,0.2991416213694055
RDC111,p030_c0,ce,0.13282877799323864
RDC111,p030_c0,bst,-0.31209856785156526
RDC113,p030_c0,ce,0.27339358443687856
RDC113,p030_c0,bst,0.7928317473929574
RDC116,p030_c0,ce,0.5852277064040545
RDC116,p030_c0,bst,-0.1824328264994983
RDC117,p030_c0,ce,-0.3174268440641632
RDC117,p030_c0,bst,-0.05109882957983972
RDC120,p030_c0,ce,0.20419671988603677
RDC120,p030_c0,bst,0.187287434152009
RDC125,p030_c0,ce,-0.052293842271036735
RDC125,p030_c0,bst,0.6304634274562745
RDC126,p030_c0,ce,0.3736489445315354
RDC126,p030_c0,bst,-0.24587624146862955
RDC127,p030_c0,ce,0.253202714976275
RDC127,p030_c0,bst,0.14437803455087697
RDC128,p030_c0,ce,-0.529434314709402
RDC128,p030_c0,bst,-0.00998174479582789
RDC129,p030_c0,ce,-1.1730432265194402
RDC129,p030_c0,bst,0.3367261824495162
RDC130,p030_c0,ce,0.07500959277512895
RDC130,p030_c0,bst,0.6568208663633522
RDC131,p030_c0,ce,-0.03381893674174442
RDC131,p030_c0,bst,0.33383133147556476
RDC132,p030_c0,ce,-0.24645957048213588
RDC132,p030_c0,bst,-0.3700852999974948
RDC133,p030_c0,ce,0.4590909665161897
RDC133,p030_c0,bst,-0.929874073768224
RDC134,p030_c0,ce,-0.5335064242770634
RDC134,p030_c0,bst,-0.6876675044875578
RDC136,p030_c0,ce,0.13306802444552562
RDC136,p030_c0,bst,0.04291586456482577
RDC137,p030_c0,ce,-0.13481418146639676
RDC137,p030_c0,bst,-0.2115198212151562
RDC138,p030_c0,ce,-0.20934713385856002
RDC138,p030_c0,bst,-0.2931692451264302
RDC139,p030_c0,ce,0.07826011687178823
RDC139,p030_c0,bst,0.18182922000910892
RDC141,p030_c0,ce,0.031478984402026816
RDC141,p030_c0,bst,0.34882096610417984
RDC143,p030_c0,ce,-0.5920834698750778
RDC143,p030_c0,bst,-0.36665399379536323
RDC144,p030_c0,ce,-0.10119533127472335
RDC144,p030_c0,bst,-0.7233569866021151
RDC145,p030_c0,ce,1.0150916438285993
RDC145,p030_c0,bst,0.384839798989038
RDC146,p030_c0,ce,-0.12208699735481902
RDC146,p030_c0,bst,-0.7045314263865246
RDC147,p030_c0,ce,-0.2945729961149195
RDC147,p030_c0,bst,-0.6864071269913293
RDC152,p030_c0,ce,-0.346613716592257
RDC152,p030_c0,bst,0.19767041555029494
RDC153,p030_c0,ce,-0.1307364422838076
RDC153,p030_c0,bst,0.7006505362235114
RDC154,p030_c0,ce,-0.251035510471663
RDC154,p030_c0,bst,-0.005917923473658419
RDC156,p030_c0,ce,-0.40166506401405494
RDC156,p030_c0,bst,0.488718046239531
RDC157,p030_c0,ce,-0.1441643289595011
RDC157,p030_c0,bst,-0.6702674443176848
RDC159,p030_c0,ce,-0.018029435932390633
RDC159,p030_c0,bst,0.7621720746755707
RDC161,p030_c0,ce,0.019661403766114516
RDC161,p030_c0,bst,0.36819832628290294
RDC164,p030_c0,ce,-0.13978235480432127
RDC164,p030_c0,bst,-0.1999662783207493
RDC165,p030_c0,ce,0.22607927550741364
RDC165,p030_c0,bst,0.12573054570886447
RDC167,p030_c0,ce,-0.41153810696027326
RDC167,p030_c0,bst,-0.024384139841366854
RDC171,p030_c0,ce,-0.055352626440046404
RDC171,p030_c0,bst,0.44337199839571123
RDC172,p030_c0,ce,0.5276719725633866
RDC172,p030_c0,bst,-0.010234515586724688
RDC174,p030_c0,ce,0.2099642453589688
RDC174,p030_c0,bst,0.45600962842502485
RDC175,p030_c0,ce,-0.7592641599343529
RDC175,p030_c0,bst,-1.273254862583236
RDC176,p030_c0,ce,-0.03370810298175349
RDC176,p030_c0,bst,0.03153177361442938
RDC177,p030_c0,ce,0.4697266718742642
RDC177,p030_c0,bst,-0.2565236849245673
RDC178,p030_c0,ce,0.06926319237150985
RDC178,p030_c0,bst,0.17559519520632638
RDC180,p030_c0,ce,1.138833917396006
RDC180,p030_c0,bst,0.4063193687011408
RDC183,p030_c0,ce,-0.13125108234209712
RDC183,p030_c0,bst,-0.5170345007673327
RDC184,p030_c0,ce,0.1342236883079055
RDC184,p030_c0,bst,-0.21354314230582513
RDC186,p030_c0,ce,-0.010452302795439995
RDC186,p030_c0,bst,-0.36013218251299356
RDC189,p030_c0,ce,0.04753558774065413
RDC189,p030_c0,bst,0.13203155574240374
RDC190,p030_c0,ce,-0.2792980223792019
RDC190,p030_c0,bst,-0.8141137420712713
RDC192,p030_c0,ce,0.6431305115238423
RDC192,p030_c0,bst,-0.37946161948408513
RDC193,p030_c0,ce,0.2974991226047786
RDC193,p030_c0,bst,-0.5184463445783299
RDC195,p030_c0,ce,0.4312356574763677
RDC195,p030_c0,bst,-0.2771030052204811
RDC196,p030_c0,ce,-0.1312168968836354
RDC196,p030_c0,bst,0.37678698331419325
RDC198,p030_c0,ce,0.8134175382392447
RDC198,p030_c0,bst,-0.09950702289713594
RDC200,p030_c0,ce,-0.43991242186829266
RDC200,p030_c0,bst,-0.7776824904323396
RDC202,p030_c0,ce,-0.2772225835891012
RDC202,p030_c0,bst,0.36884190317096355
RDC203,p030_c0,ce,0.17774357024552973
RDC203,p030_c0,bst,-0.3424025216676025
RDC204,p030_c0,ce,-0.05229017977652924
RDC204,p030_c0,bst,0.3109850723821164
RDC207,p030_c0,ce,-0.5059875908784843
RDC207,p030_c0,bst,-0.12309700569608677
RDC208,p030_c0,ce,0.2823354946042014
RDC208,p030_c0,bst,0.23073702109786598
RDC209,p030_c0,ce,0.3209321879086204
RDC209,p030_c0,bst,-0.263708645530033
RDC210,p030_c0,ce,0.331163390906618
RDC210,p030_c0,bst,0.6220087263610975
RDC211,p030_c0,ce,-0.28518852698605773
RDC211,p030_c0,bst,-0.09488470305162267
RDC212,p030_c0,ce,-0.6203959796916815
RDC212,p030_c0,bst,-0.22646738014439258
RDC213,p030_c0,ce,0.4121398291988343
RDC213,p030_c0,bst,-0.21542535359599538
RDC214,p030_c0,ce,-0.10907667553648666
RDC214,p030_c0,bst,0.38548504746775664
RDC216,p030_c0,ce,-0.34117719145806324
RDC216,p030_c0,bst,0.4164461772658707
RDC217,p030_c0,ce,-0.09073455195977463
RDC217,p030_c0,bst,0.014074838779557957
RDC220,p030_c0,ce,-0.3541346307775174
RDC220,p030_c0,bst,-0.5944466858862362
RDC221,p030_c0,ce,-0.30610520966176
RDC221,p030_c0,bst,-0.3336795574072988
RDC222,p030_c0,ce,-0.1552974392098417
RDC222,p030_c0,bst,0.046012886232575136
RDC225,p030_c0,ce,-0.7819996577278423
RDC225,p030_c0,bst,0.31004899664189917
RDC226,p030_c0,ce,0.5498044301628253
RDC226,p030_c0,bst,0.1531574907922492
RDC227,p030_c0,ce,0.2890030332257216
RDC227,p030_c0,bst,-0.43568524187197594
RDC228,p030_c0,ce,0.42578648174786804
RDC228,p030_c0,bst,-0.770925929511578
RDC229,p030_c0,ce,0.1465138069589925
RDC229,p030_c0,bst,1.248326606137433
RDC230,p030_c0,ce,0.8330141682023665
RDC230,p030_c0,bst,0.4970802959786052
RDC231,p030_c0,ce,0.028981033832375457
RDC231,p030_c0,bst,0.3548776871700173
RDC232,p030_c0,ce,0.12403312098661401
RDC232,p030_c0,bst,0.007967992369480223
RDC233,p030_c0,ce,-0.2666814889221671
RDC233,p030_c0,bst,-0.341233468455223
RDC234,p030_c0,ce,-0.508211795034728
RDC234,p030_c0,bst,-0.34288694051549123
RDC235,p030_c0,ce,0.34740935198154616
RDC235,p030_c0,bst,-0.1763772986219214
RDC236,p030_c0,ce,0.1836994922544473
RDC236,p030_c0,bst,-0.19786351545516767
RDC237,p030_c0,ce,0.22396766741635005
RDC237,p030_c0,bst,0.09932999676528138
RDC238,p030_c0,ce,0.538377282951861
RDC238,p030_c0,bst,0.13947794734111083
RDC243,p030_c0,ce,-0.48323822571926006
RDC243,p030_c0,bst,-0.3775129070083724
RDC244,p030_c0,ce,0.535172835758387
RDC244,p030_c0,bst,0.05528679461522427
RDC246,p030_c0,ce,-0.9333173191387508
RDC246,p030_c0,bst,0.2603380323805045
RDC247,p030_c0,ce,0.125067265752909
RDC247,p030_c0,bst,-0.2881007171244559
RDC248,p030_c0,ce,0.13921226628181144
RDC248,p030_c0,bst,0.4151013870824973
RDC249,p030_c0,ce,-0.5418695844276019
RDC249,p030_c0,bst,-0.16717159420263253
RDC250,p030_c0,ce,-0.05673855845730659
RDC250,p030_c0,bst,0.1910469892671823
RDC259,p030_c0,ce,-0.5470063399871242
RDC259,p030_c0,bst,-0.4093715975164605
RDC261,p030_c0,ce,-0.26173657919957644
RDC261,p030_c0,bst,-1.4525067936818867
RDC263,p030_c0,ce,-0.2560207088315174
RDC263,p030_c0,bst,-0.09826549800665095
RDC102,p035_amb_c0,ce,-0.054130854724328936
RDC102,p035_amb_c0,bst,-1.131499368129844
RDC104,p035_amb_c0,ce,0.20384033314402636
RDC104,p035_amb_c0,bst,-1.087223537899593
RDC105,p035_amb_c0,ce,-0.16151148227087989
RDC105,p035_amb_c0,bst,-0.6021735079861692
RDC106,p035_amb_c0,ce,0.08968687989815081
RDC106,p035_amb_c0,bst,-1.1872996865193655
RDC107,p035_amb_c0,ce,0.57560565433276
RDC107,p035_amb_c0,bst,-0.6558807902844936
RDC109,p035_amb_c0,ce,0.8276587979466108
RDC109,p035_amb_c0,bst,-0.9799447932837148
RDC110,p035_amb_c0,ce,-0.7866375927439039
RDC110,p035_amb_c0,bst,-1.0576865707861791
RDC111,p035_amb_c0,ce,-0.2304855876294496
RDC111,p035_amb_c0,bst,-0.08899337269052358
RDC113,p035_amb_c0,ce,0.047703456782665694
RDC113,p035_amb_c0,bst,0.6971657333990589
RDC116,p035_amb_c0,ce,0.38675068328970713
RDC116,p035_amb_c0,bst,0.8503059441388746
RDC117,p035_amb_c0,ce,0.12394475237078441
RDC117,p035_amb_c0,bst,0.38787295552950685
RDC120,p035_amb_c0,ce,-0.35293507381489797
RDC120,p035_amb_c0,bst,0.010194386773672534
RDC125,p035_amb_c0,ce,-0.8031224436569276
RDC125,p035_amb_c0,bst,0.12603089621930857
RDC126,p035_amb_c0,ce,1.4443793138695487
RDC126,p035_amb_c0,bst,0.2950927210799706
RDC127,p035_amb_c0,ce,-0.736014847131686
RDC127,p035_amb_c0,bst,-0.6905837178754736
RDC128,p035_amb_c0,ce,-0.21702411819700265
RDC128,p035_amb_c0,bst,1.6711622139947722
RDC129,p035_amb_c0,ce,-0.7944366056067635
RDC129,p035_amb_c0,bst,-0.9267792085196201
RDC130,p035_amb_c0,ce,0.2807258853172568
RDC130,p035_amb_c0,bst,-0.08915783008813072
RDC131,p035_amb_c0,ce,-0.43717441176090144
RDC131,p035_amb_c0,bst,-0.9396839908042312
RDC132,p035_amb_c0,ce,0.3258334100211107
RDC132,p035_amb_c0,bst,-0.9726135871123734
RDC133,p035_amb_c0,ce,-0.8496857273208896
RDC133,p035_amb_c0,bst,-1.1840080666249226
RDC134,p035_amb_c0,ce,-0.1342072815828866
RDC134,p035_amb_c0,bst,-0.6870425829975054
RDC136,p035_amb_c0,ce,0.7997120591313266
RDC136,p035_amb_c0,bst,1.626547479657634
RDC137,p035_amb_c0,ce,0.23856915612454124
RDC137,p035_amb_c0,bst,0.3795401150374394
RDC138,p035_amb_c0,ce,0.8736171609459167
RDC138,p035_amb_c0,bst,1.4002866793752435
RDC139,p035_amb_c0,ce,0.8920219926186227
RDC139,p035_amb_c0,bst,-1.1662840336033211
RDC141,p035_amb_c0,ce,1.3451745334673844
RDC141,p035_amb_c0,bst,-0.616709503275143
RDC143,p035_amb_c0,ce,-0.05443766260749175
RDC143,p035_amb_c0,bst,-0.05611735097679397
RDC144,p035_amb_c0,ce,1.2797850013736167
RDC144,p035_amb_c0,bst,-0.43707064541953805
RDC145,p035_amb_c0,ce,0.7601991890885291
RDC145,p035_amb_c0,bst,0.07289733599064648
RDC146,p035_amb_c0,ce,-1.1234642974920928
RDC146,p035_amb_c0,bst,0.7627848419327364
RDC147,p035_amb_c0,ce,-0.9174864387009071
RDC147,p035_amb_c0,bst,0.20078252735477262
RDC152,p035_amb_c0,ce,0.438636892768803
RDC152,p035_amb_c0,bst,1.446848047522782
RDC153,p035_amb_c0,ce,0.3993166825764172
RDC153,p035_amb_c0,bst,0.26812533247823334
RDC154,p035_amb_c0,ce,-0.42782060254955223
RDC154,p035_amb_c0,bst,-1.5466448655392204
RDC156,p035_amb_c0,ce,0.4902464171416425
RDC156,p035_amb_c0,bst,-0.9435863623359956
RDC157,p035_amb_c0,ce,-0.09292103633646365
RDC157,p035_amb_c0,bst,-0.12986271320204992
RDC159,p035_amb_c0,ce,0.313592374849841
RDC159,p035_amb_c0,bst,-0.741449084211558
RDC161,p035_amb_c0,ce,-0.2757147487860715
RDC161,p035_amb_c0,bst,-0.42651269773272055
RDC164,p035_amb_c0,ce,-0.6496004252368072
RDC164,p035_amb_c0,bst,-1.660954492604797
RDC165,p035_amb_c0,ce,0.9776358678941399
RDC165,p035_amb_c0,bst,-0.3523937469617427
RDC167,p035_amb_c0,ce,-0.5893287216630987
RDC167,p035_amb_c0,bst,-0.7934652874212897
RDC171,p035_amb_c0,ce,0.7995222486859647
RDC171,p035_amb_c0,bst,0.7335469500555835
RDC172,p035_amb_c0,ce,-0.5628101289010622
RDC172,p035_amb_c0,bst,-0.34274878811415266
RDC174,p035_amb_c0,ce,1.3335231590010255
RDC174,p035_amb_c0,bst,-0.051158293047842786
RDC175,p035_amb_c0,ce,1.2697410434423684
RDC175,p035_amb_c0,bst,-0.32094341267413284
RDC176,p035_amb_c0,ce,0.05310816428923962
RDC176,p035_amb_c0,bst,0.4351633057540685
RDC177,p035_amb_c0,ce,-0.034497248558193465
RDC177,p035_amb_c0,bst,-1.0782886875731696
RDC178,p035_amb_c0,ce,-0.2723453257542006
RDC178,p035_amb_c0,bst,0.6673774957360926
RDC180,p035_amb_c0,ce,1.3646989523590491
RDC180,p035_amb_c0,bst,-1.1587169334852263
RDC183,p035_amb_c0,ce,-0.4652865808531668
RDC183,p035_amb_c0,bst,0.36013869521050085
RDC184,p035_amb_c0,ce,-0.13055479596890773
RDC184,p035_amb_c0,bst,-1.333137002247743
RDC186,p035_amb_c0,ce,0.15286556410512145
RDC186,p035_amb_c0,bst,-0.4297263211384352
RDC189,p035_amb_c0,ce,0.5005476048004356
RDC189,p035_amb_c0,bst,-0.13350536920019326
RDC190,p035_amb_c0,ce,0.6658602123525746
RDC190,p035_amb_c0,bst,-0.15410322125964906
RDC192,p035_amb_c0,ce,0.6512679914525268
RDC192,p035_amb_c0,bst,0.7163229563984194
RDC193,p035_amb_c0,ce,0.4460339800716432
RDC193,p035_amb_c0,bst,0.11792655396517245
RDC195,p035_amb_c0,ce,1.4250195490033446
RDC195,p035_amb_c0,bst,2.6935529452525238
RDC196,p035_amb_c0,ce,-0.173670538300912
RDC196,p035_amb_c0,bst,-2.1346110527041033
RDC198,p035_amb_c0,ce,0.4790883027685111
RDC198,p035_amb_c0,bst,-0.6668590788635598
RDC200,p035_amb_c0,ce,0.41626290519981984
RDC200,p035_amb_c0,bst,0.09584479791816654
RDC202,p035_amb_c0,ce,-0.09985327904675888
RDC202,p035_amb_c0,bst,0.11854488015532312
RDC203,p035_amb_c0,ce,-0.14920888769007556
RDC203,p035_amb_c0,bst,0.4915514645433238
RDC204,p035_amb_c0,ce,-0.11460142526691695
RDC204,p035_amb_c0,bst,-0.4759786339586883
RDC207,p035_amb_c0,ce,-0.2287549108367657
RDC207,p035_amb_c0,bst,-0.6576106265647031
RDC208,p035_amb_c0,ce,-0.7263976128499341
RDC208,p035_amb_c0,bst,-0.6044519785449937
RDC209,p035_amb_c0,ce,-0.4832535216138815
RDC209,p035_amb_c0,bst,-0.023748722846899994
RDC210,p035_amb_c0,ce,-0.03670576418310906
RDC210,p035_amb_c0,bst,-0.6943085620308875
RDC211,p035_amb_c0,ce,-0.21418473121121662
RDC211,p035_amb_c0,bst,0.38195301918152263
RDC212,p035_amb_c0,ce,0.08199699987735015
RDC212,p035_amb_c0,bst,-0.28186595454724456
RDC213,p035_amb_c0,ce,0.48335845664517035
RDC213,p035_amb_c0,bst,0.5401614300807148
RDC214,p035_amb_c0,ce,0.052440524139696264
RDC214,p035_amb_c0,bst,0.20822861333839135
RDC216,p035_amb_c0,ce,0.2595035835068122
RDC216,p035_amb_c0,bst,1.2009208206138122
RDC217,p035_amb_c0,ce,0.6175879392026001
RDC217,p035_amb_c0,bst,0.3276327824227963
RDC220,p035_amb_c0,ce,1.1501112702193783
RDC220,p035_amb_c0,bst,-0.4451681530285249
RDC221,p035_amb_c0,ce,-0.4709173270452109
RDC221,p035_amb_c0,bst,0.05674713035530754
RDC222,p035_amb_c0,ce,-0.5605446174042812
RDC222,p035_amb_c0,bst,0.3103673756540814
RDC225,p035_amb_c0,ce,1.1393405459527917
RDC225,p035_amb_c0,bst,0.33526717791272637
RDC226,p035_amb_c0,ce,-0.46599830904190154
RDC226,p035_amb_c0,bst,-0.8465600962921896
RDC227,p035_amb_c0,ce,0.10361167337056024
RDC227,p035_amb_c0,bst,-1.6256724105264684
RDC228,p035_amb_c0,ce,-0.16130389277114895
RDC228,p035_amb_c0,bst,-0.3759992242952627
RDC229,p035_amb_c0,ce,0.14189268685351744
RDC229,p035_amb_c0,bst,0.2395095931929607
RDC230,p035_amb_c0,ce,-1.007730403545957
RDC230,p035_amb_c0,bst,-0.05004855928531277
RDC231,p035_amb_c0,ce,-0.5523301069636949
RDC231,p035_amb_c0,bst,-0.28569501033340644
RDC232,p035_amb_c0,ce,1.0500520805932405
RDC232,p035_amb_c0,bst,0.15561224489576841
RDC233,p035_amb_c0,ce,-0.09577138806322208
RDC233,p035_amb_c0,bst,0.21955443569878522
RDC234,p035_amb_c0,ce,-0.3748191112729242
RDC234,p035_amb_c0,bst,-0.39710724806146747
RDC235,p035_amb_c0,ce,0.13456626687779139
RDC235,p035_amb_c0,bst,0.4189725105478912
RDC236,p035_amb_c0,ce,-0.03823484129826493
RDC236,p035_amb_c0,bst,-0.6991977368281675
RDC237,p035_amb_c0,ce,-0.07003101359232139
RDC237,p035_amb_c0,bst,-0.4686934800796915
RDC238,p035_amb_c0,ce,-0.02442253751192153
RDC238,p035_amb_c0,bst,-0.19318212687543512
RDC243,p035_amb_c0,ce,0.12890320795496765
RDC243,p035_amb_c0,bst,0.6569936428398672
RDC244,p035_amb_c0,ce,-0.07628935903536375
RDC244,p035_amb_c0,bst,-0.6373132094796395
RDC246,p035_amb_c0,ce,0.7010500836863865
RDC246,p035_amb_c0,bst,-0.578441319951959
RDC247,p035_amb_c0,ce,0.8199152849778044
RDC247,p035_amb_c0,bst,-0.06102632348569612
RDC248,p035_amb_c0,ce,0.6921951660088577
RDC248,p035_amb_c0,bst,0.9783834550907976
RDC249,p035_amb_c0,ce,-1.3650053368846442
RDC249,p035_amb_c0,bst,0.2094365382535497
RDC250,p035_amb_c0,ce,-0.36591933626950185
RDC250,p035_amb_c0,bst,-0.5008887301025954
RDC259,p035_amb_c0,ce,0.1271259009162242
RDC259,p035_amb_c0,bst,-0.7467255794610068
RDC261,p035_amb_c0,ce,0.003885174844454819
RDC261,p035_amb_c0,bst,0.04100087626944804
RDC263,p035_amb_c0,ce,-0.7760075321853668
RDC263,p035_amb_c0,bst,1.0669362327674963
RDC102,p040_amb_c0,ce,1.364860802250824
RDC102,p040_amb_c0,bst,-0.29642058675606736
RDC104,p040_amb_c0,ce,-0.44062264238628485
RDC104,p040_amb_c0,bst,-0.899383239073496
RDC105,p040_amb_c0,ce,0.0929230913086202
RDC105,p040_amb_c0,bst,0.8578198510379723
RDC106,p040_amb_c0,ce,0.12095416061024943
RDC106,p040_amb_c0,bst,0.9788050807986869
RDC107,p040_amb_c0,ce,-0.17319515235260155
RDC107,p040_amb_c0,bst,-0.04398914177343697
RDC109,p040_amb_c0,ce,-0.04057860705300313
RDC109,p040_amb_c0,bst,-0.38248217264244005
RDC110,p040_amb_c0,ce,0.10729600073433582
RDC110,p040_amb_c0,bst,0.5794704957273717
RDC111,p040_amb_c0,ce,0.05471528251186566
RDC111,p040_amb_c0,bst,0.8012602139748773
RDC113,p040_amb_c0,ce,0.40528054793708923
RDC113,p040_amb_c0,bst,-0.04566464088481729
RDC116,p040_amb_c0,ce,-0.4964887747185902
RDC116,p040_amb_c0,bst,0.9116332161480685
RDC117,p040_amb_c0,ce,0.1329135838494686
RDC117,p040_amb_c0,bst,0.6161446191818717
RDC120,p040_amb_c0,ce,0.4200867095309302
RDC120,p040_amb_c0,bst,0.47812712278127273
RDC125,p040_amb_c0,ce,0.07618003991193853
RDC125,p040_amb_c0,bst,0.013638468292974696
RDC126,p040_amb_c0,ce,0.3693124925956672
RDC126,p040_amb_c0,bst,0.09416023083135146
RDC127,p040_amb_c0,ce,0.8856473386362893
RDC127,p040_amb_c0,bst,-0.11811747712868796
RDC128,p040_amb_c0,ce,0.3662078356734021
RDC128,p040_amb_c0,bst,-0.3761057479679913
RDC129,p040_amb_c0,ce,0.8474767571474738
RDC129,p040_amb_c0,bst,0.20406085911282212
RDC130,p040_amb_c0,ce,2.508866917620043e-05
RDC130,p040_amb_c0,bst,-0.7919849429790716
RDC131,p040_amb_c0,ce,1.9848679026824827
RDC131,p040_amb_c0,bst,0.9733653478817036
RDC132,p040_amb_c0,ce,-0.7483754607775233
RDC132,p040_amb_c0,bst,-0.13064043484173052
RDC133,p040_amb_c0,ce,0.2400464483218127
RDC133,p040_amb_c0,bst,0.3304755588000549
RDC134,p040_amb_c0,ce,0.16616320160315803
RDC134,p040_amb_c0,bst,-0.5613769417563498
RDC136,p040_amb_c0,ce,0.42551318490984547
RDC136,p040_amb_c0,bst,-0.4066035793346252
RDC137,p040_amb_c0,ce,0.34159821805604296
RDC137,p040_amb_c0,bst,-0.5505187204759886
RDC138,p040_amb_c0,ce,-0.25373909144703616
RDC138,p040_amb_c0,bst,-0.31883933248341917
RDC139,p040_amb_c0,ce,0.7156988207148873
RDC139,p040_amb_c0,bst,0.48967582790985215
RDC141,p040_amb_c0,ce,-0.27256538305009953
RDC141,p040_amb_c0,bst,-0.538378069846598
RDC143,p040_amb_c0,ce,0.1161872187432282
RDC143,p040_amb_c0,bst,1.8261121105282863
RDC144,p040_amb_c0,ce,0.009795252201004113
RDC144,p040_amb_c0,bst,0.014139822035854102
RDC145,p040_amb_c0,ce,-0.04158431897291022
RDC145,p040_amb_c0,bst,-0.41861740719281687
RDC146,p040_amb_c0,ce,0.15588469245585654
RDC146,p040_amb_c0,bst,0.20387677856054456
RDC147,p040_amb_c0,ce,0.5658284075420186
RDC147,p040_amb_c0,bst,0.748935325633051
RDC152,p040_amb_c0,ce,0.13941401635987838
RDC152,p040_amb_c0,bst,-3.400488599213888
RDC153,p040_amb_c0,ce,0.11387761790250987
RDC153,p040_amb_c0,bst,-0.6456915039763399
RDC154,p040_amb_c0,ce,-0.1842856317299507
RDC154,p040_amb_c0,bst,-0.7833879833761781
RDC156,p040_amb_c0,ce,-0.23685857174745814
RDC156,p040_amb_c0,bst,-0.4638062441884552
RDC157,p040_amb_c0,ce,0.706453621514827
RDC157,p040_amb_c0,bst,0.06059774421527131
RDC159,p040_amb_c0,ce,-0.08473808873904753
RDC159,p040_amb_c0,bst,-0.867645907338559
RDC161,p040_amb_c0,ce,1.0848955104491158
RDC161,p040_amb_c0,bst,1.7473197289859161
RDC164,p040_amb_c0,ce,0.31701534736810677
RDC164,p040_amb_c0,bst,0.007344068325463267
RDC165,p040_amb_c0,ce,-0.07534275464386404
RDC165,p040_amb_c0,bst,0.3754502691630847
RDC167,p040_amb_c0,ce,-0.014828303181459954
RDC167,p040_amb_c0,bst,0.08439222887363207
RDC171,p040_amb_c0,ce,0.1539584869036449
RDC171,p040_amb_c0,bst,-0.13199315976038709
RDC172,p040_amb_c0,ce,0.7660391935539396
RDC172,p040_amb_c0,bst,0.5336587829353537
RDC174,p040_amb_c0,ce,-0.36220569843945655
RDC174,p040_amb_c0,bst,0.3681436485715311
RDC175,p040_amb_c0,ce,-0.3094475154026231
RDC175,p040_amb_c0,bst,0.5395914664728432
RDC176,p040_amb_c0,ce,0.16773702892901943
RDC176,p040_amb_c0,bst,0.5508414750749189
RDC177,p040_amb_c0,ce,-0.44931691706932425
RDC177,p040_amb_c0,bst,0.6327805970474828
RDC178,p040_amb_c0,ce,-0.8893605304085376
RDC178,p040_amb_c0,bst,0.11540897933459242
RDC180,p040_amb_c0,ce,0.2228812807818693
RDC180,p040_amb_c0,bst,0.7813384097637753
RDC183,p040_amb_c0,ce,0.9966850984387449
RDC183,p040_amb_c0,bst,1.1338464967895499
RDC184,p040_amb_c0,ce,-0.4539801940380849
RDC184,p040_amb_c0,bst,-0.23959955183688933
RDC186,p040_amb_c0,ce,-0.2518615714187331
RDC186,p040_amb_c0,bst,0.9447146351904109
RDC189,p040_amb_c0,ce,-0.44237504244641795
RDC189,p040_amb_c0,bst,0.03266629811434361
RDC190,p040_amb_c0,ce,-0.7027306867907583
RDC190,p040_amb_c0,bst,-0.3028293548697271
RDC192,p040_amb_c0,ce,0.11874819698740756
RDC192,p040_amb_c0,bst,-0.08410956793067327
RDC193,p040_amb_c0,ce,-0.3109597808058956
RDC193,p040_amb_c0,bst,0.5285188935770475
RDC195,p040_amb_c0,ce,-0.142159565477296
RDC195,p040_amb_c0,bst,0.7037672994268641
RDC196,p040_amb_c0,ce,-0.21092922463710756
RDC196,p040_amb_c0,bst,0.015456176216843254
RDC198,p040_amb_c0,ce,0.3422796473230713
RDC198,p040_amb_c0,bst,-0.32171841149930175
RDC200,p040_amb_c0,ce,0.1765963614267692
RDC200,p040_amb_c0,bst,0.7349018780185149
RDC202,p040_amb_c0,ce,-0.04917945483580501
RDC202,p040_amb_c0,bst,0.3564496964287158
RDC203,p040_amb_c0,ce,0.37052334311264323
RDC203,p040_amb_c0,bst,0.10979136661153362
RDC204,p040_amb_c0,ce,0.7539354657495823
RDC204,p040_amb_c0,bst,-0.0062108203356844305
RDC207,p040_amb_c0,ce,-0.8084876506479461
RDC207,p040_amb_c0,bst,-0.44100928891367724
RDC208,p040_amb_c0,ce,-0.18946596732173904
RDC208,p040_amb_c0,bst,-0.9630846145640088
RDC209,p040_amb_c0,ce,-0.2719279181849124
RDC209,p040_amb_c0,bst,0.18751690608584023
RDC210,p040_amb_c0,ce,-0.1746021973197292
RDC210,p040_amb_c0,bst,-0.262985341582138
RDC211,p040_amb_c0,ce,-0.965567994389203
RDC211,p040_amb_c0,bst,-0.4145313668622979
RDC212,p040_amb_c0,ce,0.21729707267892992
RDC212,p040_amb_c0,bst,-0.08447659247952315
RDC213,p040_amb_c0,ce,-0.6502362203769376
RDC213,p040_amb_c0,bst,-0.28478815718691924
RDC214,p040_amb_c0,ce,-0.41150284077445354
RDC214,p040_amb_c0,bst,-0.15214095500120575
RDC216,p040_amb_c0,ce,-0.7356789229633737
RDC216,p040_amb_c0,bst,-0.28928390601025905
RDC217,p040_amb_c0,ce,-0.27411180104760247
RDC217,p040_amb_c0,bst,0.09258288938090291
RDC220,p040_amb_c0,ce,-0.2985683032973661
RDC220,p040_amb_c0,bst,-0.15413879359232774
RDC221,p040_amb_c0,ce,0.18456654199363753
RDC221,p040_amb_c0,bst,-0.36112859402441116
RDC222,p040_amb_c0,ce,-0.3586736823711994
RDC222,p040_amb_c0,bst,0.38384669476887673
RDC225,p040_amb_c0,ce,-0.2920753533321844
RDC225,p040_amb_c0,bst,-0.26986183957470206
RDC226,p040_amb_c0,ce,0.42890640891466975
RDC226,p040_amb_c0,bst,0.22325705641730428
RDC227,p040_amb_c0,ce,0.1598811501335422
RDC227,p040_amb_c0,bst,-0.01142438649277927
RDC228,p040_amb_c0,ce,-0.24196442019764544
RDC228,p040_amb_c0,bst,-0.2109528270912712
RDC229,p040_amb_c0,ce,-0.06327253455691609
RDC229,p040_amb_c0,bst,-0.901644271987064
RDC230,p040_amb_c0,ce,-0.05062062904143386
RDC230,p040_amb_c0,bst,-0.6911165625999979
RDC231,p040_amb_c0,ce,-0.10510639184251343
RDC231,p040_amb_c0,bst,0.09748691025810495
RDC232,p040_amb_c0,ce,-0.3183564099161669
RDC232,p040_amb_c0,bst,0.40523625362977994
RDC233,p040_amb_c0,ce,-0.047488499444551795
RDC233,p040_amb_c0,bst,0.3736360281949144
RDC234,p040_amb_c0,ce,-0.3365278297199779
RDC234,p040_amb_c0,bst,-0.29701547425671454
RDC235,p040_amb_c0,ce,-0.7556597946639086
RDC235,p040_amb_c0,bst,-0.5364806225501532
RDC236,p040_amb_c0,ce,0.3903119420606286
RDC236,p040_amb_c0,bst,-0.300221620601379
RDC237,p040_amb_c0,ce,0.5182234754872271
RDC237,p040_amb_c0,bst,0.5544993837888003
RDC238,p040_amb_c0,ce,-0.4945168287809919
RDC238,p040_amb_c0,bst,-0.6823793752117693
RDC243,p040_amb_c0,ce,-0.009165777948678016
RDC243,p040_amb_c0,bst,0.23907059103205663
RDC244,p040_amb_c0,ce,-0.478693669037693
RDC244,p040_amb_c0,bst,-0.5993838580714331
RDC246,p040_amb_c0,ce,0.026644131012033404
RDC246,p040_amb_c0,bst,-0.3235957304743043
RDC247,p040_amb_c0,ce,-0.3918904014454206
RDC247,p040_amb_c0,bst,-0.5623389905469022
RDC248,p040_amb_c0,ce,-0.279066573268407
RDC248,p040_amb_c0,bst,0.9927146229249951
RDC249,p040_amb_c0,ce,0.08943954280498667
RDC249,p040_amb_c0,bst,-0.030146916117831712
RDC250,p040_amb_c0,ce,0.23181584248856524
RDC250,p040_amb_c0,bst,-0.059756557963039136
RDC259,p040_amb_c0,ce,-0.11646110643636357
RDC259,p040_amb_c0,bst,-0.8173121165910793
RDC261,p040_amb_c0,ce,0.8175512652932214
RDC261,p040_amb_c0,bst,0.6459796096674973
RDC263,p040_amb_c0,ce,-0.25697195502171866
RDC263,p040_amb_c0,bst,-0.21961371509386884
RDC102,p040_c0,ce,-0.2628347636034053
RDC102,p040_c0,bst,-0.31418930275335605
RDC104,p040_c0,ce,-0.2799318167041472
RDC104,p040_c0,bst,-1.888057477364898
RDC105,p040_c0,ce,-0.034854192048491196
RDC105,p040_c0,bst,0.13124555394569382
RDC106,p040_c0,ce,-0.40883874977584284
RDC106,p040_c0,bst,0.4640756508913544
RDC107,p040_c0,ce,-0.07525429214131016
RDC107,p040_c0,bst,0.22301817764514423
RDC109,p040_c0,ce,0.3436722173043096
RDC109,p040_c0,bst,-0.9123443662189675
RDC110,p040_c0,ce,0.15329273561047319
RDC110,p040_c0,bst,-0.25898004459294205
RDC111,p040_c0,ce,-0.7050068157003408
RDC111,p040_c0,bst,-0.697484524281622
RDC113,p040_c0,ce,-0.6998869620003924
RDC113,p040_c0,bst,-0.3065058278667108
RDC116,p040_c0,ce,0.2023785687505896
RDC116,p040_c0,bst,0.31759012192021446
RDC117,p040_c0,ce,-0.09884764465941735
RDC117,p040_c0,bst,0.5514790836374978
RDC120,p040_c0,ce,-0.5755532995313043
RDC120,p040_c0,bst,-0.7658934812894426
RDC125,p040_c0,ce,-0.15559697047306678
RDC125,p040_c0,bst,-0.29039177666818494
RDC126,p040_c0,ce,-0.4452991952600722
RDC126,p040_c0,bst,-0.037542463263062965
RDC127,p040_c0,ce,-1.2332084898565219
RDC127,p040_c0,bst,-0.5425870943930376
RDC128,p040_c0,ce,-0.39806839323070353
RDC128,p040_c0,bst,-0.6294872251773248
RDC129,p040_c0,ce,-0.18210168312390596
RDC129,p040_c0,bst,-0.5840831403684585
RDC130,p040_c0,ce,-0.24553050929263898
RDC130,p040_c0,bst,-0.18695427130291611
RDC131,p040_c0,ce,0.3508588622953703
RDC131,p040_c0,bst,1.1193087458066728
RDC132,p040_c0,ce,0.6436621800616256
RDC132,p040_c0,bst,0.0029804044641782526
RDC133,p040_c0,ce,-0.08250226362951572
RDC133,p040_c0,bst,0.7974736219951204
RDC134,p040_c0,ce,-0.7284365961563172
RDC134,p040_c0,bst,0.1410969585256782
RDC136,p040_c0,ce,-0.15923955839830656
RDC136,p040_c0,bst,0.01793792962271658
RDC137,p040_c0,ce,0.024086518684308843
RDC137,p040_c0,bst,0.5082952521570733
RDC138,p040_c0,ce,-0.8778031160077189
RDC138,p040_c0,bst,-0.33871550243144255
RDC139,p040_c0,ce,0.18059256108608648
RDC139,p040_c0,bst,0.1913793286416802
RDC141,p040_c0,ce,0.024746508044538748
RDC141,p040_c0,bst,0.3194398126750362
RDC143,p040_c0,ce,-0.6026083364021094
RDC143,p040_c0,bst,0.6718461134571839
RDC144,p040_c0,ce,-0.881843004511203
RDC144,p040_c0,bst,-0.0869232852014613
RDC145,p040_c0,ce,-1.4545488317043334
RDC145,p040_c0,bst,-1.6290286061810875
RDC146,p040_c0,ce,-0.03270186014512076
RDC146,p040_c0,bst,0.3996415600965364
RDC147,p040_c0,ce,-0.005578004289271483
RDC147,p040_c0,bst,0.878399899509359
RDC152,p040_c0,ce,0.1309650688007126
RDC152,p040_c0,bst,-0.7064855716617909
RDC153,p040_c0,ce,-0.01688337103789368
RDC153,p040_c0,bst,0.032795866130239104
RDC154,p040_c0,ce,-0.09194679062683724
RDC154,p040_c0,bst,-0.5014847127844021
RDC156,p040_c0,ce,0.22091596733858757
RDC156,p040_c0,bst,0.5962357899173001
RDC157,p040_c0,ce,0.056790279565858005
RDC157,p040_c0,bst,1.103739065895818
RDC159,p040_c0,ce,0.07936908550915898
RDC159,p040_c0,bst,-0.6224146500890041
RDC161,p040_c0,ce,-0.6129461105420996
RDC161,p040_c0,bst,0.38559620510734494
RDC164,p040_c0,ce,0.6264578754104508
RDC164,p040_c0,bst,0.21073913058987723
RDC165,p040_c0,ce,-0.6972096485782837
RDC165,p040_c0,bst,0.8001115699520577
RDC167,p040_c0,ce,-0.07919074361603873
RDC167,p040_c0,bst,-0.5526115593191443
RDC171,p040_c0,ce,0.29384695572529035
RDC171,p040_c0,bst,0.5993836238215391
RDC172,p040_c0,ce,-0.5581096962537644
RDC172,p040_c0,bst,0.6571917865876437
RDC174,p040_c0,ce,0.5909262233298489
RDC174,p040_c0,bst,0.193586996484844
RDC175,p040_c0,ce,0.7638698706003151
RDC175,p040_c0,bst,-0.845256243624981
RDC176,p040_c0,ce,-0.4905343512351461
RDC176,p040_c0,bst,0.7365906627020156
RDC177,p040_c0,ce,-0.5455368602355612
RDC177,p040_c0,bst,0.09410219661872728
RDC178,p040_c0,ce,-0.13971856809362884
RDC178,p040_c0,bst,0.18637451178633438
RDC180,p040_c0,ce,-0.6523098801601144
RDC180,p040_c0,bst,-0.3384718945400811
RDC183,p040_c0,ce,0.43256436490964206
RDC183,p040_c0,bst,-0.10139501859948859
RDC184,p040_c0,ce,-0.3310942321606061
RDC184,p040_c0,bst,0.2563250578848942
RDC186,p040_c0,ce,0.13985602488814353
RDC186,p040_c0,bst,-0.7175764757430336
RDC189,p040_c0,ce,-0.3035978854706944
RDC189,p040_c0,bst,-0.2751325588884688
RDC190,p040_c0,ce,-0.2698671755920752
RDC190,p040_c0,bst,-0.1482376587130149
RDC192,p040_c0,ce,-0.0651026250624386
RDC192,p040_c0,bst,0.134243095418062
RDC193,p040_c0,ce,-0.025165212796131077
RDC193,p040_c0,bst,-0.04099772648289305
RDC195,p040_c0,ce,-0.06618850879539995
RDC195,p040_c0,bst,-0.029880840571059792
RDC196,p040_c0,ce,0.602543520126319
RDC196,p040_c0,bst,0.03133435942457985
RDC198,p040_c0,ce,-0.1589786042891607
RDC198,p040_c0,bst,-0.07071601386764081
RDC200,p040_c0,ce,0.11476261083882063
RDC200,p040_c0,bst,-0.29454876644455125
RDC202,p040_c0,ce,0.3199556462917789
RDC202,p040_c0,bst,-0.18565392045485538
RDC203,p040_c0,ce,0.26396785788431504
RDC203,p040_c0,bst,-0.0028725746097869966
RDC204,p040_c0,ce,0.21648115997400888
RDC204,p040_c0,bst,-0.33769515892892615
RDC207,p040_c0,ce,-0.4491825798540297
RDC207,p040_c0,bst,0.2793540377707725
RDC208,p040_c0,ce,0.08939377625779098
RDC208,p040_c0,bst,0.2974006318024769
RDC209,p040_c0,ce,0.054637721163415455
RDC209,p040_c0,bst,-0.38119748620437405
RDC210,p040_c0,ce,0.21956285966662858
RDC210,p040_c0,bst,-0.11177466581590505
RDC211,p040_c0,ce,0.6482620869836752
RDC211,p040_c0,bst,0.5231407517569715
RDC212,p040_c0,ce,-0.07058782285916215
RDC212,p040_c0,bst,-0.15905675254718118
RDC213,p040_c0,ce,0.28998407556781275
RDC213,p040_c0,bst,-0.6566594348347091
RDC214,p040_c0,ce,-0.3355763952576119
RDC214,p040_c0,bst,-0.17222482394456096
RDC216,p040_c0,ce,0.7723192036998648
RDC216,p040_c0,bst,1.6941009738320225
RDC217,p040_c0,ce,-1.0588813405005384
RDC217,p040_c0,bst,-0.08332485395067397
RDC220,p040_c0,ce,-0.060051451250456904
RDC220,p040_c0,bst,-0.6459954530085692
RDC221,p040_c0,ce,0.3594773430698302
RDC221,p040_c0,bst,-0.1286325626568969
RDC222,p040_c0,ce,0.13341060716081637
RDC222,p040_c0,bst,0.3288269405829131
RDC225,p040_c0,ce,0.15928046882124078
RDC225,p040_c0,bst,0.48045143359686254
RDC226,p040_c0,ce,-0.1944472774759005
RDC226,p040_c0,bst,0.06058503285002964
RDC227,p040_c0,ce,0.1189696812003163
RDC227,p040_c0,bst,0.29983115418818923
RDC228,p040_c0,ce,-0.18899768668753322
RDC228,p040_c0,bst,-0.651437698405084
RDC229,p040_c0,ce,0.45000542023585915
RDC229,p040_c0,bst,-0.009887004999211912
RDC230,p040_c0,ce,-0.85475472936778
RDC230,p040_c0,bst,0.26987308169246255
RDC231,p040_c0,ce,0.17142905038857706
RDC231,p040_c0,bst,0.2773060193611115
RDC232,p040_c0,ce,-0.043444272412549556
RDC232,p040_c0,bst,0.3345221830554281
RDC233,p040_c0,ce,-0.2173718669085881
RDC233,p040_c0,bst,-0.579246143772986
RDC234,p040_c0,ce,0.12137286461301104
RDC234,p040_c0,bst,-0.1120238440685651
RDC235,p040_c0,ce,0.14601244119323847
RDC235,p040_c0,bst,0.5719470847481859
RDC236,p040_c0,ce,-0.272053702059703
RDC236,p040_c0,bst,0.01071203405063533
RDC237,p040_c0,ce,0.09173758024008231
RDC237,p040_c0,bst,0.41654692531774645
RDC238,p040_c0,ce,-0.0593438484251105
RDC238,p040_c0,bst,-0.6930096016763342
RDC243,p040_c0,ce,0.20348702619008627
RDC243,p040_c0,bst,-0.25679391498469345
RDC244,p040_c0,ce,0.13675421411021363
RDC244,p040_c0,bst,0.29590130351843086
RDC246,p040_c0,ce,0.3856514529381811
RDC246,p040_c0,bst,-0.48859719306478366
RDC247,p040_c0,ce,-0.15805045240234214
RDC247,p040_c0,bst,-0.7259409121886481
RDC248,p040_c0,ce,0.19160043368245377
RDC248,p040_c0,bst,1.2148737900009594
RDC249,p040_c0,ce,-0.20689880672797142
RDC249,p040_c0,bst,-0.04003121051634189
RDC250,p040_c0,ce,0.35837479711733683
RDC250,p040_c0,bst,-0.33094932046288233
RDC259,p040_c0,ce,0.3004235922753237
RDC259,p040_c0,bst,-0.31267700574133994
RDC261,p040_c0,ce,-0.6657842571341482
RDC261,p040_c0,bst,-0.2008769532005353
RDC263,p040_c0,ce,-0.07032933882711097
RDC263,p040_c0,bst,0.06676155844151341
RDC102,p045_amb_c0,ce,0.2855410855529452
RDC102,p045_amb_c0,bst,-0.4121920093217964
RDC104,p045_amb_c0,ce,0.21376437372094023
RDC104,p045_amb_c0,bst,0.3376165369561522
RDC105,p045_amb_c0,ce,0.31344714326260265
RDC105,p045_amb_c0,bst,0.38522696229710474
RDC106,p045_amb_c0,ce,0.05008948731507783
RDC106,p045_amb_c0,bst,-0.5180603633440127
RDC107,p045_amb_c0,ce,-0.15954424611231433
RDC107,p045_amb_c0,bst,-0.37657918736789703
RDC109,p045_amb_c0,ce,0.6099188115987008
RDC109,p045_amb_c0,bst,0.8545212508790918
RDC110,p045_amb_c0,ce,-0.44624716228900235
RDC110,p045_amb_c0,bst,0.4440766401847234
RDC111,p045_amb_c0,ce,0.1173481666146048
RDC111,p045_amb_c0,bst,0.8115475919789255
RDC113,p045_amb_c0,ce,-0.7328009655163725
RDC113,p045_amb_c0,bst,0.5126583463070232
RDC116,p045_amb_c0,ce,-0.2777295755036575
RDC116,p045_amb_c0,bst,-0.16100189603447687
RDC117,p045_amb_c0,ce,-0.05960271751122515
RDC117,p045_amb_c0,bst,0.2531683537245142
RDC120,p045_amb_c0,ce,-0.5609838909901442
RDC120,p045_amb_c0,bst,0.3017152825963387
RDC125,p045_amb_c0,ce,0.7811048674388543
RDC125,p045_amb_c0,bst,-0.777120167281916
RDC126,p045_amb_c0,ce,-0.9195754017549012
RDC126,p045_amb_c0,bst,-0.7805714693602365
RDC127,p045_amb_c0,ce,1.1609256109098074
RDC127,p045_amb_c0,bst,-0.039460563090168876
RDC128,p045_amb_c0,ce,0.8311799781885189
RDC128,p045_amb_c0,bst,-0.8504546268632002
RDC129,p045_amb_c0,ce,0.794295721934008
RDC129,p045_amb_c0,bst,-0.052270090386236756
RDC130,p045_amb_c0,ce,0.7756025126647943
RDC130,p045_amb_c0,bst,0.2482304530160748
RDC131,p045_amb_c0,ce,0.032161536078840175
RDC131,p045_amb_c0,bst,-1.6117316742376377
RDC132,p045_amb_c0,ce,0.3181026898229178
RDC132,p045_amb_c0,bst,-1.2626164084643925
RDC133,p045_amb_c0,ce,1.6852360770165078
RDC133,p045_amb_c0,bst,-0.19068606095103105
RDC134,p045_amb_c0,ce,0.9062325013904173
RDC134,p045_amb_c0,bst,0.505256579631757
RDC136,p045_amb_c0,ce,0.14014241168788288
RDC136,p045_amb_c0,bst,-0.09791010399696298
RDC137,p045_amb_c0,ce,-0.4699836112023186
RDC137,p045_amb_c0,bst,-0.626657740445042
RDC138,p045_amb_c0,ce,-0.6987184783073015
RDC138,p045_amb_c0,bst,-0.010647785656874706
RDC139,p045_amb_c0,ce,-0.10926066978854342
RDC139,p045_amb_c0,bst,0.3606197142186687
RDC141,p045_amb_c0,ce,-0.5809590330946541
RDC141,p045_amb_c0,bst,-0.22845120381187814
RDC143,p045_amb_c0,ce,0.09214428501853744
RDC143,p045_amb_c0,bst,0.534782954596382
RDC144,p045_amb_c0,ce,-0.2824810561963892
RDC144,p045_amb_c0,bst,-1.3871489957797738
RDC145,p045_amb_c0,ce,0.5799822837866998
RDC145,p045_amb_c0,bst,0.0836119201041335
RDC146,p045_amb_c0,ce,-1.1778871265694923
RDC146,p045_amb_c0,bst,-0.1268650503883517
RDC147,p045_amb_c0,ce,-0.12714596811145662
RDC147,p045_amb_c0,bst,0.21329112037607664
RDC152,p045_amb_c0,ce,-0.46059284483279267
RDC152,p045_amb_c0,bst,-2.153398816026174
RDC153,p045_amb_c0,ce,-0.03819459337106266
RDC153,p045_amb_c0,bst,-1.0490868092274621
RDC154,p045_amb_c0,ce,-0.8348433192007875
RDC154,p045_amb_c0,bst,-0.0895538189319884
RDC156,p045_amb_c0,ce,-0.34510484959646626
RDC156,p045_amb_c0,bst,-0.3818804919496572
RDC157,p045_amb_c0,ce,-0.03274198245830298
RDC157,p045_amb_c0,bst,0.20611006873421936
RDC159,p045_amb_c0,ce,0.17102744183507987
RDC159,p045_amb_c0,bst,1.7906516366579623
RDC161,p045_amb_c0,ce,-0.2950442535264986
RDC161,p045_amb_c0,bst,0.9344740386929917
RDC164,p045_amb_c0,ce,-0.2126637925437329
RDC164,p045_amb_c0,bst,-0.6319995329629942
RDC165,p045_amb_c0,ce,0.24394198660454822
RDC165,p045_amb_c0,bst,-0.2197727842052105
RDC167,p045_amb_c0,ce,-0.007637263450865859
RDC167,p045_amb_c0,bst,0.41839757297439756
RDC171,p045_amb_c0,ce,-0.18912088219868148
RDC171,p045_amb_c0,bst,0.26577805832142315
RDC172,p045_amb_c0,ce,-0.26929397745166955
RDC172,p045_amb_c0,bst,-0.7903101774332004
RDC174,p045_amb_c0,ce,-0.6626067673280177
RDC174,p045_amb_c0,bst,0.03789235826400433
RDC175,p045_amb_c0,ce,1.9823872171400931
RDC175,p045_amb_c0,bst,1.1299940046088677
RDC176,p045_amb_c0,ce,0.42269395334437215
RDC176,p045_amb_c0,bst,-0.016827654132453834
RDC177,p045_amb_c0,ce,-0.7602055959791613
RDC177,p045_amb_c0,bst,0.346965062899566
RDC178,p045_amb_c0,ce,0.05213656988453398
RDC178,p045_amb_c0,bst,0.16063429355875838
RDC180,p045_amb_c0,ce,-1.157566596176934
RDC180,p045_amb_c0,bst,-0.4026345909290003
RDC183,p045_amb_c0,ce,0.49276268787322625
RDC183,p045_amb_c0,bst,-1.549703049349419
RDC184,p045_amb_c0,ce,-0.5256138099213743
RDC184,p045_amb_c0,bst,-0.3455286924686025
RDC186,p045_amb_c0,ce,0.4239498082188812
RDC186,p045_amb_c0,bst,-0.31570024181261747
RDC189,p045_amb_c0,ce,0.23818201154919053
RDC189,p045_amb_c0,bst,0.9787691486180602
RDC190,p045_amb_c0,ce,0.3711323771233362
RDC190,p045_amb_c0,bst,0.9715428411498864
RDC192,p045_amb_c0,ce,-0.5992068023656836
RDC192,p045_amb_c0,bst,-0.44200295264025885
RDC193,p045_amb_c0,ce,0.06950079004837888
RDC193,p045_amb_c0,bst,0.2828780162277444
RDC195,p045_amb_c0,ce,-0.9826624104725054
RDC195,p045_amb_c0,bst,0.16724887355381857
RDC196,p045_amb_c0,ce,-0.024593011913547003
RDC196,p045_amb_c0,bst,-1.5592882133676487
RDC198,p045_amb_c0,ce,0.10354299677356196
RDC198,p045_amb_c0,bst,0.635206207369518
RDC200,p045_amb_c0,ce,-0.4248564345007942
RDC200,p045_amb_c0,bst,-0.17447817283160938
RDC202,p045_amb_c0,ce,-0.2839616155411046
RDC202,p045_amb_c0,bst,-0.4302419909026142
RDC203,p045_amb_c0,ce,0.26256462919651097
RDC203,p045_amb_c0,bst,-0.2807888200824116
RDC204,p045_amb_c0,ce,-0.5513033402835766
RDC204,p045_amb_c0,bst,-0.5382874204666045
RDC207,p045_amb_c0,ce,-0.27739756792039777
RDC207,p045_amb_c0,bst,0.4341165081477378
RDC208,p045_amb_c0,ce,0.4914781549726817
RDC208,p045_amb_c0,bst,0.187350845497244
RDC209,p045_amb_c0,ce,0.8310548700919739
RDC209,p045_amb_c0,bst,-0.008484650776277802
RDC210,p045_amb_c0,ce,0.9251597642883599
RDC210,p045_amb_c0,bst,0.5189792301005852
RDC211,p045_amb_c0,ce,0.03040768733603727
RDC211,p045_amb_c0,bst,-0.627745910424866
RDC212,p045_amb_c0,ce,-0.47265798248247515
RDC212,p045_amb_c0,bst,-0.36707284497576403
RDC213,p045_amb_c0,ce,0.885089094370712
RDC213,p045_amb_c0,bst,0.0580227322232875
RDC214,p045_amb_c0,ce,-0.2588950076396876
RDC214,p045_amb_c0,bst,0.17505514620872284
RDC216,p045_amb_c0,ce,-0.2270890824291484
RDC216,p045_amb_c0,bst,-2.217144718670158
RDC217,p045_amb_c0,ce,0.2771918967989279
RDC217,p045_amb_c0,bst,0.47920634948178736
RDC220,p045_amb_c0,ce,0.7682938718988216
RDC220,p045_amb_c0,bst,-0.8125626188596637
RDC221,p045_amb_c0,ce,-0.06757865740251266
RDC221,p045_amb_c0,bst,0.1831791166758768
RDC222,p045_amb_c0,ce,-0.05989189388909321
RDC222,p045_amb_c0,bst,-0.06256410380861759
RDC225,p045_amb_c0,ce,-0.37798592061550995
RDC225,p045_amb_c0,bst,-0.43242683918752717
RDC226,p045_amb_c0,ce,0.5144935911597991
RDC226,p045_amb_c0,bst,0.30305396126080103
RDC227,p045_amb_c0,ce,0.44952933484810376
RDC227,p045_amb_c0,bst,-0.3407783097140061
RDC228,p045_amb_c0,ce,-0.282985867368541
RDC228,p045_amb_c0,bst,-0.19603200065630366
RDC229,p045_amb_c0,ce,0.2609220847434715
RDC229,p045_amb_c0,bst,-0.2836925485171507
RDC230,p045_amb_c0,ce,-0.669716604644522
RDC230,p045_amb_c0,bst,-0.2986622070282159
RDC231,p045_amb_c0,ce,-0.23828660965935386
RDC231,p045_amb_c0,bst,0.33788732548685685
RDC232,p045_amb_c0,ce,-0.21294442983008602
RDC232,p045_amb_c0,bst,-0.4371800334961899
RDC233,p045_amb_c0,ce,-0.26544374438152224
RDC233,p045_amb_c0,bst,0.2447461942437297
RDC234,p045_amb_c0,ce,-0.11356168656904476
RDC234,p045_amb_c0,bst,0.030179626829523954
RDC235,p045_amb_c0,ce,0.039473982902852325
RDC235,p045_amb_c0,bst,0.5356551299284024
RDC236,p045_amb_c0,ce,-0.317659602186335
RDC236,p045_amb_c0,bst,-0.5666856359989576
RDC237,p045_amb_c0,ce,0.43100349352137846
RDC237,p045_amb_c0,bst,-0.36639588641838744
RDC238,p045_amb_c0,ce,0.192324852885718
RDC238,p045_amb_c0,bst,-0.06313709378915673
RDC243,p045_amb_c0,ce,-0.4726849696933438
RDC243,p045_amb_c0,bst,0.4304681725075226
RDC244,p045_amb_c0,ce,0.03485374474160428
RDC244,p045_amb_c0,bst,0.4904902691068365
RDC246,p045_amb_c0,ce,0.017581210622602487
RDC246,p045_amb_c0,bst,-0.020606875342165393
RDC247,p045_amb_c0,ce,0.30445580975469744
RDC247,p045_amb_c0,bst,-0.06170705071333329
RDC248,p045_amb_c0,ce,-0.04129592246213572
RDC248,p045_amb_c0,bst,-0.030208063867025698
RDC249,p045_amb_c0,ce,0.3971325404126403
RDC249,p045_amb_c0,bst,0.4199594603204299
RDC250,p045_amb_c0,ce,-0.3618761341782437
RDC250,p045_amb_c0,bst,0.21146147589919606
RDC259,p045_amb_c0,ce,0.20270163427621601
RDC259,p045_amb_c0,bst,0.8480197606925935
RDC261,p045_amb_c0,ce,0.03133302026527225
RDC261,p045_amb_c0,bst,-0.06003435662544199
RDC263,p045_amb_c0,ce,0.781552465809181
RDC263,p045_amb_c0,bst,0.36242093660175856
RDC102,p050_amb_c0,ce,1.3154979035199663
RDC102,p050_amb_c0,bst,-1.0647514673738752
RDC104,p050_amb_c0,ce,-0.297670983778478
RDC104,p050_amb_c0,bst,-0.6808029973724826
RDC105,p050_amb_c0,ce,-0.9094449962670348
RDC105,p050_amb_c0,bst,0.8264972914761595
RDC106,p050_amb_c0,ce,-0.40162472682493217
RDC106,p050_amb_c0,bst,-0.1744990406487196
RDC107,p050_amb_c0,ce,-0.3134134961242437
RDC107,p050_amb_c0,bst,0.11552002203705965
RDC109,p050_amb_c0,ce,-0.5891080349853131
RDC109,p050_amb_c0,bst,-1.2287459160548704
RDC110,p050_amb_c0,ce,0.4441694083251584
RDC110,p050_amb_c0,bst,0.778009006367177
RDC111,p050_amb_c0,ce,-0.0634004651120634
RDC111,p050_amb_c0,bst,0.2482128403646787
RDC113,p050_amb_c0,ce,0.3577638738186436
RDC113,p050_amb_c0,bst,0.023409916303990325
RDC116,p050_amb_c0,ce,-0.027477518863429785
RDC116,p050_amb_c0,bst,0.9365075510831228
RDC117,p050_amb_c0,ce,0.7325405525422398
RDC117,p050_amb_c0,bst,0.3831541709405421
RDC120,p050_amb_c0,ce,-0.3321181479711406
RDC120,p050_amb_c0,bst,-0.8303768781749655
RDC125,p050_amb_c0,ce,0.8230203218141167
RDC125,p050_amb_c0,bst,0.11508355731820741
RDC126,p050_amb_c0,ce,0.9441470806354588
RDC126,p050_amb_c0,bst,0.48767543451373835
RDC127,p050_amb_c0,ce,0.9620451741842914
RDC127,p050_amb_c0,bst,0.6142854648528281
RDC128,p050_amb_c0,ce,-0.4555170157178593
RDC128,p050_amb_c0,bst,0.05586605385888218
RDC129,p050_amb_c0,ce,-0.024814287597172822
RDC129,p050_amb_c0,bst,-0.3269888578019865
RDC130,p050_amb_c0,ce,0.5545277714600296
RDC130,p050_amb_c0,bst,0.2966917076169294
RDC131,p050_amb_c0,ce,0.8313827866985879
RDC131,p050_amb_c0,bst,1.1095593858672776
RDC132,p050_amb_c0,ce,-0.22698613679950527
RDC132,p050_amb_c0,bst,-0.5662463891708707
RDC133,p050_amb_c0,ce,0.6219391137173882
RDC133,p050_amb_c0,bst,-0.3966097360686441
RDC134,p050_amb_c0,ce,0.11429745112743295
RDC134,p050_amb_c0,bst,0.427762518504591
RDC136,p050_amb_c0,ce,0.8808793284215714
RDC136,p050_amb_c0,bst,0.14748985199810905
RDC137,p050_amb_c0,ce,-0.44671630960957676
RDC137,p050_amb_c0,bst,-0.5713009208472412
RDC138,p050_amb_c0,ce,0.41426439913460394
RDC138,p050_amb_c0,bst,-0.8227407962738424
RDC139,p050_amb_c0,ce,0.15418134952814852
RDC139,p050_amb_c0,bst,0.2486421294723391
RDC141,p050_amb_c0,ce,-1.107668330707341
RDC141,p050_amb_c0,bst,-0.6610423637715207
RDC143,p050_amb_c0,ce,1.2525934641058307
RDC143,p050_amb_c0,bst,0.5734391718828015
RDC144,p050_amb_c0,ce,-0.5759920936883107
RDC144,p050_amb_c0,bst,-0.8714331522732448
RDC145,p050_amb_c0,ce,-0.050670011489026695
RDC145,p050_amb_c0,bst,1.8661133312928495
RDC146,p050_amb_c0,ce,-0.1297094940205975
RDC146,p050_amb_c0,bst,-0.44262728646336624
RDC147,p050_amb_c0,ce,-0.9730508513215624
RDC147,p050_amb_c0,bst,1.031271763530743
RDC152,p050_amb_c0,ce,0.571222328551247
RDC152,p050_amb_c0,bst,2.0904410230243395
RDC153,p050_amb_c0,ce,0.7246747745613245
RDC153,p050_amb_c0,bst,-0.3275039533250241
RDC154,p050_amb_c0,ce,-0.5033342773150662
RDC154,p050_amb_c0,bst,0.11615765727670428
RDC156,p050_amb_c0,ce,0.607226832729112
RDC156,p050_amb_c0,bst,-0.16879594604123702
RDC157,p050_amb_c0,ce,-1.1536736889237398
RDC157,p050_amb_c0,bst,-0.4060259583946663
RDC159,p050_amb_c0,ce,0.3887959006591353
RDC159,p050_amb_c0,bst,1.225310859702601
RDC161,p050_amb_c0,ce,-0.2809174632979943
RDC161,p050_amb_c0,bst,0.6414171934193957
RDC164,p050_amb_c0,ce,0.1934566500539826
RDC164,p050_amb_c0,bst,-1.1129783969396572
RDC165,p050_amb_c0,ce,-0.1515139134388595
RDC165,p050_amb_c0,bst,1.1655629061703427
RDC167,p050_amb_c0,ce,-0.44253284173616664
RDC167,p050_amb_c0,bst,0.3427574560395989
RDC171,p050_amb_c0,ce,-0.0883162278703388
RDC171,p050_amb_c0,bst,-0.3751086524651033
RDC172,p050_amb_c0,ce,-0.5488764449914832
RDC172,p050_amb_c0,bst,-0.6813110684760727
RDC174,p050_amb_c0,ce,0.03424914203789717
RDC174,p050_amb_c0,bst,-0.7581511096165118
RDC175,p050_amb_c0,ce,-0.4588217308151162
RDC175,p050_amb_c0,bst,2.26903049307125
RDC176,p050_amb_c0,ce,0.5419357080519319
RDC176,p050_amb_c0,bst,1.1922747118990944
RDC177,p050_amb_c0,ce,0.6534920870665164
RDC177,p050_amb_c0,bst,0.7300572179423837
RDC178,p050_amb_c0,ce,1.08150531570735
RDC178,p050_amb_c0,bst,1.133770488395201
RDC180,p050_amb_c0,ce,-0.10278200144962749
RDC180,p050_amb_c0,bst,-0.030776591061729475
RDC183,p050_amb_c0,ce,-0.07328354930618013
RDC183,p050_amb_c0,bst,1.1648073769239264
RDC184,p050_amb_c0,ce,-0.6309606426520021
RDC184,p050_amb_c0,bst,0.5428790324113081
RDC186,p050_amb_c0,ce,-1.3778213459002535
RDC186,p050_amb_c0,bst,-0.6080426126488917
RDC189,p050_amb_c0,ce,-0.5640336756282348
RDC189,p050_amb_c0,bst,-0.4311021093939084
RDC190,p050_amb_c0,ce,-0.4197024972759494
RDC190,p050_amb_c0,bst,-1.6838949141177217
RDC192,p050_amb_c0,ce,0.26701408246049135
RDC192,p050_amb_c0,bst,0.061443280382006284
RDC193,p050_amb_c0,ce,0.3772329034339196
RDC193,p050_amb_c0,bst,-0.4531691496956463
RDC195,p050_amb_c0,ce,1.3789073418637365
RDC195,p050_amb_c0,bst,0.7566859764623421
RDC196,p050_amb_c0,ce,-0.2970468355170168
RDC196,p050_amb_c0,bst,0.7400853709708369
RDC198,p050_amb_c0,ce,0.16156774969532026
RDC198,p050_amb_c0,bst,0.44643809408016816
RDC200,p050_amb_c0,ce,-0.4452613760348571
RDC200,p050_amb_c0,bst,0.7779313369201996
RDC202,p050_amb_c0,ce,0.8729306987002218
RDC202,p050_amb_c0,bst,0.5062012077812175
RDC203,p050_amb_c0,ce,0.3102943198949715
RDC203,p050_amb_c0,bst,0.8886276955678927
RDC204,p050_amb_c0,ce,0.24027044451022922
RDC204,p050_amb_c0,bst,-0.011946879958125342
RDC207,p050_amb_c0,ce,-0.05108809627355736
RDC207,p050_amb_c0,bst,0.5840930850084199
RDC208,p050_amb_c0,ce,-0.42669427563277174
RDC208,p050_amb_c0,bst,0.08857747916247154
RDC209,p050_amb_c0,ce,-0.7264422635066987
RDC209,p050_amb_c0,bst,0.08552273178029453
RDC210,p050_amb_c0,ce,-0.15645542171145693
RDC210,p050_amb_c0,bst,-0.5635958141365858
RDC211,p050_amb_c0,ce,0.21534658926963116
RDC211,p050_amb_c0,bst,0.5385311516110515
RDC212,p050_amb_c0,ce,0.10597090609223422
RDC212,p050_amb_c0,bst,0.5001109946796177
RDC213,p050_amb_c0,ce,-0.22386656294503868
RDC213,p050_amb_c0,bst,1.2622150423652092
RDC214,p050_amb_c0,ce,0.7778791735482204
RDC214,p050_amb_c0,bst,-0.7181532633133267
RDC216,p050_amb_c0,ce,-0.472275593192202
RDC216,p050_amb_c0,bst,0.9942936995849716
RDC217,p050_amb_c0,ce,-0.07953638736583149
RDC217,p050_amb_c0,bst,-0.27215429624368837
RDC220,p050_amb_c0,ce,0.4683067408661375
RDC220,p050_amb_c0,bst,1.2443592962080736
RDC221,p050_amb_c0,ce,-0.21786350459613582
RDC221,p050_amb_c0,bst,-0.19994480080842555
RDC222,p050_amb_c0,ce,-0.025614781610578823
RDC222,p050_amb_c0,bst,0.010388495981504967
RDC225,p050_amb_c0,ce,1.3833438333129326
RDC225,p050_amb_c0,bst,-0.8827655054574057
RDC226,p050_amb_c0,ce,-0.35172865610577625
RDC226,p050_amb_c0,bst,0.09773107974611388
RDC227,p050_amb_c0,ce,1.122459640163336
RDC227,p050_amb_c0,bst,0.5507282108785869
RDC228,p050_amb_c0,ce,-0.18457584142452607
RDC228,p050_amb_c0,bst,0.6233517644527423
RDC229,p050_amb_c0,ce,0.7795167882538732
RDC229,p050_amb_c0,bst,1.1144939576891613
RDC230,p050_amb_c0,ce,-0.07415855473389484
RDC230,p050_amb_c0,bst,-0.14109058647313408
RDC231,p050_amb_c0,ce,0.2005708098840652
RDC231,p050_amb_c0,bst,-0.9486056109866182
RDC232,p050_amb_c0,ce,-0.08922357632792179
RDC232,p050_amb_c0,bst,-0.522463386267744
RDC233,p050_amb_c0,ce,-0.22741831596494178
RDC233,p050_amb_c0,bst,-0.2346731273825531
RDC234,p050_amb_c0,ce,0.8348432508001224
RDC234,p050_amb_c0,bst,0.15016378831111007
RDC235,p050_amb_c0,ce,0.14230739486474833
RDC235,p050_amb_c0,bst,0.06518707710370912
RDC236,p050_amb_c0,ce,0.7770470352999757
RDC236,p050_amb_c0,bst,0.2844895300033286
RDC237,p050_amb_c0,ce,-0.5020160638407628
RDC237,p050_amb_c0,bst,-0.48814429585337243
RDC238,p050_amb_c0,ce,0.14875184918651466
RDC238,p050_amb_c0,bst,-1.0311543010820186
RDC243,p050_amb_c0,ce,-0.10799466153042925
RDC243,p050_amb_c0,bst,0.027928467092169302
RDC244,p050_amb_c0,ce,0.2237715459572945
RDC244,p050_amb_c0,bst,0.5753883586253661
RDC246,p050_amb_c0,ce,-0.1792962163560713
RDC246,p050_amb_c0,bst,-0.48767407475236313
RDC247,p050_amb_c0,ce,0.06428709852797798
RDC247,p050_amb_c0,bst,0.1502715077944541
RDC248,p050_amb_c0,ce,0.7756342068527884
RDC248,p050_amb_c0,bst,-0.0014434220925325276
RDC249,p050_amb_c0,ce,1.01023406985936
RDC249,p050_amb_c0,bst,-0.11452230731012199
RDC250,p050_amb_c0,ce,0.1930572379733617
RDC250,p050_amb_c0,bst,-0.02185894308609167
RDC259,p050_amb_c0,ce,-0.34665302324707276
RDC259,p050_amb_c0,bst,-0.2391142364609172
RDC261,p050_amb_c0,ce,0.9267992768356411
RDC261,p050_amb_c0,bst,0.2852009222013609
RDC263,p050_amb_c0,ce,-0.6211458362353711
RDC263,p050_amb_c0,bst,-0.050889112947177816
RDC102,p050_c0,ce,-1.0423576520673894
RDC102,p050_c0,bst,-0.6925429315542257
RDC104,p050_c0,ce,0.034084773818880344
RDC104,p050_c0,bst,0.2039076826952501
RDC105,p050_c0,ce,0.149815244778414
RDC105,p050_c0,bst,0.05829252073596922
RDC106,p050_c0,ce,0.15404895345277791
RDC106,p050_c0,bst,-0.6739963326585361
RDC107,p050_c0,ce,-1.2615104983159788
RDC107,p050_c0,bst,-0.7360551717091196
RDC109,p050_c0,ce,-0.5145374401511909
RDC109,p050_c0,bst,-0.5997523536682072
RDC110,p050_c0,ce,-0.3657330390569054
RDC110,p050_c0,bst,-0.841347979986633
RDC111,p050_c0,ce,-0.14786356258842023
RDC111,p050_c0,bst,0.27121179953066415
RDC113,p050_c0,ce,-1.0544839996132989
RDC113,p050_c0,bst,-0.0849646834728579
RDC116,p050_c0,ce,0.13146151235860706
RDC116,p050_c0,bst,0.18543548551527336
RDC117,p050_c0,ce,-0.7319747728848046
RDC117,p050_c0,bst,-0.5567018406528735
RDC120,p050_c0,ce,-0.3647700929046271
RDC120,p050_c0,bst,-0.5520925692296749
RDC125,p050_c0,ce,-0.1883180679933764
RDC125,p050_c0,bst,-0.8092144465588921
RDC126,p050_c0,ce,0.026423691499144242
RDC126,p050_c0,bst,-0.2998266011481235
RDC127,p050_c0,ce,0.2063895829227151
RDC127,p050_c0,bst,-0.05475573202292564
RDC128,p050_c0,ce,0.5517529346159721
RDC128,p050_c0,bst,-0.36030556678029185
RDC129,p050_c0,ce,0.04908821884659948
RDC129,p050_c0,bst,-0.07937003873872428
RDC130,p050_c0,ce,0.10730258599770215
RDC130,p050_c0,bst,0.14258673103706498
RDC131,p050_c0,ce,-0.5987088241079248
RDC131,p050_c0,bst,-0.3834968532185394
RDC132,p050_c0,ce,-0.18791030812364795
RDC132,p050_c0,bst,-0.00929778630541119
RDC133,p050_c0,ce,-0.42086646918175596
RDC133,p050_c0,bst,0.09309167349482582
RDC134,p050_c0,ce,0.2365561117548174
RDC134,p050_c0,bst,0.2730738085980468
RDC136,p050_c0,ce,-0.5118648513034374
RDC136,p050_c0,bst,-0.3173330917096206
RDC137,p050_c0,ce,0.08734467262327943
RDC137,p050_c0,bst,0.2367514755911342
RDC138,p050_c0,ce,0.6916923833233353
RDC138,p050_c0,bst,0.07259563314435868
RDC139,p050_c0,ce,0.41314550161029934
RDC139,p050_c0,bst,0.07022327923567824
RDC141,p050_c0,ce,-0.4520900562979766
RDC141,p050_c0,bst,-0.20175799024027205
RDC143,p050_c0,ce,0.2687484415205908
RDC143,p050_c0,bst,1.053536612484455
RDC144,p050_c0,ce,0.0276139237948026
RDC144,p050_c0,bst,0.3443923042055519
RDC145,p050_c0,ce,0.3895688372024914
RDC145,p050_c0,bst,0.38174705456324415
RDC146,p050_c0,ce,0.11781022690409429
RDC146,p050_c0,bst,0.12310553685621743
RDC147,p050_c0,ce,0.48467334016051195
RDC147,p050_c0,bst,0.12037385447625455
RDC152,p050_c0,ce,0.39431258532134256
RDC152,p050_c0,bst,0.1283348063071873
RDC153,p050_c0,ce,0.3599003432927944
RDC153,p050_c0,bst,0.32790856467021096
RDC154,p050_c0,ce,-0.3777298913497744
RDC154,p050_c0,bst,-0.2171724618182215
RDC156,p050_c0,ce,0.2737639845967677
RDC156,p050_c0,bst,0.2673665195712172
RDC157,p050_c0,ce,0.014108117136265419
RDC157,p050_c0,bst,0.14935822394249085
RDC159,p050_c0,ce,-0.3559817039772765
RDC159,p050_c0,bst,-0.03653814099242606
RDC161,p050_c0,ce,0.3526833280509555
RDC161,p050_c0,bst,-0.014795915421728109
RDC164,p050_c0,ce,0.024613790808673364
RDC164,p050_c0,bst,0.20069012615975165
RDC165,p050_c0,ce,0.25383728980985365
RDC165,p050_c0,bst,-0.4279061585363328
RDC167,p050_c0,ce,0.3499464102039764
RDC167,p050_c0,bst,0.5341643691708172
RDC171,p050_c0,ce,0.157194214526839
RDC171,p050_c0,bst,-0.5174062415441381
RDC172,p050_c0,ce,0.0381686246350925
RDC172,p050_c0,bst,-0.06237031643101707
RDC174,p050_c0,ce,-0.10381861756293156
RDC174,p050_c0,bst,0.03871525721603538
RDC175,p050_c0,ce,0.06308807962735391
RDC175,p050_c0,bst,0.5685699021868259
RDC176,p050_c0,ce,0.009689000258519632
RDC176,p050_c0,bst,-0.07239583879655453
RDC177,p050_c0,ce,0.37129376968958144
RDC177,p050_c0,bst,0.2697374671801101
RDC178,p050_c0,ce,0.3799743556532214
RDC178,p050_c0,bst,1.1259589662059197
RDC180,p050_c0,ce,0.5923888051948901
RDC180,p050_c0,bst,-0.1798754908162871
RDC183,p050_c0,ce,0.3433426827323534
RDC183,p050_c0,bst,0.3690271642613761
RDC184,p050_c0,ce,0.06493980529205641
RDC184,p050_c0,bst,0.5426364478336431
RDC186,p050_c0,ce,-0.026881464263020304
RDC186,p050_c0,bst,0.5568143901106578
RDC189,p050_c0,ce,-0.2401512064194779
RDC189,p050_c0,bst,0.642021648099655
RDC190,p050_c0,ce,0.5052746314554705
RDC190,p050_c0,bst,0.7008066529180336
RDC192,p050_c0,ce,0.1495029483896762
RDC192,p050_c0,bst,-0.3272361813940765
RDC193,p050_c0,ce,0.00776076910625157
RDC193,p050_c0,bst,0.7793712446335576
RDC195,p050_c0,ce,-0.6943919992519458
RDC195,p050_c0,bst,0.3323435138806687
RDC196,p050_c0,ce,-0.1324810681908048
RDC196,p050_c0,bst,-0.35117134320737636
RDC198,p050_c0,ce,0.5499493170657674
RDC198,p050_c0,bst,-0.08093333311210552
RDC200,p050_c0,ce,-0.21458515486761773
RDC200,p050_c0,bst,0.47080526022235514
RDC202,p050_c0,ce,-0.1511331049177717
RDC202,p050_c0,bst,0.46197703315795335
RDC203,p050_c0,ce,0.10593692017378269
RDC203,p050_c0,bst,0.05144075910965046
RDC204,p050_c0,ce,0.09008097507166524
RDC204,p050_c0,bst,0.40158679874574577
RDC207,p050_c0,ce,0.09857795638298611
RDC207,p050_c0,bst,-0.24347150541161047
RDC208,p050_c0,ce,-0.5369378315475788
RDC208,p050_c0,bst,0.49432589885356437
RDC209,p050_c0,ce,-0.08317110574365298
RDC209,p050_c0,bst,0.16032077969334016
RDC210,p050_c0,ce,-0.1485890485700695
RDC210,p050_c0,bst,-0.6356642223378958
RDC211,p050_c0,ce,-0.3656754747966145
RDC211,p050_c0,bst,-0.8614532358478076
RDC212,p050_c0,ce,0.3699479927869299
RDC212,p050_c0,bst,0.6665304321527161
RDC213,p050_c0,ce,0.2807049930154198
RDC213,p050_c0,bst,-0.22315238446539162
RDC214,p050_c0,ce,-0.20800043679991803
RDC214,p050_c0,bst,0.2398488398873896
RDC216,p050_c0,ce,-0.3822882750185346
RDC216,p050_c0,bst,0.10560826203409968
RDC217,p050_c0,ce,0.20537942742992712
RDC217,p050_c0,bst,0.32329012435873855
RDC220,p050_c0,ce,0.1284965698949444
RDC220,p050_c0,bst,0.07830101088769648
RDC221,p050_c0,ce,-0.07093974419940996
RDC221,p050_c0,bst,0.8093266130378546
RDC222,p050_c0,ce,-0.09330094802501869
RDC222,p050_c0,bst,0.14861908685773043
RDC225,p050_c0,ce,-0.26814042957376016
RDC225,p050_c0,bst,-1.0635372681398614
RDC226,p050_c0,ce,0.5472333436825716
RDC226,p050_c0,bst,1.6627103879036902
RDC227,p050_c0,ce,0.05189821011604794
RDC227,p050_c0,bst,0.36578347269354533
RDC228,p050_c0,ce,-0.5701243474547212
RDC228,p050_c0,bst,0.2995589918637988
RDC229,p050_c0,ce,0.32211140004602634
RDC229,p050_c0,bst,-0.8299395800415464
RDC230,p050_c0,ce,0.2987515400512214
RDC230,p050_c0,bst,-0.4419672459094814
RDC231,p050_c0,ce,-0.19183889900736328
RDC231,p050_c0,bst,0.37985817389570853
RDC232,p050_c0,ce,-0.23403254223999267
RDC232,p050_c0,bst,0.28369014557392175
RDC233,p050_c0,ce,0.2826783807443202
RDC233,p050_c0,bst,-0.4820559495659816
RDC234,p050_c0,ce,-0.14854701546540883
RDC234,p050_c0,bst,-0.11827625072708485
RDC235,p050_c0,ce,-0.5357615145616106
RDC235,p050_c0,bst,-0.2813213570821664
RDC236,p050_c0,ce,0.18727786765495627
RDC236,p050_c0,bst,-0.5769900786995709
RDC237,p050_c0,ce,-0.3921195549438676
RDC237,p050_c0,bst,0.1549110861665324
RDC238,p050_c0,ce,-0.1865697970098253
RDC238,p050_c0,bst,0.5183073600674278
RDC243,p050_c0,ce,0.06810558258524455
RDC243,p050_c0,bst,0.6198268038517504
RDC244,p050_c0,ce,-0.5498834566988828
RDC244,p050_c0,bst,0.0581516235178405
RDC246,p050_c0,ce,-0.01253137444300872
RDC246,p050_c0,bst,0.9694717830859915
RDC247,p050_c0,ce,0.3072354945449014
RDC247,p050_c0,bst,0.47571381844458155
RDC248,p050_c0,ce,0.24340344016368884
RDC248,p050_c0,bst,-0.34761875155577604
RDC249,p050_c0,ce,0.1864098263485835
RDC249,p050_c0,bst,0.06748852654376615
RDC250,p050_c0,ce,-0.44288422632502855
RDC250,p050_c0,bst,0.1543283864148124
RDC259,p050_c0,ce,-0.14760971498130868
RDC259,p050_c0,bst,0.11438838007654473
RDC261,p050_c0,ce,0.2564901838713058
RDC261,p050_c0,bst,-0.6916189540797286
RDC263,p050_c0,ce,0.09539680290166419
RDC263,p050_c0,bst,0.15221911521293405
RDC102,p055_amb_c0,ce,-0.5352718452927515
RDC102,p055_amb_c0,bst,-0.6132334999217798
RDC104,p055_amb_c0,ce,0.1337570132343713
RDC104,p055_amb_c0,bst,0.36311650640403664
RDC105,p055_amb_c0,ce,0.4220326772052903
RDC105,p055_amb_c0,bst,0.5452779589321628
RDC106,p055_amb_c0,ce,0.7902469686566644
RDC106,p055_amb_c0,bst,0.34396907433297913
RDC107,p055_amb_c0,ce,-1.5588181133689214
RDC107,p055_amb_c0,bst,-2.2805900926042546
RDC109,p055_amb_c0,ce,1.1661748059530652
RDC109,p055_amb_c0,bst,0.8401452809474642
RDC110,p055_amb_c0,ce,-1.1918998291827854
RDC110,p055_amb_c0,bst,0.3962607699049924
RDC111,p055_amb_c0,ce,-0.7936533458675662
RDC111,p055_amb_c0,bst,0.24129405799189965
RDC113,p055_amb_c0,ce,0.10313438387235135
RDC113,p055_amb_c0,bst,1.0292943840932123
RDC116,p055_amb_c0,ce,-0.6726682447062711
RDC116,p055_amb_c0,bst,0.6388081127230624
RDC117,p055_amb_c0,ce,-0.1531824984093482
RDC117,p055_amb_c0,bst,-0.18319729980203095
RDC120,p055_amb_c0,ce,-0.863289057200165
RDC120,p055_amb_c0,bst,0.7451600511273714
RDC125,p055_amb_c0,ce,0.3404388797838624
RDC125,p055_amb_c0,bst,1.8104793557352359
RDC126,p055_amb_c0,ce,-0.857731497543699
RDC126,p055_amb_c0,bst,-2.03553041994089
RDC127,p055_amb_c0,ce,-0.14454634889935422
RDC127,p055_amb_c0,bst,-0.16650786768544196
RDC128,p055_amb_c0,ce,0.002989895508485905
RDC128,p055_amb_c0,bst,-0.03778092000319013
RDC129,p055_amb_c0,ce,0.31804549722110176
RDC129,p055_amb_c0,bst,-0.7828379261934799
RDC130,p055_amb_c0,ce,0.32574777116920073
RDC130,p055_amb_c0,bst,0.18786346887053904
RDC131,p055_amb_c0,ce,-0.008148695298923907
RDC131,p055_amb_c0,bst,-0.6270675684887314
RDC132,p055_amb_c0,ce,0.3833312873142882
RDC132,p055_amb_c0,bst,-0.5910313097768963
RDC133,p055_amb_c0,ce,1.0533415463246973
RDC133,p055_amb_c0,bst,-0.4947864456530901
RDC134,p055_amb_c0,ce,0.14154317731989294
RDC134,p055_amb_c0,bst,0.5265188493576097
RDC136,p055_amb_c0,ce,0.6987323291475519
RDC136,p055_amb_c0,bst,-0.11128209799167406
RDC137,p055_amb_c0,ce,-0.09764321320360037
RDC137,p055_amb_c0,bst,-0.24502120441885358
RDC138,p055_amb_c0,ce,-0.6636382522558896
RDC138,p055_amb_c0,bst,0.05964063139945919
RDC139,p055_amb_c0,ce,0.26571659904884276
RDC139,p055_amb_c0,bst,0.6723857324941456
RDC141,p055_amb_c0,ce,0.3018596756244158
RDC141,p055_amb_c0,bst,-2.2652803236353227
RDC143,p055_amb_c0,ce,0.1449016666586262
RDC143,p055_amb_c0,bst,0.10913654781332127
RDC144,p055_amb_c0,ce,0.3075377964890099
RDC144,p055_amb_c0,bst,-0.24499672686560828
RDC145,p055_amb_c0,ce,0.11658569817392035
RDC145,p055_amb_c0,bst,-0.16724357151179173
RDC146,p055_amb_c0,ce,-0.7010588892677551
RDC146,p055_amb_c0,bst,-0.28010332752549894
RDC147,p055_amb_c0,ce,0.44315706592856435
RDC147,p055_amb_c0,bst,-0.2137255327663116
RDC152,p055_amb_c0,ce,-0.13811967652012977
RDC152,p055_amb_c0,bst,-1.3558915938563905
RDC153,p055_amb_c0,ce,-0.8274436330435166
RDC153,p055_amb_c0,bst,-1.1082832374229097
RDC154,p055_amb_c0,ce,-1.082434702993846
RDC154,p055_amb_c0,bst,0.8446833138203295
RDC156,p055_amb_c0,ce,-0.2230573317251011
RDC156,p055_amb_c0,bst,0.23269684125526865
RDC157,p055_amb_c0,ce,-0.4326541336317249
RDC157,p055_amb_c0,bst,0.2879002085614088
RDC159,p055_amb_c0,ce,-0.4410580153313632
RDC159,p055_amb_c0,bst,0.9704470912536408
RDC161,p055_amb_c0,ce,-0.5451684472318145
RDC161,p055_amb_c0,bst,-0.14515628346189527
RDC164,p055_amb_c0,ce,0.3313383020860107
RDC164,p055_amb_c0,bst,-0.3904619406490779
RDC165,p055_amb_c0,ce,0.25297195459821137
RDC165,p055_amb_c0,bst,-0.4005985486881152
RDC167,p055_amb_c0,ce,0.7441623511546657
RDC167,p055_amb_c0,bst,-0.40139999046999436
RDC171,p055_amb_c0,ce,0.2701749077187726
RDC171,p055_amb_c0,bst,0.6725666171336986
RDC172,p055_amb_c0,ce,-0.17618587856072687
RDC172,p055_amb_c0,bst,-1.0952927460133661
RDC174,p055_amb_c0,ce,-0.4725166680395256
RDC174,p055_amb_c0,bst,-0.6058580101366692
RDC175,p055_amb_c0,ce,1.9989727831584219
RDC175,p055_amb_c0,bst,1.2235954982569373
RDC176,p055_amb_c0,ce,-0.20687272190609055
RDC176,p055_amb_c0,bst,0.061868787991404876
RDC177,p055_amb_c0,ce,-0.09999631405249944
RDC177,p055_amb_c0,bst,0.2858902423281304
RDC178,p055_amb_c0,ce,0.2404955762187452
RDC178,p055_amb_c0,bst,-0.060609523812022226
RDC180,p055_amb_c0,ce,-0.2977115731335495
RDC180,p055_amb_c0,bst,-0.35894786481228597
RDC183,p055_amb_c0,ce,1.2236726216936773
RDC183,p055_amb_c0,bst,-0.13811492259120559
RDC184,p055_amb_c0,ce,-0.11897680101204995
RDC184,p055_amb_c0,bst,0.1762311369973861
RDC186,p055_amb_c0,ce,0.28222372028711884
RDC186,p055_amb_c0,bst,-0.42432678878513624
RDC189,p055_amb_c0,ce,0.12555434567590795
RDC189,p055_amb_c0,bst,0.44128159099343484
RDC190,p055_amb_c0,ce,-0.05958781426477085
RDC190,p055_amb_c0,bst,1.383183395208688
RDC192,p055_amb_c0,ce,0.4801027663749562
RDC192,p055_amb_c0,bst,0.1000145121412095
RDC193,p055_amb_c0,ce,0.1538913008083702
RDC193,p055_amb_c0,bst,-0.4124318135772418
RDC195,p055_amb_c0,ce,-0.6440354320650631
RDC195,p055_amb_c0,bst,-0.4867741045981093
RDC196,p055_amb_c0,ce,0.21625372980136398
RDC196,p055_amb_c0,bst,-2.0793318073694196
RDC198,p055_amb_c0,ce,0.42281978987741087
RDC198,p055_amb_c0,bst,-0.010259930664612171
RDC200,p055_amb_c0,ce,0.23192845734457887
RDC200,p055_amb_c0,bst,0.0482991661389112
RDC202,p055_amb_c0,ce,-0.374465692430166
RDC202,p055_amb_c0,bst,0.6654405272546615
RDC203,p055_amb_c0,ce,0.07250991263122292
RDC203,p055_amb_c0,bst,0.10775090900542783
RDC204,p055_amb_c0,ce,-0.0852637932832509
RDC204,p055_amb_c0,bst,-0.390522865738594
RDC207,p055_amb_c0,ce,0.1756378048420556
RDC207,p055_amb_c0,bst,1.3989989019098896
RDC208,p055_amb_c0,ce,-0.07561512368862432
RDC208,p055_amb_c0,bst,-0.05336964011096185
RDC209,p055_amb_c0,ce,-0.7740938053566924
RDC209,p055_amb_c0,bst,-0.028675888540295874
RDC210,p055_amb_c0,ce,0.35706161503145123
RDC210,p055_amb_c0,bst,-0.19629603948938
RDC211,p055_amb_c0,ce,-0.1489648161268085
RDC211,p055_amb_c0,bst,0.2759286879073617
RDC212,p055_amb_c0,ce,-0.9528260334262552
RDC212,p055_amb_c0,bst,0.5336629940185199
RDC213,p055_amb_c0,ce,0.44263636714113125
RDC213,p055_amb_c0,bst,-0.4149964960572821
RDC214,p055_amb_c0,ce,-0.09484459892303213
RDC214,p055_amb_c0,bst,-0.5385263146674982
RDC216,p055_amb_c0,ce,-0.46780066216428307
RDC216,p055_amb_c0,bst,-0.9254485613988058
RDC217,p055_amb_c0,ce,-0.617291761241669
RDC217,p055_amb_c0,bst,-0.3152325644568468
RDC220,p055_amb_c0,ce,-0.16407418980328517
RDC220,p055_amb_c0,bst,-0.8171519544970768
RDC221,p055_amb_c0,ce,0.0199403529445109
RDC221,p055_amb_c0,bst,-0.964219822196247
RDC222,p055_amb_c0,ce,0.18271787098292452
RDC222,p055_amb_c0,bst,0.13243811993940083
RDC225,p055_amb_c0,ce,-1.186199275849594
RDC225,p055_amb_c0,bst,-0.6454041513629867
RDC226,p055_amb_c0,ce,-0.20681861422791484
RDC226,p055_amb_c0,bst,0.9455636307376537
RDC227,p055_amb_c0,ce,0.35686991452644373
RDC227,p055_amb_c0,bst,-0.3101471256047095
RDC228,p055_amb_c0,ce,0.2427479015216043
RDC228,p055_amb_c0,bst,-0.036930600314528474
RDC229,p055_amb_c0,ce,0.35718675573198644
RDC229,p055_amb_c0,bst,-2.2106603395308144
RDC230,p055_amb_c0,ce,0.2529896370079186
RDC230,p055_amb_c0,bst,-0.7366814250069691
RDC231,p055_amb_c0,ce,0.5734180647012143
RDC231,p055_amb_c0,bst,0.09798445300691798
RDC232,p055_amb_c0,ce,-0.3540709719307587
RDC232,p055_amb_c0,bst,-0.21830294988773757
RDC233,p055_amb_c0,ce,-0.6349683203826296
RDC233,p055_amb_c0,bst,-0.16676190017158402
RDC234,p055_amb_c0,ce,0.7827531269304521
RDC234,p055_amb_c0,bst,-0.1307032382682778
RDC235,p055_amb_c0,ce,-0.28428516271273413
RDC235,p055_amb_c0,bst,0.06810340396790056
RDC236,p055_amb_c0,ce,-0.058361363054623736
RDC236,p055_amb_c0,bst,-1.1897715697763722
RDC237,p055_amb_c0,ce,0.3451637658428827
RDC237,p055_amb_c0,bst,-1.128185160477327
RDC238,p055_amb_c0,ce,-0.1555226104645284
RDC238,p055_amb_c0,bst,-0.2713712446714977
RDC243,p055_amb_c0,ce,0.4457173772084798
RDC243,p055_amb_c0,bst,1.1967237847664978
RDC244,p055_amb_c0,ce,-0.7986300201393949
RDC244,p055_amb_c0,bst,-0.18300180624109472
RDC246,p055_amb_c0,ce,-0.17290297483899994
RDC246,p055_amb_c0,bst,-0.6546330856700918
RDC247,p055_amb_c0,ce,0.025165645288179474
RDC247,p055_amb_c0,bst,-0.3734557451948998
RDC248,p055_amb_c0,ce,0.015464163425641176
RDC248,p055_amb_c0,bst,1.4499962766435688
RDC249,p055_amb_c0,ce,-0.3831841877525377
RDC249,p055_amb_c0,bst,0.22714977691313987
RDC250,p055_amb_c0,ce,-0.07196432882985351
RDC250,p055_amb_c0,bst,0.26990798073509314
RDC259,p055_amb_c0,ce,0.048502143554032984
RDC259,p055_amb_c0,bst,0.7218216920684188
RDC261,p055_amb_c0,ce,-0.6140044911349465
RDC261,p055_amb_c0,bst,-0.003733561543004823
RDC263,p055_amb_c0,ce,0.1462253176685595
RDC263,p055_amb_c0,bst,0.04491743859138079
RDC102,p060_amb_c0,ce,0.6287314786089876
RDC102,p060_amb_c0,bst,-0.2334658174548483
RDC104,p060_amb_c0,ce,-0.016137240418859625
RDC104,p060_amb_c0,bst,1.0278585564044815
RDC105,p060_amb_c0,ce,-0.8037860518432048
RDC105,p060_amb_c0,bst,0.6145085406578745
RDC106,p060_amb_c0,ce,0.003275713566536203
RDC106,p060_amb_c0,bst,-0.5922173788517874
RDC107,p060_amb_c0,ce,-0.013005736556747492
RDC107,p060_amb_c0,bst,-0.04085490957292085
RDC109,p060_amb_c0,ce,1.4134929482075145
RDC109,p060_amb_c0,bst,0.8383895247601506
RDC110,p060_amb_c0,ce,0.6755936705851231
RDC110,p060_amb_c0,bst,0.1372788018986426
RDC111,p060_amb_c0,ce,0.34684234534548974
RDC111,p060_amb_c0,bst,-0.17630837582763878
RDC113,p060_amb_c0,ce,-0.26099150774464913
RDC113,p060_amb_c0,bst,-0.14575449200523105
RDC116,p060_amb_c0,ce,0.07994937228176353
RDC116,p060_amb_c0,bst,0.3927639876094012
RDC117,p060_amb_c0,ce,0.1565313266697222
RDC117,p060_amb_c0,bst,0.8451731438245925
RDC120,p060_amb_c0,ce,0.12246753532662964
RDC120,p060_amb_c0,bst,0.9317654730808832
RDC125,p060_amb_c0,ce,1.4601950738425846
RDC125,p060_amb_c0,bst,0.47781646322215193
RDC126,p060_amb_c0,ce,0.9628016252229263
RDC126,p060_amb_c0,bst,-0.2106190408382027
RDC127,p060_amb_c0,ce,0.34372844130508584
RDC127,p060_amb_c0,bst,-0.09210708779484456
RDC128,p060_amb_c0,ce,-0.3563981969994208
RDC128,p060_amb_c0,bst,1.151656730362218
RDC129,p060_amb_c0,ce,-0.7909781551378502
RDC129,p060_amb_c0,bst,-0.20751348307067205
RDC130,p060_amb_c0,ce,-0.18088542040219932
RDC130,p060_amb_c0,bst,0.9717253173664165
RDC131,p060_amb_c0,ce,0.8023201499942268
RDC131,p060_amb_c0,bst,0.35331112568123135
RDC132,p060_amb_c0,ce,-0.08256271524289907
RDC132,p060_amb_c0,bst,-0.04827450978819431
RDC133,p060_amb_c0,ce,0.26528065875286333
RDC133,p060_amb_c0,bst,-1.260459423713898
RDC134,p060_amb_c0,ce,0.1549721509756293
RDC134,p060_amb_c0,bst,0.30662054530049876
RDC136,p060_amb_c0,ce,0.1425277157067181
RDC136,p060_amb_c0,bst,0.2930592186281249
RDC137,p060_amb_c0,ce,-0.5273693256346106
RDC137,p060_amb_c0,bst,-0.49066461820395313
RDC138,p060_amb_c0,ce,-0.6413906009146659
RDC138,p060_amb_c0,bst,-0.8357651736460939
RDC139,p060_amb_c0,ce,-0.048092700220693334
RDC139,p060_amb_c0,bst,-0.3529154136368531
RDC141,p060_amb_c0,ce,-0.8153924031307281
RDC141,p060_amb_c0,bst,0.02420436808317611
RDC143,p060_amb_c0,ce,-0.7358742145987852
RDC143,p060_amb_c0,bst,0.5854253043811773
RDC144,p060_amb_c0,ce,0.3631213900751429
RDC144,p060_amb_c0,bst,-0.28112148749138416
RDC145,p060_amb_c0,ce,0.3604173132937491
RDC145,p060_amb_c0,bst,-0.6871113047826073
RDC146,p060_amb_c0,ce,0.44144032286671364
RDC146,p060_amb_c0,bst,0.3896837887272153
RDC147,p060_amb_c0,ce,0.6122025669600856
RDC147,p060_amb_c0,bst,0.237704485114002
RDC152,p060_amb_c0,ce,0.545499760671238
RDC152,p060_amb_c0,bst,3.141631212835199
RDC153,p060_amb_c0,ce,-0.3724533002029162
RDC153,p060_amb_c0,bst,0.25252760416104914
RDC154,p060_amb_c0,ce,-0.6993883242454639
RDC154,p060_amb_c0,bst,-0.895498838161389
RDC156,p060_amb_c0,ce,0.23448749542200625
RDC156,p060_amb_c0,bst,-0.6069437989994575
RDC157,p060_amb_c0,ce,0.06650999531936709
RDC157,p060_amb_c0,bst,-0.019518507830608305
RDC159,p060_amb_c0,ce,0.615154459971116
RDC159,p060_amb_c0,bst,0.8859601401698693
RDC161,p060_amb_c0,ce,0.446411216601553
RDC161,p060_amb_c0,bst,0.33774671994740046
RDC164,p060_amb_c0,ce,0.5304142315191926
RDC164,p060_amb_c0,bst,-0.3745846576537841
RDC165,p060_amb_c0,ce,0.10952473872387218
RDC165,p060_amb_c0,bst,-0.6343569429380089
RDC167,p060_amb_c0,ce,0.039468356108126636
RDC167,p060_amb_c0,bst,-0.21836493863059356
RDC171,p060_amb_c0,ce,-0.1777603368893605
RDC171,p060_amb_c0,bst,-0.8162738070168626
RDC172,p060_amb_c0,ce,0.4583255868662992
RDC172,p060_amb_c0,bst,-0.8101126681094092
RDC174,p060_amb_c0,ce,-0.6587414768328896
RDC174,p060_amb_c0,bst,-0.777930955242792
RDC175,p060_amb_c0,ce,-0.9551719163398278
RDC175,p060_amb_c0,bst,-0.18777062113816975
RDC176,p060_amb_c0,ce,0.5443977218796135
RDC176,p060_amb_c0,bst,1.0124297618647649
RDC177,p060_amb_c0,ce,0.645452559496295
RDC177,p060_amb_c0,bst,0.5343885575933829
RDC178,p060_amb_c0,ce,0.24768004204968336
RDC178,p060_amb_c0,bst,0.784719686173943
RDC180,p060_amb_c0,ce,0.07819922459950789
RDC180,p060_amb_c0,bst,-0.24701172002162952
RDC183,p060_amb_c0,ce,-0.475140915029211
RDC183,p060_amb_c0,bst,-1.0249721970673982
RDC184,p060_amb_c0,ce,-0.27930674645775777
RDC184,p060_amb_c0,bst,0.14543578609129118
RDC186,p060_amb_c0,ce,-0.05555445474428735
RDC186,p060_amb_c0,bst,0.33257356305433733
RDC189,p060_amb_c0,ce,-0.653458222224617
RDC189,p060_amb_c0,bst,-0.41523129685337695
RDC190,p060_amb_c0,ce,-0.7702390874186237
RDC190,p060_amb_c0,bst,-1.6511928030856697
RDC192,p060_amb_c0,ce,-0.7122975796588903
RDC192,p060_amb_c0,bst,-0.09629707397558374
RDC193,p060_amb_c0,ce,0.5359863394297238
RDC193,p060_amb_c0,bst,-0.12257757124317009
RDC195,p060_amb_c0,ce,0.4034720893553178
RDC195,p060_amb_c0,bst,0.7828328385033224
RDC196,p060_amb_c0,ce,-0.48941652163421895
RDC196,p060_amb_c0,bst,0.374355911580517
RDC198,p060_amb_c0,ce,0.08503258436324193
RDC198,p060_amb_c0,bst,0.7555997403029546
RDC200,p060_amb_c0,ce,-0.3009655583293917
RDC200,p060_amb_c0,bst,0.8571951352249981
RDC202,p060_amb_c0,ce,0.27887010354288727
RDC202,p060_amb_c0,bst,0.4595956906472501
RDC203,p060_amb_c0,ce,0.4748693243270359
RDC203,p060_amb_c0,bst,0.6283808723911379
RDC204,p060_amb_c0,ce,0.3582743912348059
RDC204,p060_amb_c0,bst,-0.2553576911013123
RDC207,p060_amb_c0,ce,-0.014597507671918608
RDC207,p060_amb_c0,bst,0.6283603138959478
RDC208,p060_amb_c0,ce,-0.34352038890241987
RDC208,p060_amb_c0,bst,-0.19682607918630443
RDC209,p060_amb_c0,ce,0.4775033897851791
RDC209,p060_amb_c0,bst,-0.09293235698945623
RDC210,p060_amb_c0,ce,0.5093594568960252
RDC210,p060_amb_c0,bst,0.766337481480846
RDC211,p060_amb_c0,ce,-0.3239859260356348
RDC211,p060_amb_c0,bst,0.3635357490774614
RDC212,p060_amb_c0,ce,0.5663483952183656
RDC212,p060_amb_c0,bst,-0.04353512681575752
RDC213,p060_amb_c0,ce,-0.408288889628748
RDC213,p060_amb_c0,bst,0.5744575518622638
RDC214,p060_amb_c0,ce,0.48077676708908995
RDC214,p060_amb_c0,bst,-0.0007361541138327654
RDC216,p060_amb_c0,ce,0.22513089460233757
RDC216,p060_amb_c0,bst,0.45575833940306903
RDC217,p060_amb_c0,ce,0.42830923354567096
RDC217,p060_amb_c0,bst,0.28651385372238325
RDC220,p060_amb_c0,ce,-0.05337544226845686
RDC220,p060_amb_c0,bst,0.11496576051175579
RDC221,p060_amb_c0,ce,0.18638855796095102
RDC221,p060_amb_c0,bst,-0.9709117151427215
RDC222,p060_amb_c0,ce,0.6872965944585399
RDC222,p060_amb_c0,bst,-0.19794508708698824
RDC225,p060_amb_c0,ce,0.8995647999463658
RDC225,p060_amb_c0,bst,-0.5858041278251427
RDC226,p060_amb_c0,ce,-0.7321609923634828
RDC226,p060_amb_c0,bst,-0.23395096871299517
RDC227,p060_amb_c0,ce,0.13722838510175897
RDC227,p060_amb_c0,bst,0.5583540225590136
RDC228,p060_amb_c0,ce,-0.5200954554542235
RDC228,p060_amb_c0,bst,0.6854871867096799
RDC229,p060_amb_c0,ce,0.31467934556501165
RDC229,p060_amb_c0,bst,0.013310273847674433
RDC230,p060_amb_c0,ce,-0.049714885302278994
RDC230,p060_amb_c0,bst,0.8659660404704997
RDC231,p060_amb_c0,ce,-0.16687481157603667
RDC231,p060_amb_c0,bst,0.021775887424202
RDC232,p060_amb_c0,ce,0.1934297776725019
RDC232,p060_amb_c0,bst,-0.0028553423575838712
RDC233,p060_amb_c0,ce,-0.36495255130683973
RDC233,p060_amb_c0,bst,-0.4021553900042892
RDC234,p060_amb_c0,ce,0.0021016469914965203
RDC234,p060_amb_c0,bst,-1.3467314636877539
RDC235,p060_amb_c0,ce,-0.6820047087936573
RDC235,p060_amb_c0,bst,-0.05649905595149585
RDC236,p060_amb_c0,ce,0.18161411202584943
RDC236,p060_amb_c0,bst,-0.14889042182475962
RDC237,p060_amb_c0,ce,-0.33645952962247794
RDC237,p060_amb_c0,bst,-1.1078729783219798
RDC238,p060_amb_c0,ce,0.048487015312746344
RDC238,p060_amb_c0,bst,0.2000538946914575
RDC243,p060_amb_c0,ce,-0.3367199897009195
RDC243,p060_amb_c0,bst,0.7734632479030886
RDC244,p060_amb_c0,ce,-0.09577482300482941
RDC244,p060_amb_c0,bst,-0.10861660180509973
RDC246,p060_amb_c0,ce,0.6657223946812642
RDC246,p060_amb_c0,bst,0.0800477853514886
RDC247,p060_amb_c0,ce,0.46057974443725225
RDC247,p060_amb_c0,bst,-0.348475461371952
RDC248,p060_amb_c0,ce,0.07232958518827812
RDC248,p060_amb_c0,bst,-0.22606573002937422
RDC249,p060_amb_c0,ce,0.6844737325532153
RDC249,p060_amb_c0,bst,0.5162694537442216
RDC250,p060_amb_c0,ce,0.5223277985066712
RDC250,p060_amb_c0,bst,0.9977632272231493
RDC259,p060_amb_c0,ce,0.5264862483033963
RDC259,p060_amb_c0,bst,-0.44360121111950307
RDC261,p060_amb_c0,ce,0.7503496705500992
RDC261,p060_amb_c0,bst,-0.5945406254522607
RDC263,p060_amb_c0,ce,-0.7617256063579807
RDC263,p060_amb_c0,bst,-0.10060660040646784
RDC102,p060_c0,ce,-0.7209579879922323
RDC102,p060_c0,bst,-0.09769653226417441
RDC104,p060_c0,ce,0.1849363138354571
RDC104,p060_c0,bst,0.8566515086927754
RDC105,p060_c0,ce,-0.3132056425406815
RDC105,p060_c0,bst,-0.0022915164497857763
RDC106,p060_c0,ce,-0.5169284249398778
RDC106,p060_c0,bst,-1.028331457040751
RDC107,p060_c0,ce,0.23808696509976493
RDC107,p060_c0,bst,0.6412169471676022
RDC109,p060_c0,ce,0.6541611800939053
RDC109,p060_c0,bst,1.2112299689443464
RDC110,p060_c0,ce,-0.2436081197301636
RDC110,p060_c0,bst,-0.1748958162568716
RDC111,p060_c0,ce,0.7530698468319301
RDC111,p060_c0,bst,-0.31889165490470606
RDC113,p060_c0,ce,-1.166018248359092
RDC113,p060_c0,bst,-1.1282420802679867
RDC116,p060_c0,ce,-0.8364616299549872
RDC116,p060_c0,bst,0.03723621100935252
RDC117,p060_c0,ce,0.18864743855957258
RDC117,p060_c0,bst,0.315924331701894
RDC120,p060_c0,ce,0.23249884463243645
RDC120,p060_c0,bst,0.20164449226041758
RDC125,p060_c0,ce,-0.053902380675068605
RDC125,p060_c0,bst,0.7612960229789903
RDC126,p060_c0,ce,-0.003426606393360834
RDC126,p060_c0,bst,0.569037212923634
RDC127,p060_c0,ce,0.9214770924895074
RDC127,p060_c0,bst,0.24289923234736235
RDC128,p060_c0,ce,-0.2235364561437412
RDC128,p060_c0,bst,0.7613085131478138
RDC129,p060_c0,ce,-0.2610985230157271
RDC129,p060_c0,bst,0.46362057404426404
RDC130,p060_c0,ce,0.21305214398541872
RDC130,p060_c0,bst,0.013556313218134367
RDC131,p060_c0,ce,-0.004396953574583981
RDC131,p060_c0,bst,0.2731128724158907
RDC132,p060_c0,ce,0.0801456219414061
RDC132,p060_c0,bst,0.3486841569463992
RDC133,p060_c0,ce,-0.33763574290157555
RDC133,p060_c0,bst,0.1557558545933623
RDC134,p060_c0,ce,-0.4694548320055787
RDC134,p060_c0,bst,0.1972781118839507
RDC136,p060_c0,ce,0.3270648612518771
RDC136,p060_c0,bst,0.11526069652527494
RDC137,p060_c0,ce,-0.7239695922624579
RDC137,p060_c0,bst,0.07858193424356046
RDC138,p060_c0,ce,-0.10012885814364444
RDC138,p060_c0,bst,0.7990425470190705
RDC139,p060_c0,ce,-0.161607685299863
RDC139,p060_c0,bst,0.10712827018266341
RDC141,p060_c0,ce,-0.6106217859850824
RDC141,p060_c0,bst,-0.7649297088701443
RDC143,p060_c0,ce,-0.03366383939433522
RDC143,p060_c0,bst,-0.6572739260929761
RDC144,p060_c0,ce,0.384693637498627
RDC144,p060_c0,bst,0.15772110273317358
RDC145,p060_c0,ce,-0.12930212471220143
RDC145,p060_c0,bst,-0.4886149215988442
RDC146,p060_c0,ce,0.08696976688145357
RDC146,p060_c0,bst,-0.5938208803643047
RDC147,p060_c0,ce,0.037693584976901395
RDC147,p060_c0,bst,0.16867467301268688
RDC152,p060_c0,ce,0.4016789199605953
RDC152,p060_c0,bst,-0.32523924423415956
RDC153,p060_c0,ce,-0.2331169619249305
RDC153,p060_c0,bst,0.31692481026721214
RDC154,p060_c0,ce,0.39206379133566643
RDC154,p060_c0,bst,-0.3216999406947508
RDC156,p060_c0,ce,-0.2721518728056234
RDC156,p060_c0,bst,-0.03863710923534016
RDC157,p060_c0,ce,-0.19156679589494308
RDC157,p060_c0,bst,-0.7215090759113231
RDC159,p060_c0,ce,-0.3054050905548724
RDC159,p060_c0,bst,-0.9556193431033599
RDC161,p060_c0,ce,0.15316153094059926
RDC161,p060_c0,bst,1.2533778220501246
RDC164,p060_c0,ce,-0.08191957759348086
RDC164,p060_c0,bst,0.23873476008812666
RDC165,p060_c0,ce,0.17967980521326576
RDC165,p060_c0,bst,-0.7424966937456965
RDC167,p060_c0,ce,-0.718216687318912
RDC167,p060_c0,bst,-0.32735730195607554
RDC171,p060_c0,ce,-0.1832041489323879
RDC171,p060_c0,bst,-0.16916237808998433
RDC172,p060_c0,ce,-0.008840076830689218
RDC172,p060_c0,bst,0.4181455637993083
RDC174,p060_c0,ce,0.3606636292627235
RDC174,p060_c0,bst,0.07972015341678912
RDC175,p060_c0,ce,-0.4661375347681817
RDC175,p060_c0,bst,0.042382970694350486
RDC176,p060_c0,ce,0.7305182795828378
RDC176,p060_c0,bst,0.19137450862490182
RDC177,p060_c0,ce,-0.17638998309135395
RDC177,p060_c0,bst,-0.2866244243852996
RDC178,p060_c0,ce,-0.5432989078893231
RDC178,p060_c0,bst,0.3270572747943014
RDC180,p060_c0,ce,-0.8681593239967595
RDC180,p060_c0,bst,-0.5533293308374996
RDC183,p060_c0,ce,-0.21079625690608067
RDC183,p060_c0,bst,0.31142796943778256
RDC184,p060_c0,ce,-0.15530919205566487
RDC184,p060_c0,bst,-0.042294189640256406
RDC186,p060_c0,ce,0.1614975448443379
RDC186,p060_c0,bst,-0.20630899180506498
RDC189,p060_c0,ce,0.1299086006710024
RDC189,p060_c0,bst,0.18903237957180283
RDC190,p060_c0,ce,0.15192799589408143
RDC190,p060_c0,bst,-0.5636861241219145
RDC192,p060_c0,ce,-0.22290581197160617
RDC192,p060_c0,bst,-0.24780196042357336
RDC193,p060_c0,ce,0.006317820708642658
RDC193,p060_c0,bst,-0.12959805620308157
RDC195,p060_c0,ce,0.5495179942334447
RDC195,p060_c0,bst,0.9428222681019447
RDC196,p060_c0,ce,0.05631714978315113
RDC196,p060_c0,bst,-1.1075743125516473
RDC198,p060_c0,ce,-0.26006967912970697
RDC198,p060_c0,bst,0.4620809464319122
RDC200,p060_c0,ce,-0.07004724596547629
RDC200,p060_c0,bst,0.4251865965926836
RDC202,p060_c0,ce,0.33183541272406797
RDC202,p060_c0,bst,0.2439699290102145
RDC203,p060_c0,ce,-0.6236420664804175
RDC203,p060_c0,bst,-0.04989260319259847
RDC204,p060_c0,ce,0.46785024476512255
RDC204,p060_c0,bst,0.23544261963691807
RDC207,p060_c0,ce,-0.1730376624544158
RDC207,p060_c0,bst,-0.3614021096881022
RDC208,p060_c0,ce,-0.0450208238831374
RDC208,p060_c0,bst,-0.44294635810118277
RDC209,p060_c0,ce,0.6972204854737263
RDC209,p060_c0,bst,-0.6669835790127054
RDC210,p060_c0,ce,0.3950529271846846
RDC210,p060_c0,bst,0.5742193118473397
RDC211,p060_c0,ce,0.3937154207837146
RDC211,p060_c0,bst,-0.4626095193124768
RDC212,p060_c0,ce,0.48308457015101847
RDC212,p060_c0,bst,-0.042183563587412785
RDC213,p060_c0,ce,0.22254554392669804
RDC213,p060_c0,bst,0.014362297607370364
RDC214,p060_c0,ce,0.6571774555928762
RDC214,p060_c0,bst,-0.09442284059429511
RDC216,p060_c0,ce,0.176875149112155
RDC216,p060_c0,bst,-1.480290300085868
RDC217,p060_c0,ce,0.007541088547439167
RDC217,p060_c0,bst,0.2186383350638168
RDC220,p060_c0,ce,-0.13265554651532246
RDC220,p060_c0,bst,-0.19329482085477467
RDC221,p060_c0,ce,-0.6618840537730994
RDC221,p060_c0,bst,0.43419454971870897
RDC222,p060_c0,ce,0.27298347927006117
RDC222,p060_c0,bst,0.6093007959990343
RDC225,p060_c0,ce,-0.1569687282308804
RDC225,p060_c0,bst,0.11297065565456421
RDC226,p060_c0,ce,0.33117707576607325
RDC226,p060_c0,bst,-0.24433583652980592
RDC227,p060_c0,ce,-0.04758217071794603
RDC227,p060_c0,bst,-0.6188215798138265
RDC228,p060_c0,ce,0.15171787108288853
RDC228,p060_c0,bst,-0.4825700495700456
RDC229,p060_c0,ce,-0.6566136439130217
RDC229,p060_c0,bst,0.6410591189354259
RDC230,p060_c0,ce,0.41119705609488294
RDC230,p060_c0,bst,-0.04820967057624768
RDC231,p060_c0,ce,-0.0293796783743396
RDC231,p060_c0,bst,-0.35727110099639847
RDC232,p060_c0,ce,1.1001135197868364
RDC232,p060_c0,bst,-0.04660724908800847
RDC233,p060_c0,ce,-0.28494699869072565
RDC233,p060_c0,bst,-0.2812204225949379
RDC234,p060_c0,ce,0.9713497080715993
RDC234,p060_c0,bst,0.6533801150948703
RDC235,p060_c0,ce,1.195547722889571
RDC235,p060_c0,bst,-0.265571821818858
RDC236,p060_c0,ce,0.5057044186379528
RDC236,p060_c0,bst,0.22067563284988564
RDC237,p060_c0,ce,0.15540436061485383
RDC237,p060_c0,bst,0.28455597095677804
RDC238,p060_c0,ce,0.11105192757876532
RDC238,p060_c0,bst,-0.09200317422327257
RDC243,p060_c0,ce,0.015203390566951466
RDC243,p060_c0,bst,0.575850245337845
RDC244,p060_c0,ce,0.678039853865442
RDC244,p060_c0,bst,0.7028836351102946
RDC246,p060_c0,ce,0.4170314645523201
RDC246,p060_c0,bst,-0.44963225548673763
RDC247,p060_c0,ce,-0.14493800419882039
RDC247,p060_c0,bst,-0.30055293621616924
RDC248,p060_c0,ce,-0.005023612115174641
RDC248,p060_c0,bst,-0.3436883280349518
RDC249,p060_c0,ce,0.23082312786479378
RDC249,p060_c0,bst,0.12029473708537182
RDC250,p060_c0,ce,0.14390593928196269
RDC250,p060_c0,bst,0.24970535311863604
RDC259,p060_c0,ce,-0.037839684671495406
RDC259,p060_c0,bst,-0.11436884542922993
RDC261,p060_c0,ce,0.42209001169010374
RDC261,p060_c0,bst,0.20452568933743132
RDC263,p060_c0,ce,0.02836703203513771
RDC263,p060_c0,bst,-0.23411079882124675
RDC102,p065_amb_c0,ce,-0.5401890675376937
RDC102,p065_amb_c0,bst,0.5256162329638708
RDC104,p065_amb_c0,ce,0.06309389269752075
RDC104,p065_amb_c0,bst,-1.0687744756476865
RDC105,p065_amb_c0,ce,-0.4114285166815805
RDC105,p065_amb_c0,bst,2.1018737192124926
RDC106,p065_amb_c0,ce,0.0038398167315978103
RDC106,p065_amb_c0,bst,0.02209069309979056
RDC107,p065_amb_c0,ce,0.3787159029203731
RDC107,p065_amb_c0,bst,0.9223635881343032
RDC109,p065_amb_c0,ce,-0.41294969283166233
RDC109,p065_amb_c0,bst,-0.42510086708236466
RDC110,p065_amb_c0,ce,-0.7097246928578497
RDC110,p065_amb_c0,bst,0.39417178094347133
RDC111,p065_amb_c0,ce,-0.23265110906012
RDC111,p065_amb_c0,bst,-0.06968511438732206
RDC113,p065_amb_c0,ce,1.2309317963094906
RDC113,p065_amb_c0,bst,0.9120299478357522
RDC116,p065_amb_c0,ce,0.5103089484097062
RDC116,p065_amb_c0,bst,-0.27590059667731875
RDC117,p065_amb_c0,ce,-0.2905596146245317
RDC117,p065_amb_c0,bst,0.14181013951668095
RDC120,p065_amb_c0,ce,0.7756805575321064
RDC120,p065_amb_c0,bst,1.7131917437685047
RDC125,p065_amb_c0,ce,0.43527836639459777
RDC125,p065_amb_c0,bst,0.7322452205287209
RDC126,p065_amb_c0,ce,-0.03974475070458712
RDC126,p065_amb_c0,bst,0.12323474856192312
RDC127,p065_amb_c0,ce,-0.10271180581888538
RDC127,p065_amb_c0,bst,0.810125180777382
RDC128,p065_amb_c0,ce,-0.5128478572778714
RDC128,p065_amb_c0,bst,-0.0026504215126148347
RDC129,p065_amb_c0,ce,-0.1182070357961287
RDC129,p065_amb_c0,bst,-0.38903701919360767
RDC130,p065_amb_c0,ce,0.8570808220410675
RDC130,p065_amb_c0,bst,-0.5864237636156705
RDC131,p065_amb_c0,ce,-0.008350748346080272
RDC131,p065_amb_c0,bst,-0.41568699542107695
RDC132,p065_amb_c0,ce,-0.3364174426217163
RDC132,p065_amb_c0,bst,0.15798800444537558
RDC133,p065_amb_c0,ce,-1.4249507015720564
RDC133,p065_amb_c0,bst,0.4497001764286311
RDC134,p065_amb_c0,ce,0.13539850458458672
RDC134,p065_amb_c0,bst,0.1376871989017605
RDC136,p065_amb_c0,ce,-0.26655058339240745
RDC136,p065_amb_c0,bst,0.45910006901553974
RDC137,p065_amb_c0,ce,0.5519654111731626
RDC137,p065_amb_c0,bst,0.009889770959373712
RDC138,p065_amb_c0,ce,0.16088390436036115
RDC138,p065_amb_c0,bst,-1.0716442559107546
RDC139,p065_amb_c0,ce,-0.6646935615593563
RDC139,p065_amb_c0,bst,-0.003854251436070414
RDC141,p065_amb_c0,ce,0.7906984445261005
RDC141,p065_amb_c0,bst,0.5893910720753041
RDC143,p065_amb_c0,ce,-0.26685649037436127
RDC143,p065_amb_c0,bst,0.5105897506826355
RDC144,p065_amb_c0,ce,0.00433094269889868
RDC144,p065_amb_c0,bst,0.6264664023427166
RDC145,p065_amb_c0,ce,0.6739404248242069
RDC145,p065_amb_c0,bst,-0.7946618010465706
RDC146,p065_amb_c0,ce,-0.7576178101557368
RDC146,p065_amb_c0,bst,0.24475133452849443
RDC147,p065_amb_c0,ce,-0.2595347873688442
RDC147,p065_amb_c0,bst,-0.3335527288570133
RDC152,p065_amb_c0,ce,0.5707733984733396
RDC152,p065_amb_c0,bst,3.2942981246575904
RDC153,p065_amb_c0,ce,-0.8508594385298738
RDC153,p065_amb_c0,bst,-0.04124324486427796
RDC154,p065_amb_c0,ce,0.782331513508998
RDC154,p065_amb_c0,bst,0.5892126744582405
RDC156,p065_amb_c0,ce,0.1140773181809841
RDC156,p065_amb_c0,bst,0.6782736525999221
RDC157,p065_amb_c0,ce,-0.26634792604585045
RDC157,p065_amb_c0,bst,1.0292933506805881
RDC159,p065_amb_c0,ce,-0.11241315519764183
RDC159,p065_amb_c0,bst,0.5987730870441655
RDC161,p065_amb_c0,ce,0.15590416604270788
RDC161,p065_amb_c0,bst,0.8634534987884542
RDC164,p065_amb_c0,ce,0.2041706437119575
RDC164,p065_amb_c0,bst,0.015465044729918461
RDC165,p065_amb_c0,ce,1.47156461954101
RDC165,p065_amb_c0,bst,0.21852445613783403
RDC167,p065_amb_c0,ce,-0.7801100431658023
RDC167,p065_amb_c0,bst,-0.38074670476681627
RDC171,p065_amb_c0,ce,-0.9093734815826654
RDC171,p065_amb_c0,bst,0.6015255274597214
RDC172,p065_amb_c0,ce,-0.6520162500961199
RDC172,p065_amb_c0,bst,-0.5054043264399949
RDC174,p065_amb_c0,ce,-0.0033825909349471297
RDC174,p065_amb_c0,bst,0.05679699098162009
RDC175,p065_amb_c0,ce,0.14210043163687883
RDC175,p065_amb_c0,bst,-0.8579138228185386
RDC176,p065_amb_c0,ce,1.221412248534218
RDC176,p065_amb_c0,bst,0.20691987066541886
RDC177,p065_amb_c0,ce,1.5767816000960129
RDC177,p065_amb_c0,bst,0.29352775341028575
RDC178,p065_amb_c0,ce,-0.2282200124298134
RDC178,p065_amb_c0,bst,1.5791084228147072
RDC180,p065_amb_c0,ce,0.21971846882152912
RDC180,p065_amb_c0,bst,0.29827670164099657
RDC183,p065_amb_c0,ce,0.2540697892500806
RDC183,p065_amb_c0,bst,0.05789510736161011
RDC184,p065_amb_c0,ce,0.8907743438485094
RDC184,p065_amb_c0,bst,1.2526910091586967
RDC186,p065_amb_c0,ce,-0.2611305754015775
RDC186,p065_amb_c0,bst,-0.8479081221850538
RDC189,p065_amb_c0,ce,-0.21174510450561815
RDC189,p065_amb_c0,bst,-0.4980050879218479
RDC190,p065_amb_c0,ce,0.15268366650661566
RDC190,p065_amb_c0,bst,0.6012619385462229
RDC192,p065_amb_c0,ce,-0.39552934018243835
RDC192,p065_amb_c0,bst,-0.11915275144433334
RDC193,p065_amb_c0,ce,-0.18102959493446202
RDC193,p065_amb_c0,bst,-0.6410561365375468
RDC195,p065_amb_c0,ce,-0.44460234201410687
RDC195,p065_amb_c0,bst,-0.9315638287760125
RDC196,p065_amb_c0,ce,-0.8627820276684899
RDC196,p065_amb_c0,bst,0.6464694178699684
RDC198,p065_amb_c0,ce,0.6855452097309072
RDC198,p065_amb_c0,bst,-0.5213866935230153
RDC200,p065_amb_c0,ce,1.4292126131519778
RDC200,p065_amb_c0,bst,0.374813014470784
RDC202,p065_amb_c0,ce,0.5912876400171934
RDC202,p065_amb_c0,bst,0.08193244180164842
RDC203,p065_amb_c0,ce,0.12276528983061481
RDC203,p065_amb_c0,bst,0.7473439788454185
RDC204,p065_amb_c0,ce,0.09883331471135105
RDC204,p065_amb_c0,bst,-0.6675171283469087
RDC207,p065_amb_c0,ce,-0.267419212213289
RDC207,p065_amb_c0,bst,0.35623851647409577
RDC208,p065_amb_c0,ce,-0.1604227399858102
RDC208,p065_amb_c0,bst,0.16504271507311927
RDC209,p065_amb_c0,ce,-0.6193823495312903
RDC209,p065_amb_c0,bst,-0.44595431284725834
RDC210,p065_amb_c0,ce,-0.5301371542978759
RDC210,p065_amb_c0,bst,-1.067756497711488
RDC211,p065_amb_c0,ce,-1.0239972752199138
RDC211,p065_amb_c0,bst,-1.2536958081143617
RDC212,p065_amb_c0,ce,0.7719783022423039
RDC212,p065_amb_c0,bst,0.3759763152063129
RDC213,p065_amb_c0,ce,-0.14885074301115456
RDC213,p065_amb_c0,bst,0.30905451463578526
RDC214,p065_amb_c0,ce,0.8218175815270201
RDC214,p065_amb_c0,bst,0.43992833748074617
RDC216,p065_amb_c0,ce,-0.3883946236329418
RDC216,p065_amb_c0,bst,1.178206871032666
RDC217,p065_amb_c0,ce,-0.34707123791200134
RDC217,p065_amb_c0,bst,0.6333940336446827
RDC220,p065_amb_c0,ce,-0.07790466550792056
RDC220,p065_amb_c0,bst,-0.6208067350895806
RDC221,p065_amb_c0,ce,0.6434626720640543
RDC221,p065_amb_c0,bst,0.7778727632285897
RDC222,p065_amb_c0,ce,-0.2970320918306976
RDC222,p065_amb_c0,bst,-0.4625004682414729
RDC225,p065_amb_c0,ce,0.02027888724479453
RDC225,p065_amb_c0,bst,0.0068195112316282724
RDC226,p065_amb_c0,ce,-1.0964521454081437
RDC226,p065_amb_c0,bst,-0.9713869219767804
RDC227,p065_amb_c0,ce,0.9200052316118551
RDC227,p065_amb_c0,bst,0.018856303807919694
RDC228,p065_amb_c0,ce,0.07666982133111026
RDC228,p065_amb_c0,bst,-0.6630797837026506
RDC229,p065_amb_c0,ce,-0.4724028118494977
RDC229,p065_amb_c0,bst,2.4373963008821007
RDC230,p065_amb_c0,ce,0.23929417256181154
RDC230,p065_amb_c0,bst,0.44104135346080814
RDC231,p065_amb_c0,ce,-0.2514224148699103
RDC231,p065_amb_c0,bst,-0.7649960306830083
RDC232,p065_amb_c0,ce,-1.1535236059865652
RDC232,p065_amb_c0,bst,0.03437059374710109
RDC233,p065_amb_c0,ce,0.0737421038179669
RDC233,p065_amb_c0,bst,0.6021091329859921
RDC234,p065_amb_c0,ce,-0.4968906728355769
RDC234,p065_amb_c0,bst,0.6642411773584135
RDC235,p065_amb_c0,ce,-0.09888569301204199
RDC235,p065_amb_c0,bst,0.2570912387537774
RDC236,p065_amb_c0,ce,0.09278351299224812
RDC236,p065_amb_c0,bst,0.28122618596065274
RDC237,p065_amb_c0,ce,0.3704847643329327
RDC237,p065_amb_c0,bst,0.5219048440007755
RDC238,p065_amb_c0,ce,0.7437294623115246
RDC238,p065_amb_c0,bst,-0.8724479743655458
RDC243,p065_amb_c0,ce,0.7049367390307877
RDC243,p065_amb_c0,bst,0.848515186704114
RDC244,p065_amb_c0,ce,0.0592809385548946
RDC244,p065_amb_c0,bst,-0.33156331819102114
RDC246,p065_amb_c0,ce,-0.9754848973501047
RDC246,p065_amb_c0,bst,-0.07447502009063393
RDC247,p065_amb_c0,ce,-1.0673417104989427
RDC247,p065_amb_c0,bst,-0.5943223401634165
RDC248,p065_amb_c0,ce,-0.30289175413048297
RDC248,p065_amb_c0,bst,0.6416159448103113
RDC249,p065_amb_c0,ce,-0.15733700528265082
RDC249,p065_amb_c0,bst,0.4565573712115761
RDC250,p065_amb_c0,ce,-0.2526250084041299
RDC250,p065_amb_c0,bst,-1.0398561270554076
RDC259,p065_amb_c0,ce,-0.7285047095622262
RDC259,p065_amb_c0,bst,0.4163845705975748
RDC261,p065_amb_c0,ce,-0.12063615264189712
RDC261,p065_amb_c0,bst,-0.013643194668809219
RDC263,p065_amb_c0,ce,0.16429632482855833
RDC263,p065_amb_c0,bst,0.07737071905926451
RDC102,p070_amb_c0,ce,-0.8735743509325822
RDC102,p070_amb_c0,bst,-0.757021219778648
RDC104,p070_amb_c0,ce,-0.3551281733139853
RDC104,p070_amb_c0,bst,0.8239006203157059
RDC105,p070_amb_c0,ce,-0.6375134595087714
RDC105,p070_amb_c0,bst,0.35643648253880006
RDC106,p070_amb_c0,ce,-0.47648520456933063
RDC106,p070_amb_c0,bst,-0.5165759437333511
RDC107,p070_amb_c0,ce,0.6059996569718171
RDC107,p070_amb_c0,bst,-0.21203040668621834
RDC109,p070_amb_c0,ce,0.4129152947732509
RDC109,p070_amb_c0,bst,-0.17896207929606733
RDC110,p070_amb_c0,ce,0.8513129685988783
RDC110,p070_amb_c0,bst,-0.4574053410243808
RDC111,p070_amb_c0,ce,0.02474832345194708
RDC111,p070_amb_c0,bst,0.041539501691222336
RDC113,p070_amb_c0,ce,0.3179009517752227
RDC113,p070_amb_c0,bst,-0.6628411218913709
RDC116,p070_amb_c0,ce,0.14189756416016225
RDC116,p070_amb_c0,bst,-0.1871778785206302
RDC117,p070_amb_c0,ce,0.05878861188503397
RDC117,p070_amb_c0,bst,0.6313942629512931
RDC120,p070_amb_c0,ce,0.5864128057556702
RDC120,p070_amb_c0,bst,0.7629939311725127
RDC125,p070_amb_c0,ce,-0.520216577834482
RDC125,p070_amb_c0,bst,-0.47440006590688993
RDC126,p070_amb_c0,ce,0.14789727940966033
RDC126,p070_amb_c0,bst,-0.26542608644503735
RDC127,p070_amb_c0,ce,0.1335306138359556
RDC127,p070_amb_c0,bst,-0.20032871336068128
RDC128,p070_amb_c0,ce,0.12566402291329687
RDC128,p070_amb_c0,bst,0.14198138956619277
RDC129,p070_amb_c0,ce,-0.6448049452682844
RDC129,p070_amb_c0,bst,0.13193823114785863
RDC130,p070_amb_c0,ce,-0.013167285404812473
RDC130,p070_amb_c0,bst,-0.15633511678590925
RDC131,p070_amb_c0,ce,-0.10919284414260833
RDC131,p070_amb_c0,bst,0.5914373451288274
RDC132,p070_amb_c0,ce,0.4399437650584252
RDC132,p070_amb_c0,bst,0.48079132678641073
RDC133,p070_amb_c0,ce,-0.12780720734021567
RDC133,p070_amb_c0,bst,-0.11589480514205397
RDC134,p070_amb_c0,ce,-0.1887681830422982
RDC134,p070_amb_c0,bst,0.6271502815724302
RDC136,p070_amb_c0,ce,-0.14852341106424866
RDC136,p070_amb_c0,bst,-0.01438031230489445
RDC137,p070_amb_c0,ce,-0.2956480457381703
RDC137,p070_amb_c0,bst,0.45576244512030906
RDC138,p070_amb_c0,ce,0.6502593727700103
RDC138,p070_amb_c0,bst,0.1246029880236823
RDC139,p070_amb_c0,ce,0.19044898279332587
RDC139,p070_amb_c0,bst,0.8348948122517461
RDC141,p070_amb_c0,ce,0.13543859081256762
RDC141,p070_amb_c0,bst,0.37432797004768403
RDC143,p070_amb_c0,ce,0.8306313206845042
RDC143,p070_amb_c0,bst,1.337332764047505
RDC144,p070_amb_c0,ce,0.26549949382886046
RDC144,p070_amb_c0,bst,0.296826453407311
RDC145,p070_amb_c0,ce,-0.4072473266689152
RDC145,p070_amb_c0,bst,0.02090220746843056
RDC146,p070_amb_c0,ce,-0.11635591552839764
RDC146,p070_amb_c0,bst,-0.0613993116077296
RDC147,p070_amb_c0,ce,-0.09599710194440786
RDC147,p070_amb_c0,bst,1.302158941061145
RDC152,p070_amb_c0,ce,-0.38480600422059147
RDC152,p070_amb_c0,bst,-0.5124978854065828
RDC153,p070_amb_c0,ce,-0.15637782013204873
RDC153,p070_amb_c0,bst,-0.7021005516407252
RDC154,p070_amb_c0,ce,0.3921182789716598
RDC154,p070_amb_c0,bst,-0.1375909114752815
RDC156,p070_amb_c0,ce,-0.26614758946496464
RDC156,p070_amb_c0,bst,0.05261050354784289
RDC157,p070_amb_c0,ce,-0.9571975323238877
RDC157,p070_amb_c0,bst,-0.5201179936919716
RDC159,p070_amb_c0,ce,-1.007686911031947
RDC159,p070_amb_c0,bst,0.7587499378974355
RDC161,p070_amb_c0,ce,0.9934490342849035
RDC161,p070_amb_c0,bst,-0.0938031891028321
RDC164,p070_amb_c0,ce,-0.13233826948796365
RDC164,p070_amb_c0,bst,0.3159044534321616
RDC165,p070_amb_c0,ce,-0.2839457573247283
RDC165,p070_amb_c0,bst,-0.47617860777930776
RDC167,p070_amb_c0,ce,-0.9578644468762331
RDC167,p070_amb_c0,bst,-0.022849547191458635
RDC171,p070_amb_c0,ce,-0.18961661182399878
RDC171,p070_amb_c0,bst,0.21404474037646284
RDC172,p070_amb_c0,ce,0.37422783277027005
RDC172,p070_amb_c0,bst,-0.4043908637312521
RDC174,p070_amb_c0,ce,-0.6605109306628326
RDC174,p070_amb_c0,bst,-0.9992865859069129
RDC175,p070_amb_c0,ce,-0.4782273706381375
RDC175,p070_amb_c0,bst,0.6382086676875244
RDC176,p070_amb_c0,ce,-0.2491158868290169
RDC176,p070_amb_c0,bst,0.4690615134869453
RDC177,p070_amb_c0,ce,0.055361988544406
RDC177,p070_amb_c0,bst,0.6414480360415966
RDC178,p070_amb_c0,ce,0.6707773426609678
RDC178,p070_amb_c0,bst,0.48964026860324433
RDC180,p070_amb_c0,ce,-0.8148482150214756
RDC180,p070_amb_c0,bst,-0.5604868627234972
RDC183,p070_amb_c0,ce,1.143007660301001
RDC183,p070_amb_c0,bst,-0.42858070115840635
RDC184,p070_amb_c0,ce,0.10427896274277466
RDC184,p070_amb_c0,bst,0.023101234096352785
RDC186,p070_amb_c0,ce,0.4849379492266881
RDC186,p070_amb_c0,bst,-0.4745932468596439
RDC189,p070_amb_c0,ce,-0.10354781093666535
RDC189,p070_amb_c0,bst,-0.06072897024930805
RDC190,p070_amb_c0,ce,0.08441565669245742
RDC190,p070_amb_c0,bst,0.4150062070405926
RDC192,p070_amb_c0,ce,0.15729707918635896
RDC192,p070_amb_c0,bst,-0.18194209944177098
RDC193,p070_amb_c0,ce,0.13076896246581154
RDC193,p070_amb_c0,bst,-0.5430131248224275
RDC195,p070_amb_c0,ce,0.04510924456817593
RDC195,p070_amb_c0,bst,0.5093212839882383
RDC196,p070_amb_c0,ce,0.15420359664127706
RDC196,p070_amb_c0,bst,-0.4629203164823235
RDC198,p070_amb_c0,ce,0.3393956128370561
RDC198,p070_amb_c0,bst,0.8662769170227835
RDC200,p070_amb_c0,ce,0.030671064834318345
RDC200,p070_amb_c0,bst,0.40494113978225527
RDC202,p070_amb_c0,ce,-0.7616365564456129
RDC202,p070_amb_c0,bst,1.3091444112081598
RDC203,p070_amb_c0,ce,0.5755332295385067
RDC203,p070_amb_c0,bst,-0.5322559309421949
RDC204,p070_amb_c0,ce,0.5320125160674777
RDC204,p070_amb_c0,bst,0.9098553688858492
RDC207,p070_amb_c0,ce,0.5934570291094518
RDC207,p070_amb_c0,bst,0.6901121691393449
RDC208,p070_amb_c0,ce,-0.27651626007130026
RDC208,p070_amb_c0,bst,-1.3667167680928844
RDC209,p070_amb_c0,ce,0.3413541161538571
RDC209,p070_amb_c0,bst,-0.7673453566438783
RDC210,p070_amb_c0,ce,0.6905324487835036
RDC210,p070_amb_c0,bst,1.3920973999158626
RDC211,p070_amb_c0,ce,0.4088317150006301
RDC211,p070_amb_c0,bst,1.035786076136803
RDC212,p070_amb_c0,ce,-1.0126548158758406
RDC212,p070_amb_c0,bst,-0.4001735582237223
RDC213,p070_amb_c0,ce,-0.06584775611826765
RDC213,p070_amb_c0,bst,-0.5600751898415046
RDC214,p070_amb_c0,ce,-0.2127071327297713
RDC214,p070_amb_c0,bst,-0.02650087950450941
RDC216,p070_amb_c0,ce,-0.3457801050605412
RDC216,p070_amb_c0,bst,0.21228857368900456
RDC217,p070_amb_c0,ce,0.3415682905756424
RDC217,p070_amb_c0,bst,0.37101357420492026
RDC220,p070_amb_c0,ce,0.13049419643543225
RDC220,p070_amb_c0,bst,0.1070526376217178
RDC221,p070_amb_c0,ce,-0.03083962988596421
RDC221,p070_amb_c0,bst,-0.31447206035461367
RDC222,p070_amb_c0,ce,-0.06289581825381414
RDC222,p070_amb_c0,bst,0.12827668566939363
RDC225,p070_amb_c0,ce,0.7624638366996085
RDC225,p070_amb_c0,bst,-0.36424409182394557
RDC226,p070_amb_c0,ce,-0.030685666343597612
RDC226,p070_amb_c0,bst,0.9936689633724766
RDC227,p070_amb_c0,ce,1.264338636734099
RDC227,p070_amb_c0,bst,0.3224137160078348
RDC228,p070_amb_c0,ce,0.22048057896901055
RDC228,p070_amb_c0,bst,-0.98960265383015
RDC229,p070_amb_c0,ce,0.0916659553297803
RDC229,p070_amb_c0,bst,-0.25197307004651653
RDC230,p070_amb_c0,ce,-0.6393030958306278
RDC230,p070_amb_c0,bst,1.522343172849257
RDC231,p070_amb_c0,ce,-0.4027237320231151
RDC231,p070_amb_c0,bst,0.234847985549843
RDC232,p070_amb_c0,ce,0.27139722028687246
RDC232,p070_amb_c0,bst,-0.5747325225170846
RDC233,p070_amb_c0,ce,0.34727906828205707
RDC233,p070_amb_c0,bst,1.88017706856502
RDC234,p070_amb_c0,ce,0.4148866730915928
RDC234,p070_amb_c0,bst,-0.22410045712314786
RDC235,p070_amb_c0,ce,-0.6112419492461787
RDC235,p070_amb_c0,bst,0.43111957091098124
RDC236,p070_amb_c0,ce,-0.14085950599867267
RDC236,p070_amb_c0,bst,-0.7789687450796748
RDC237,p070_amb_c0,ce,0.3626820208269477
RDC237,p070_amb_c0,bst,0.4125195999542936
RDC238,p070_amb_c0,ce,-0.9136821277020039
RDC238,p070_amb_c0,bst,-0.6318679228103247
RDC243,p070_amb_c0,ce,0.5603339359500537
RDC243,p070_amb_c0,bst,1.4712756553029793
RDC244,p070_amb_c0,ce,0.10007724757264296
RDC244,p070_amb_c0,bst,-0.09746332383806644
RDC246,p070_amb_c0,ce,0.06921806488855312
RDC246,p070_amb_c0,bst,0.5191998162327216
RDC247,p070_amb_c0,ce,-0.20762862071683075
RDC247,p070_amb_c0,bst,-0.3133329978907032
RDC248,p070_amb_c0,ce,-0.553548214902275
RDC248,p070_amb_c0,bst,-0.27694360472180257
RDC249,p070_amb_c0,ce,-0.13202195133779285
RDC249,p070_amb_c0,bst,0.815539912491992
RDC250,p070_amb_c0,ce,0.5174570452198711
RDC250,p070_amb_c0,bst,0.3692312917379399
RDC259,p070_amb_c0,ce,0.3692896030791748
RDC259,p070_amb_c0,bst,0.990714217520138
RDC261,p070_amb_c0,ce,0.7699226004165076
RDC261,p070_amb_c0,bst,-0.349944417342809
RDC263,p070_amb_c0,ce,0.7359823863965579
RDC263,p070_amb_c0,bst,-0.2025541381417085
RDC102,p070_c0,ce,-0.13596517411291748
RDC102,p070_c0,bst,-0.11936642658212303
RDC104,p070_c0,ce,-0.16736339619229376
RDC104,p070_c0,bst,-0.42706285337586697
RDC105,p070_c0,ce,-0.16748593133822484
RDC105,p070_c0,bst,0.1014668321990847
RDC106,p070_c0,ce,0.5937252447916219
RDC106,p070_c0,bst,-0.9135638885162392
RDC107,p070_c0,ce,0.5979892386863617
RDC107,p070_c0,bst,0.21103644096135388
RDC109,p070_c0,ce,-0.3081688767355086
RDC109,p070_c0,bst,0.37537021900314177
RDC110,p070_c0,ce,0.0807380458029003
RDC110,p070_c0,bst,0.13178619137326839
RDC111,p070_c0,ce,0.2688350822371768
RDC111,p070_c0,bst,0.25756704679851594
RDC113,p070_c0,ce,0.38520442737715643
RDC113,p070_c0,bst,0.15178802077136633
RDC116,p070_c0,ce,-0.05381353216496098
RDC116,p070_c0,bst,-0.27256100119983867
RDC117,p070_c0,ce,-0.10269340392154291
RDC117,p070_c0,bst,0.8487296729728463
RDC120,p070_c0,ce,0.0031746895821211842
RDC120,p070_c0,bst,-0.37384050722710604
RDC125,p070_c0,ce,0.08871173429952404
RDC125,p070_c0,bst,-0.5829856157146619
RDC126,p070_c0,ce,0.02254739066971091
RDC126,p070_c0,bst,0.6809368401816812
RDC127,p070_c0,ce,0.16622158868263903
RDC127,p070_c0,bst,0.5478523179408447
RDC128,p070_c0,ce,0.09641635668401244
RDC128,p070_c0,bst,-0.12319479033299945
RDC129,p070_c0,ce,0.004133841919841312
RDC129,p070_c0,bst,-0.5934288506463974
RDC130,p070_c0,ce,0.2301948417143961
RDC130,p070_c0,bst,-0.42662535516176714
RDC131,p070_c0,ce,0.37380856728839523
RDC131,p070_c0,bst,0.22426026531156085
RDC132,p070_c0,ce,0.3401168485038188
RDC132,p070_c0,bst,-0.4269569539065509
RDC133,p070_c0,ce,-0.007044775538565266
RDC133,p070_c0,bst,-0.27899780253708606
RDC134,p070_c0,ce,0.4997276943895839
RDC134,p070_c0,bst,-0.6673869736001716
RDC136,p070_c0,ce,-0.46434348165770467
RDC136,p070_c0,bst,-0.3618201105523255
RDC137,p070_c0,ce,0.31702549743546066
RDC137,p070_c0,bst,-0.5869761710630604
RDC138,p070_c0,ce,-1.1305678246083175
RDC138,p070_c0,bst,-0.3094376767369201
RDC139,p070_c0,ce,-0.3227521649237731
RDC139,p070_c0,bst,0.5708122531823941
RDC141,p070_c0,ce,-0.2956209560701308
RDC141,p070_c0,bst,-0.06821232221442856
RDC143,p070_c0,ce,0.2325171806363878
RDC143,p070_c0,bst,-0.39908125280959067
RDC144,p070_c0,ce,0.1896739088871015
RDC144,p070_c0,bst,0.050777555537940965
RDC145,p070_c0,ce,-0.9968660389864744
RDC145,p070_c0,bst,-0.4101902166152307
RDC146,p070_c0,ce,0.6891044423301045
RDC146,p070_c0,bst,0.21322087470175907
RDC147,p070_c0,ce,0.42105243987742913
RDC147,p070_c0,bst,0.05929521369587041
RDC152,p070_c0,ce,0.15982880800091115
RDC152,p070_c0,bst,-1.1664840604156144
RDC153,p070_c0,ce,0.31832737963100044
RDC153,p070_c0,bst,-0.1115422744241441
RDC154,p070_c0,ce,0.43281075476327757
RDC154,p070_c0,bst,-0.06109207071395584
RDC156,p070_c0,ce,-0.13461955676205242
RDC156,p070_c0,bst,-0.5419182177343345
RDC157,p070_c0,ce,0.00533231006763113
RDC157,p070_c0,bst,-0.03987473432523109
RDC159,p070_c0,ce,-0.1287037763914222
RDC159,p070_c0,bst,0.05933592262099063
RDC161,p070_c0,ce,0.09358577420713843
RDC161,p070_c0,bst,-0.7772639521220484
RDC164,p070_c0,ce,0.3836775839943737
RDC164,p070_c0,bst,-0.34522856554947984
RDC165,p070_c0,ce,-0.7395010288767968
RDC165,p070_c0,bst,-0.24431887063755617
RDC167,p070_c0,ce,0.603625751517296
RDC167,p070_c0,bst,-0.029000851367110836
RDC171,p070_c0,ce,0.31743502830711007
RDC171,p070_c0,bst,0.7610747332530616
RDC172,p070_c0,ce,0.3816975155536802
RDC172,p070_c0,bst,0.3680191775932453
RDC174,p070_c0,ce,-0.48387568710614776
RDC174,p070_c0,bst,0.1015868631287165
RDC175,p070_c0,ce,0.21347443644791406
RDC175,p070_c0,bst,-0.7866456415972714
RDC176,p070_c0,ce,-0.40484154253251475
RDC176,p070_c0,bst,0.4587991248904035
RDC177,p070_c0,ce,-0.0692003158801679
RDC177,p070_c0,bst,0.9846478571222427
RDC178,p070_c0,ce,0.2671199945434508
RDC178,p070_c0,bst,-0.6888409877423305
RDC180,p070_c0,ce,-0.7942151917871056
RDC180,p070_c0,bst,-0.5297496370799618
RDC183,p070_c0,ce,0.6501945911314828
RDC183,p070_c0,bst,-0.3529077290053831
RDC184,p070_c0,ce,0.3672287085987221
RDC184,p070_c0,bst,0.2559574011801685
RDC186,p070_c0,ce,0.15245187108274766
RDC186,p070_c0,bst,0.27143850429985855
RDC189,p070_c0,ce,0.08284174166219295
RDC189,p070_c0,bst,-0.4818348923898968
RDC190,p070_c0,ce,0.23396024647435715
RDC190,p070_c0,bst,0.5778346935846255
RDC192,p070_c0,ce,-0.06982394697484988
RDC192,p070_c0,bst,0.2906855960588353
RDC193,p070_c0,ce,-0.04328787195454261
RDC193,p070_c0,bst,0.14018376356815881
RDC195,p070_c0,ce,0.5484919274082848
RDC195,p070_c0,bst,-0.9809063680507043
RDC196,p070_c0,ce,0.06253202994515841
RDC196,p070_c0,bst,-0.12422376416600715
RDC198,p070_c0,ce,-0.3661912940465145
RDC198,p070_c0,bst,-0.13744517599128256
RDC200,p070_c0,ce,0.19007099984531864
RDC200,p070_c0,bst,0.13884244837965257
RDC202,p070_c0,ce,-0.2912881297090997
RDC202,p070_c0,bst,0.20565166582239103
RDC203,p070_c0,ce,-0.0450914902317079
RDC203,p070_c0,bst,-0.12046110978291473
RDC204,p070_c0,ce,-0.0035748771617527745
RDC204,p070_c0,bst,0.07326663093683568
RDC207,p070_c0,ce,0.46657916913037684
RDC207,p070_c0,bst,0.5173615487804603
RDC208,p070_c0,ce,-0.3811278159114301
RDC208,p070_c0,bst,0.5374779792055588
RDC209,p070_c0,ce,-0.5208365092598201
RDC209,p070_c0,bst,-0.3448341183901271
RDC210,p070_c0,ce,-0.49977400880686645
RDC210,p070_c0,bst,0.23678702069262927
RDC211,p070_c0,ce,-0.12046933914919578
RDC211,p070_c0,bst,0.6704298940940053
RDC212,p070_c0,ce,0.46261617634610264
RDC212,p070_c0,bst,-0.13803193723302679
RDC213,p070_c0,ce,-0.15547685509490888
RDC213,p070_c0,bst,0.366177651447994
RDC214,p070_c0,ce,0.382337325377772
RDC214,p070_c0,bst,0.06563001491763697
RDC216,p070_c0,ce,-0.25048581191590735
RDC216,p070_c0,bst,0.8598235302674112
RDC217,p070_c0,ce,0.25683488558270695
RDC217,p070_c0,bst,-0.41922162982842853
RDC220,p070_c0,ce,0.33976497320532567
RDC220,p070_c0,bst,-0.06574976031031876
RDC221,p070_c0,ce,0.035303808815091556
RDC221,p070_c0,bst,0.42188568957197065
RDC222,p070_c0,ce,0.4756680278736855
RDC222,p070_c0,bst,0.8690763412203326
RDC225,p070_c0,ce,0.4257492521637716
RDC225,p070_c0,bst,0.28699755899573587
RDC226,p070_c0,ce,-0.5189113886418081
RDC226,p070_c0,bst,0.947912703344722
RDC227,p070_c0,ce,0.6602530345271581
RDC227,p070_c0,bst,0.6429440888800998
RDC228,p070_c0,ce,0.3593505525872647
RDC228,p070_c0,bst,0.29296752424831934
RDC229,p070_c0,ce,-0.11157288216637905
RDC229,p070_c0,bst,0.6845887512526424
RDC230,p070_c0,ce,-0.2891416294016891
RDC230,p070_c0,bst,-0.5186657630492083
RDC231,p070_c0,ce,0.40448578476218455
RDC231,p070_c0,bst,0.28354564390445497
RDC232,p070_c0,ce,-0.06506693386798647
RDC232,p070_c0,bst,-0.10052895600823836
RDC233,p070_c0,ce,0.23018753187812266
RDC233,p070_c0,bst,0.24407077680686676
RDC234,p070_c0,ce,-0.1918200707094145
RDC234,p070_c0,bst,0.7581369575661197
RDC235,p070_c0,ce,-0.34715061685603893
RDC235,p070_c0,bst,0.38485082029845014
RDC236,p070_c0,ce,0.21732825115650345
RDC236,p070_c0,bst,0.8717663003464811
RDC237,p070_c0,ce,0.09779511080845449
RDC237,p070_c0,bst,-0.38459834435897683
RDC238,p070_c0,ce,-0.2225534907284277
RDC238,p070_c0,bst,0.45407734587522725
RDC243,p070_c0,ce,0.5634192377620219
RDC243,p070_c0,bst,-0.17049633400333764
RDC244,p070_c0,ce,-0.03437268273426068
RDC244,p070_c0,bst,-0.47171238380663544
RDC246,p070_c0,ce,0.37336757956912797
RDC246,p070_c0,bst,-0.15744577656674605
RDC247,p070_c0,ce,-0.5304728381498428
RDC247,p070_c0,bst,0.7922094923623432
RDC248,p070_c0,ce,-0.507564733330075
RDC248,p070_c0,bst,-0.5432539987855441
RDC249,p070_c0,ce,0.836025571115948
RDC249,p070_c0,bst,-0.1981237791091717
RDC250,p070_c0,ce,-0.10678819504952253
RDC250,p070_c0,bst,0.3447078451857865
RDC259,p070_c0,ce,-0.006055887081990902
RDC259,p070_c0,bst,-0.7283931581211291
RDC261,p070_c0,ce,-0.06946519530406751
RDC261,p070_c0,bst,0.14781524831412585
RDC263,p070_c0,ce,0.7113043727811753
RDC263,p070_c0,bst,0.32637241545680734
RDC102,p075_amb_c0,ce,0.7284559556140074
RDC102,p075_amb_c0,bst,-0.24646528785820543
RDC104,p075_amb_c0,ce,-0.1085651426290389
RDC104,p075_amb_c0,bst,1.1153557240041803
RDC105,p075_amb_c0,ce,0.07613683639238869
RDC105,p075_amb_c0,bst,-0.5972695868208434
RDC106,p075_amb_c0,ce,-0.9627728684821625
RDC106,p075_amb_c0,bst,0.9345676981437955
RDC107,p075_amb_c0,ce,0.6347577947537749
RDC107,p075_amb_c0,bst,0.09076355689125674
RDC109,p075_amb_c0,ce,0.8630805822529762
RDC109,p075_amb_c0,bst,0.873207707367516
RDC110,p075_amb_c0,ce,0.15773424791901128
RDC110,p075_amb_c0,bst,0.4954171145467425
RDC111,p075_amb_c0,ce,0.2753483981970066
RDC111,p075_amb_c0,bst,-0.8443619945596333
RDC113,p075_amb_c0,ce,-0.2888877142767218
RDC113,p075_amb_c0,bst,-0.2990917043141499
RDC116,p075_amb_c0,ce,-0.5095012409307561
RDC116,p075_amb_c0,bst,-1.4980978321938503
RDC117,p075_amb_c0,ce,-0.16038427978105443
RDC117,p075_amb_c0,bst,-0.03787140840365033
RDC120,p075_amb_c0,ce,-0.6938645181532278
RDC120,p075_amb_c0,bst,-1.267615576764329
RDC125,p075_amb_c0,ce,1.7769271525332109
RDC125,p075_amb_c0,bst,-1.0360869507218986
RDC126,p075_amb_c0,ce,-0.6072509312130471
RDC126,p075_amb_c0,bst,1.064355466504585
RDC127,p075_amb_c0,ce,-0.7367829675817578
RDC127,p075_amb_c0,bst,0.09832456794545304
RDC128,p075_amb_c0,ce,0.17973449356530366
RDC128,p075_amb_c0,bst,-0.3344165442910508
RDC129,p075_amb_c0,ce,-0.5746128902247988
RDC129,p075_amb_c0,bst,1.0691615661499798
RDC130,p075_amb_c0,ce,-0.29437093133836917
RDC130,p075_amb_c0,bst,-0.201037249018667
RDC131,p075_amb_c0,ce,-0.6660212610103603
RDC131,p075_amb_c0,bst,1.5171568266275548
RDC132,p075_amb_c0,ce,0.13039429321298446
RDC132,p075_amb_c0,bst,0.8075423251771987
RDC133,p075_amb_c0,ce,-0.1566338892364818
RDC133,p075_amb_c0,bst,-0.5627710606730997
RDC134,p075_amb_c0,ce,-1.2977210982985994
RDC134,p075_amb_c0,bst,1.409948416047575
RDC136,p075_amb_c0,ce,-0.25171760425857864
RDC136,p075_amb_c0,bst,-0.43771600568549734
RDC137,p075_amb_c0,ce,0.17449149119148105
RDC137,p075_amb_c0,bst,-0.26669984932437685
RDC138,p075_amb_c0,ce,0.05173753515946169
RDC138,p075_amb_c0,bst,0.03451265283114063
RDC139,p075_amb_c0,ce,0.16924277586292882
RDC139,p075_amb_c0,bst,-0.2151298851865153
RDC141,p075_amb_c0,ce,-0.9822203360656628
RDC141,p075_amb_c0,bst,0.3583897217024812
RDC143,p075_amb_c0,ce,0.5685290505796836
RDC143,p075_amb_c0,bst,-0.07187624483264626
RDC144,p075_amb_c0,ce,1.1760834858588667
RDC144,p075_amb_c0,bst,1.4796714677556106
RDC145,p075_amb_c0,ce,-0.07591916086406779
RDC145,p075_amb_c0,bst,-0.17458054285896774
RDC146,p075_amb_c0,ce,0.06870284163478035
RDC146,p075_amb_c0,bst,-0.23993478599746756
RDC147,p075_amb_c0,ce,-0.1340667067587733
RDC147,p075_amb_c0,bst,0.03282327819274167
RDC152,p075_amb_c0,ce,0.5111252085110307
RDC152,p075_amb_c0,bst,1.628435188372175
RDC153,p075_amb_c0,ce,0.6737937183640037
RDC153,p075_amb_c0,bst,-1.5768317692986076
RDC154,p075_amb_c0,ce,0.3177170891151146
RDC154,p075_amb_c0,bst,-0.08270651842497573
RDC156,p075_amb_c0,ce,-0.6625410309873345
RDC156,p075_amb_c0,bst,0.4579018740806708
RDC157,p075_amb_c0,ce,0.9576552684953465
RDC157,p075_amb_c0,bst,0.06088724492184048
RDC159,p075_amb_c0,ce,0.940465654802631
RDC159,p075_amb_c0,bst,0.9014816066162404
RDC161,p075_amb_c0,ce,0.3680057829544413
RDC161,p075_amb_c0,bst,-0.2154603741717661
RDC164,p075_amb_c0,ce,0.2652763207027038
RDC164,p075_amb_c0,bst,1.8019907190943123
RDC165,p075_amb_c0,ce,-1.3268663839643942
RDC165,p075_amb_c0,bst,0.9989331639160803
RDC167,p075_amb_c0,ce,0.16322052308852503
RDC167,p075_amb_c0,bst,-0.4943998775708895
RDC171,p075_amb_c0,ce,-0.14287569443839895
RDC171,p075_amb_c0,bst,-1.6414352058179933
RDC172,p075_amb_c0,ce,0.22935119827408873
RDC172,p075_amb_c0,bst,-0.24117452399481806
RDC174,p075_amb_c0,ce,0.12855817411541734
RDC174,p075_amb_c0,bst,0.4714331563879062
RDC175,p075_amb_c0,ce,-1.5939223477598807
RDC175,p075_amb_c0,bst,3.8398552966522543
RDC176,p075_amb_c0,ce,-0.10330837162730784
RDC176,p075_amb_c0,bst,-0.31052170568409904
RDC177,p075_amb_c0,ce,-1.878449550256427
RDC177,p075_amb_c0,bst,0.8771965905242091
RDC178,p075_amb_c0,ce,-0.42504642119753483
RDC178,p075_amb_c0,bst,-0.04961079959548812
RDC180,p075_amb_c0,ce,-0.36436668781805986
RDC180,p075_amb_c0,bst,0.5472509706887854
RDC183,p075_amb_c0,ce,2.3349053826041897
RDC183,p075_amb_c0,bst,0.1857030569879147
RDC184,p075_amb_c0,ce,0.25226758556629053
RDC184,p075_amb_c0,bst,-0.11551420852013687
RDC186,p075_amb_c0,ce,0.2051657935899091
RDC186,p075_amb_c0,bst,0.015755263727358988
RDC189,p075_amb_c0,ce,-0.5949049554998309
RDC189,p075_amb_c0,bst,-1.9966227848514322
RDC190,p075_amb_c0,ce,0.43221345993208365
RDC190,p075_amb_c0,bst,0.055629053707754506
RDC192,p075_amb_c0,ce,-1.2176721642571122
RDC192,p075_amb_c0,bst,-0.5290651486119924
RDC193,p075_amb_c0,ce,0.03196365391704019
RDC193,p075_amb_c0,bst,0.35964514091238287
RDC195,p075_amb_c0,ce,1.4568869792958212
RDC195,p075_amb_c0,bst,0.32995344930088005
RDC196,p075_amb_c0,ce,0.0319477110088121
RDC196,p075_amb_c0,bst,-0.011795347519161234
RDC198,p075_amb_c0,ce,0.9842588338812108
RDC198,p075_amb_c0,bst,0.4921392729105438
RDC200,p075_amb_c0,ce,-0.033579442759718046
RDC200,p075_amb_c0,bst,-1.2412946144234125
RDC202,p075_amb_c0,ce,-0.6128330961038511
RDC202,p075_amb_c0,bst,1.4575258291976725
RDC203,p075_amb_c0,ce,-0.02065550756142708
RDC203,p075_amb_c0,bst,-0.37294452689713425
RDC204,p075_amb_c0,ce,-0.0077392326458402575
RDC204,p075_amb_c0,bst,-0.22532645186834474
RDC207,p075_amb_c0,ce,0.764785272141895
RDC207,p075_amb_c0,bst,0.369577492522815
RDC208,p075_amb_c0,ce,1.7825356545002948
RDC208,p075_amb_c0,bst,-0.3318685277473667
RDC209,p075_amb_c0,ce,1.369166268018065
RDC209,p075_amb_c0,bst,-0.6287894005984485
RDC210,p075_amb_c0,ce,-0.5100065158996031
RDC210,p075_amb_c0,bst,0.8658899790204653
RDC211,p075_amb_c0,ce,1.271468300663922
RDC211,p075_amb_c0,bst,0.9072214047062451
RDC212,p075_amb_c0,ce,-1.2197545029109838
RDC212,p075_amb_c0,bst,-0.8476175483471463
RDC213,p075_amb_c0,ce,-0.29824161125464393
RDC213,p075_amb_c0,bst,1.2917043756239355
RDC214,p075_amb_c0,ce,0.03235739639214848
RDC214,p075_amb_c0,bst,0.5244153415845744
RDC216,p075_amb_c0,ce,0.0921022295886763
RDC216,p075_amb_c0,bst,-1.2788345070150118
RDC217,p075_amb_c0,ce,0.5107406134339237
RDC217,p075_amb_c0,bst,-0.7136515203000604
RDC220,p075_amb_c0,ce,-0.9528709995887285
RDC220,p075_amb_c0,bst,-0.8012694481530662
RDC221,p075_amb_c0,ce,-0.4884799997963528
RDC221,p075_amb_c0,bst,0.2485411891092025
RDC222,p075_amb_c0,ce,0.00732238408796619
RDC222,p075_amb_c0,bst,-2.1847808462984184
RDC225,p075_amb_c0,ce,-0.9520464444173146
RDC225,p075_amb_c0,bst,-1.028321998143681
RDC226,p075_amb_c0,ce,-0.4822390780035512
RDC226,p075_amb_c0,bst,0.5030278702444839
RDC227,p075_amb_c0,ce,1.0089911587862836
RDC227,p075_amb_c0,bst,-0.10041596572952266
RDC228,p075_amb_c0,ce,1.1003999593058926
RDC228,p075_amb_c0,bst,1.0055814991615548
RDC229,p075_amb_c0,ce,1.409214499183517
RDC229,p075_amb_c0,bst,2.015685833771869
RDC230,p075_amb_c0,ce,-0.20418875772998724
RDC230,p075_amb_c0,bst,0.5379820062357837
RDC231,p075_amb_c0,ce,0.9545649557719902
RDC231,p075_amb_c0,bst,0.06034112866794026
RDC232,p075_amb_c0,ce,0.03459985654783995
RDC232,p075_amb_c0,bst,0.9603809265559677
RDC233,p075_amb_c0,ce,-0.26246919939515684
RDC233,p075_amb_c0,bst,-0.4459963832938602
RDC234,p075_amb_c0,ce,0.16453963071267652
RDC234,p075_amb_c0,bst,0.38022802069274747
RDC235,p075_amb_c0,ce,0.4344548096310039
RDC235,p075_amb_c0,bst,0.503884555675111
RDC236,p075_amb_c0,ce,-0.025997114555198486
RDC236,p075_amb_c0,bst,0.43505004815309434
RDC237,p075_amb_c0,ce,-0.34151196772192444
RDC237,p075_amb_c0,bst,-0.7773491336897939
RDC238,p075_amb_c0,ce,-0.43524796940966565
RDC238,p075_amb_c0,bst,-0.039246522656379845
RDC243,p075_amb_c0,ce,0.5878853692405251
RDC243,p075_amb_c0,bst,0.28431211815321084
RDC244,p075_amb_c0,ce,-0.307893727966789
RDC244,p075_amb_c0,bst,-0.3738938664784806
RDC246,p075_amb_c0,ce,0.9022217921678085
RDC246,p075_amb_c0,bst,-0.3080374986544742
RDC247,p075_amb_c0,ce,0.011970576562001534
RDC247,p075_amb_c0,bst,-1.6653363237851078
RDC248,p075_amb_c0,ce,-0.2554515360679262
RDC248,p075_amb_c0,bst,-0.7821172802288933
RDC249,p075_amb_c0,ce,0.22956570921407565
RDC249,p075_amb_c0,bst,-1.0821580136233295
RDC250,p075_amb_c0,ce,0.5548698613899452
RDC250,p075_amb_c0,bst,0.10484911107649708
RDC259,p075_amb_c0,ce,0.15239616942463802
RDC259,p075_amb_c0,bst,0.5207495990930845
RDC261,p075_amb_c0,ce,-1.6273868147938204
RDC261,p075_amb_c0,bst,-1.2238731490575898
RDC263,p075_amb_c0,ce,0.07033792421197939
RDC263,p075_amb_c0,bst,0.19102356822830516
RDC102,p080_amb_c0,ce,-1.3453592011059745
RDC102,p080_amb_c0,bst,-1.309777873215633
RDC104,p080_amb_c0,ce,2.2578874701977334
RDC104,p080_amb_c0,bst,2.3195385021693955
RDC105,p080_amb_c0,ce,-0.8867049474973108
RDC105,p080_amb_c0,bst,0.21644019731986752
RDC106,p080_amb_c0,ce,1.2617553294321062
RDC106,p080_amb_c0,bst,-0.2438352045109368
RDC107,p080_amb_c0,ce,-0.385005286563489
RDC107,p080_amb_c0,bst,-2.0752562214098695
RDC109,p080_amb_c0,ce,-1.6366981272922516
RDC109,p080_amb_c0,bst,0.367465756800659
RDC110,p080_amb_c0,ce,-1.2212439204513683
RDC110,p080_amb_c0,bst,-0.5368022044400198
RDC111,p080_amb_c0,ce,0.30081248702504115
RDC111,p080_amb_c0,bst,-0.7231267374918541
RDC113,p080_amb_c0,ce,0.21004444433095334
RDC113,p080_amb_c0,bst,0.6670302307857531
RDC116,p080_amb_c0,ce,1.9057271148287356
RDC116,p080_amb_c0,bst,-2.2342498229161225
RDC117,p080_amb_c0,ce,0.7600583135571335
RDC117,p080_amb_c0,bst,-2.4755937848634644
RDC120,p080_amb_c0,ce,-1.3487063276127016
RDC120,p080_amb_c0,bst,-1.4686006010038988
RDC125,p080_amb_c0,ce,-1.9814969614900497
RDC125,p080_amb_c0,bst,0.18291288590245794
RDC126,p080_amb_c0,ce,0.6193929615209268
RDC126,p080_amb_c0,bst,-1.3082367655274898
RDC127,p080_amb_c0,ce,0.249360296534216
RDC127,p080_amb_c0,bst,0.966034414941761
RDC128,p080_amb_c0,ce,-0.5287527410996746
RDC128,p080_amb_c0,bst,-0.8192931217272331
RDC129,p080_amb_c0,ce,1.0540836262940279
RDC129,p080_amb_c0,bst,1.2733783484372545
RDC130,p080_amb_c0,ce,-1.613207831808549
RDC130,p080_amb_c0,bst,-0.09452375200054249
RDC131,p080_amb_c0,ce,0.7153679258190297
RDC131,p080_amb_c0,bst,-1.6737075752527282
RDC132,p080_amb_c0,ce,0.8738169663174822
RDC132,p080_amb_c0,bst,-0.6634399867265303
RDC133,p080_amb_c0,ce,1.5748722739888752
RDC133,p080_amb_c0,bst,-1.5739741484365701
RDC134,p080_amb_c0,ce,1.9427728477831423
RDC134,p080_amb_c0,bst,2.4294960824559726
RDC136,p080_amb_c0,ce,0.41526424184159993
RDC136,p080_amb_c0,bst,-0.3843159193588255
RDC137,p080_amb_c0,ce,0.388216108019576
RDC137,p080_amb_c0,bst,0.3032065575937779
RDC138,p080_amb_c0,ce,1.0849661604352114
RDC138,p080_amb_c0,bst,0.5552560721557758
RDC139,p080_amb_c0,ce,0.5499970902136545
RDC139,p080_amb_c0,bst,-0.8476496127684742
RDC141,p080_amb_c0,ce,2.0715015330074724
RDC141,p080_amb_c0,bst,0.43559515906929985
RDC143,p080_amb_c0,ce,-1.6090095008949377
RDC143,p080_amb_c0,bst,-3.002526340880751
RDC144,p080_amb_c0,ce,1.2521902861772667
RDC144,p080_amb_c0,bst,1.247501762422581
RDC145,p080_amb_c0,ce,0.9134697523238385
RDC145,p080_amb_c0,bst,0.7044660152085132
RDC146,p080_amb_c0,ce,-0.22028171570279392
RDC146,p080_amb_c0,bst,-0.08115248454075237
RDC147,p080_amb_c0,ce,-0.16194801554643598
RDC147,p080_amb_c0,bst,-1.9231738559795886
RDC152,p080_amb_c0,ce,0.5139649275962973
RDC152,p080_amb_c0,bst,-0.7882798403866854
RDC153,p080_amb_c0,ce,0.8312438764015883
RDC153,p080_amb_c0,bst,-0.91596736091244
RDC154,p080_amb_c0,ce,-1.5167211895366957
RDC154,p080_amb_c0,bst,0.3851706376762219
RDC156,p080_amb_c0,ce,0.26961429524441227
RDC156,p080_amb_c0,bst,0.3486248255276587
RDC157,p080_amb_c0,ce,-0.10206207059614222
RDC157,p080_amb_c0,bst,1.8633741342703
RDC159,p080_amb_c0,ce,0.33386277268482983
RDC159,p080_amb_c0,bst,-1.7887845860759082
RDC161,p080_amb_c0,ce,-0.06755489039428021
RDC161,p080_amb_c0,bst,-0.5128778836576258
RDC164,p080_amb_c0,ce,-1.5315172082792012
RDC164,p080_amb_c0,bst,2.0292780187290913
RDC165,p080_amb_c0,ce,0.2252681123457501
RDC165,p080_amb_c0,bst,-0.8844573513255295
RDC167,p080_amb_c0,ce,0.15353316388630747
RDC167,p080_amb_c0,bst,0.4961600422337933
RDC171,p080_amb_c0,ce,1.1824005244437483
RDC171,p080_amb_c0,bst,0.34207149161424955
RDC172,p080_amb_c0,ce,1.4917996292948006
RDC172,p080_amb_c0,bst,3.31085861382349
RDC174,p080_amb_c0,ce,0.5917761280434245
RDC174,p080_amb_c0,bst,-0.04472173273678245
RDC175,p080_amb_c0,ce,-0.13371483090327307
RDC175,p080_amb_c0,bst,0.23263373132776333
RDC176,p080_amb_c0,ce,-0.8741053792703452
RDC176,p080_amb_c0,bst,-1.9772838414586051
RDC177,p080_amb_c0,ce,0.053476411680667496
RDC177,p080_amb_c0,bst,-0.5830855969304919
RDC178,p080_amb_c0,ce,-0.05738117702761042
RDC178,p080_amb_c0,bst,-1.392950708906595
RDC180,p080_amb_c0,ce,-0.3312067802556116
RDC180,p080_amb_c0,bst,-1.1313390244742518
RDC183,p080_amb_c0,ce,0.5478278632739025
RDC183,p080_amb_c0,bst,-0.026034337742068942
RDC184,p080_amb_c0,ce,0.6923686902437322
RDC184,p080_amb_c0,bst,-1.2627331326049884
RDC186,p080_amb_c0,ce,1.3525030143047665
RDC186,p080_amb_c0,bst,2.0468776608781463
RDC189,p080_amb_c0,ce,0.6262543957871906
RDC189,p080_amb_c0,bst,0.35059428238277407
RDC190,p080_amb_c0,ce,1.6114198163577753
RDC190,p080_amb_c0,bst,3.515597079280552
RDC192,p080_amb_c0,ce,-0.535354618647709
RDC192,p080_amb_c0,bst,0.33700024371294174
RDC193,p080_amb_c0,ce,0.8496343962284754
RDC193,p080_amb_c0,bst,-0.267336211461724
RDC195,p080_amb_c0,ce,-0.32377409764145443
RDC195,p080_amb_c0,bst,-1.746953899543558
RDC196,p080_amb_c0,ce,-0.21559298869134863
RDC196,p080_amb_c0,bst,1.452990427534753
RDC198,p080_amb_c0,ce,-0.7736904555951875
RDC198,p080_amb_c0,bst,1.1222943200088624
RDC200,p080_amb_c0,ce,2.0945316391896616
RDC200,p080_amb_c0,bst,-0.19454968730303734
RDC202,p080_amb_c0,ce,-2.0113766702053812
RDC202,p080_amb_c0,bst,-1.9746567642704094
RDC203,p080_amb_c0,ce,-1.1421621154874428
RDC203,p080_amb_c0,bst,-0.8127983527754766
RDC204,p080_amb_c0,ce,1.5378129911472624
RDC204,p080_amb_c0,bst,-0.17068260779393038
RDC207,p080_amb_c0,ce,0.20675900773677855
RDC207,p080_amb_c0,bst,0.5508947534310669
RDC208,p080_amb_c0,ce,1.6468297929656255
RDC208,p080_amb_c0,bst,0.5580269635494081
RDC209,p080_amb_c0,ce,0.4988315683877907
RDC209,p080_amb_c0,bst,-0.9237142221266791
RDC210,p080_amb_c0,ce,-0.638275771620395
RDC210,p080_amb_c0,bst,-2.5908104830119587
RDC211,p080_amb_c0,ce,-0.11215305278767823
RDC211,p080_amb_c0,bst,0.7631016266980755
RDC212,p080_amb_c0,ce,-1.561277692413281
RDC212,p080_amb_c0,bst,0.14247560188710814
RDC213,p080_amb_c0,ce,-0.1430924221438304
RDC213,p080_amb_c0,bst,-0.7161698594331481
RDC214,p080_amb_c0,ce,-3.7575270895485713
RDC214,p080_amb_c0,bst,-0.33871054954821783
RDC216,p080_amb_c0,ce,0.7282683833560996
RDC216,p080_amb_c0,bst,-1.2068125214360803
RDC217,p080_amb_c0,ce,-0.47399296058204005
RDC217,p080_amb_c0,bst,0.2747337607506103
RDC220,p080_amb_c0,ce,-0.5767926267389231
RDC220,p080_amb_c0,bst,-0.8340239055450458
RDC221,p080_amb_c0,ce,-0.9991058343988016
RDC221,p080_amb_c0,bst,-0.6348610741410781
RDC222,p080_amb_c0,ce,-0.8097771807862536
RDC222,p080_amb_c0,bst,0.05794895611975992
RDC225,p080_amb_c0,ce,-0.6094377902569393
RDC225,p080_amb_c0,bst,0.25823263719724704
RDC226,p080_amb_c0,ce,-1.3010426617218545
RDC226,p080_amb_c0,bst,-2.0482436171221408
RDC227,p080_amb_c0,ce,-1.9529700900798095
RDC227,p080_amb_c0,bst,-1.8679979022151618
RDC228,p080_amb_c0,ce,-0.32456212003861246
RDC228,p080_amb_c0,bst,-1.5178537934290757
RDC229,p080_amb_c0,ce,-0.4056974181011201
RDC229,p080_amb_c0,bst,-0.9389675288393429
RDC230,p080_amb_c0,ce,-0.5892223446568677
RDC230,p080_amb_c0,bst,-1.1050076482249451
RDC231,p080_amb_c0,ce,0.5183794853354231
RDC231,p080_amb_c0,bst,1.269698941323245
RDC232,p080_amb_c0,ce,-0.9830123390221169
RDC232,p080_amb_c0,bst,0.3945184893300535
RDC233,p080_amb_c0,ce,0.05831906910833385
RDC233,p080_amb_c0,bst,-2.22366428109849
RDC234,p080_amb_c0,ce,-0.051540435552503705
RDC234,p080_amb_c0,bst,1.3777599097180717
RDC235,p080_amb_c0,ce,0.18992832002506455
RDC235,p080_amb_c0,bst,-1.416641384189531
RDC236,p080_amb_c0,ce,-0.25496791095968485
RDC236,p080_amb_c0,bst,1.3477217331988653
RDC237,p080_amb_c0,ce,-0.05807970396275401
RDC237,p080_amb_c0,bst,1.041023767714437
RDC238,p080_amb_c0,ce,1.6681721341680213
RDC238,p080_amb_c0,bst,1.4741820796828513
RDC243,p080_amb_c0,ce,-0.5836959158565056
RDC243,p080_amb_c0,bst,-1.7121177676343116
RDC244,p080_amb_c0,ce,1.2241590369480526
RDC244,p080_amb_c0,bst,0.5133580755621694
RDC246,p080_amb_c0,ce,-2.3954044007602215
RDC246,p080_amb_c0,bst,-0.6435849686504851
RDC247,p080_amb_c0,ce,1.0508964893481962
RDC247,p080_amb_c0,bst,0.751661673755942
RDC248,p080_amb_c0,ce,1.2011230884693602
RDC248,p080_amb_c0,bst,-2.378681095956604
RDC249,p080_amb_c0,ce,-0.20984356660958128
RDC249,p080_amb_c0,bst,1.546017534502443
RDC250,p080_amb_c0,ce,-1.7621180731664772
RDC250,p080_amb_c0,bst,-0.33341290857595024
RDC259,p080_amb_c0,ce,-0.5530375524523948
RDC259,p080_amb_c0,bst,-0.6641719649791277
RDC261,p080_amb_c0,ce,-0.671928314128712
RDC261,p080_amb_c0,bst,-0.8649980459519413
RDC263,p080_amb_c0,ce,0.6138943403145763
RDC263,p080_amb_c0,bst,-1.3833951836610676
RDC102,p080_c0,ce,0.6440246120364911
RDC102,p080_c0,bst,0.39119348587406105
RDC104,p080_c0,ce,-0.23812806484045215
RDC104,p080_c0,bst,0.7518381088040907
RDC105,p080_c0,ce,0.8334776544106124
RDC105,p080_c0,bst,1.0045611273370865
RDC106,p080_c0,ce,-0.41621127410051567
RDC106,p080_c0,bst,-0.7661396120204841
RDC107,p080_c0,ce,-0.049039291994187086
RDC107,p080_c0,bst,-0.1526404299936196
RDC109,p080_c0,ce,0.991780936938164
RDC109,p080_c0,bst,-0.14291929969523123
RDC110,p080_c0,ce,-0.05558945602505882
RDC110,p080_c0,bst,0.19286816030139975
RDC111,p080_c0,ce,-0.048316259100529536
RDC111,p080_c0,bst,-0.10958535218560601
RDC113,p080_c0,ce,0.8350644405779031
RDC113,p080_c0,bst,0.5723337178941631
RDC116,p080_c0,ce,-0.25660581670384175
RDC116,p080_c0,bst,0.45792653953482193
RDC117,p080_c0,ce,-0.7120932945087366
RDC117,p080_c0,bst,-0.35588896640444534
RDC120,p080_c0,ce,0.07327977034570109
RDC120,p080_c0,bst,0.8936857765596331
RDC125,p080_c0,ce,-0.10924370760955632
RDC125,p080_c0,bst,-0.43079197902943916
RDC126,p080_c0,ce,0.056749441935206965
RDC126,p080_c0,bst,-0.21613419527425806
RDC127,p080_c0,ce,0.6349399503995586
RDC127,p080_c0,bst,0.798542375677418
RDC128,p080_c0,ce,-0.4188378137856292
RDC128,p080_c0,bst,-0.18852750454773415
RDC129,p080_c0,ce,0.034985096422774614
RDC129,p080_c0,bst,-0.6558656223120726
RDC130,p080_c0,ce,-0.6322818060661799
RDC130,p080_c0,bst,0.3207010920307272
RDC131,p080_c0,ce,-0.14242042051003415
RDC131,p080_c0,bst,-0.01220046802408814
RDC132,p080_c0,ce,-0.03732117789719642
RDC132,p080_c0,bst,0.47605687009311154
RDC133,p080_c0,ce,-0.002792063674790866
RDC133,p080_c0,bst,-0.21379816761629167
RDC134,p080_c0,ce,0.05727267647947555
RDC134,p080_c0,bst,0.6702388488366767
RDC136,p080_c0,ce,0.13037156599591235
RDC136,p080_c0,bst,0.43167650527532714
RDC137,p080_c0,ce,-0.24730739925257672
RDC137,p080_c0,bst,-0.46368428405257806
RDC138,p080_c0,ce,-0.09515658073883436
RDC138,p080_c0,bst,0.39147953773082583
RDC139,p080_c0,ce,0.23952477851968915
RDC139,p080_c0,bst,-0.09793574974848274
RDC141,p080_c0,ce,0.5058201753959662
RDC141,p080_c0,bst,-0.062206345452259525
RDC143,p080_c0,ce,-0.3644766766130788
RDC143,p080_c0,bst,0.05385598308155504
RDC144,p080_c0,ce,0.20966571691073083
RDC144,p080_c0,bst,0.06106418406463469
RDC145,p080_c0,ce,0.06258111441172534
RDC145,p080_c0,bst,0.9839750904575016
RDC146,p080_c0,ce,-0.7893951906186845
RDC146,p080_c0,bst,0.12727699288908031
RDC147,p080_c0,ce,0.03835715243849097
RDC147,p080_c0,bst,-0.22919570820581384
RDC152,p080_c0,ce,-0.9826657604014771
RDC152,p080_c0,bst,-0.5085507519143305
RDC153,p080_c0,ce,0.2173329168787248
RDC153,p080_c0,bst,0.6874280374960368
RDC154,p080_c0,ce,0.689833505110856
RDC154,p080_c0,bst,-0.5700169322562512
RDC156,p080_c0,ce,-0.8508444989199543
RDC156,p080_c0,bst,-0.04793427458615348
RDC157,p080_c0,ce,0.25045314415471415
RDC157,p080_c0,bst,0.6531973265419786
RDC159,p080_c0,ce,0.20496291582603798
RDC159,p080_c0,bst,0.9177380672834676
RDC161,p080_c0,ce,-0.09181291934813426
RDC161,p080_c0,bst,-0.10589761608715535
RDC164,p080_c0,ce,0.31586429972666746
RDC164,p080_c0,bst,-0.4094232950081614
RDC165,p080_c0,ce,1.0281531763950857
RDC165,p080_c0,bst,-0.30689270996276047
RDC167,p080_c0,ce,-0.19135224034905468
RDC167,p080_c0,bst,-0.1647953094773156
RDC171,p080_c0,ce,0.5174417830767783
RDC171,p080_c0,bst,0.35595228334081996
RDC172,p080_c0,ce,0.12486587529927134
RDC172,p080_c0,bst,-0.5741433844117292
RDC174,p080_c0,ce,-0.3208880462119802
RDC174,p080_c0,bst,0.10556884144256369
RDC175,p080_c0,ce,-1.275080307920031
RDC175,p080_c0,bst,0.04590971947632853
RDC176,p080_c0,ce,0.2766368494138353
RDC176,p080_c0,bst,-1.0177423251523834
RDC177,p080_c0,ce,-0.49168679066819065
RDC177,p080_c0,bst,-0.9815640782877249
RDC178,p080_c0,ce,0.07844869624873779
RDC178,p080_c0,bst,-0.06434338461692023
RDC180,p080_c0,ce,0.16316178040908297
RDC180,p080_c0,bst,-0.22105294431214795
RDC183,p080_c0,ce,0.5367774556955198
RDC183,p080_c0,bst,0.4216786954648904
RDC184,p080_c0,ce,-0.15874072085299232
RDC184,p080_c0,bst,-0.04215535815805401
RDC186,p080_c0,ce,0.32495772325014594
RDC186,p080_c0,bst,-0.15208920508416954
RDC189,p080_c0,ce,-0.2398316492004351
RDC189,p080_c0,bst,0.23624399221370865
RDC190,p080_c0,ce,0.2836345676093869
RDC190,p080_c0,bst,0.42953607919033243
RDC192,p080_c0,ce,0.2569644746917115
RDC192,p080_c0,bst,-0.1303472419434125
RDC193,p080_c0,ce,-0.10880956831700184
RDC193,p080_c0,bst,-0.1114796157209092
RDC195,p080_c0,ce,-0.3469551437739665
RDC195,p080_c0,bst,0.4307389715319268
RDC196,p080_c0,ce,-0.22320892245841736
RDC196,p080_c0,bst,0.3055627435690507
RDC198,p080_c0,ce,-0.4109146255184071
RDC198,p080_c0,bst,0.1866997192734814
RDC200,p080_c0,ce,0.6843242124488991
RDC200,p080_c0,bst,0.4793396636859311
RDC202,p080_c0,ce,1.0291600268767656
RDC202,p080_c0,bst,-0.3808072251099672
RDC203,p080_c0,ce,0.16493274362393748
RDC203,p080_c0,bst,-0.8751422138723837
RDC204,p080_c0,ce,0.29911080486179115
RDC204,p080_c0,bst,-0.8592089104953337
RDC207,p080_c0,ce,0.5370799767271859
RDC207,p080_c0,bst,0.8783865126629905
RDC208,p080_c0,ce,0.027094468384904858
RDC208,p080_c0,bst,0.16364828895382721
RDC209,p080_c0,ce,-0.21695967336460775
RDC209,p080_c0,bst,0.23027741803058732
RDC210,p080_c0,ce,-0.6541435708220605
RDC210,p080_c0,bst,-0.26567056291198216
RDC211,p080_c0,ce,0.25352763151863034
RDC211,p080_c0,bst,-0.29135517590175103
RDC212,p080_c0,ce,-0.5190946859761338
RDC212,p080_c0,bst,-0.08962859876268843
RDC213,p080_c0,ce,-0.700224417919194
RDC213,p080_c0,bst,0.5443853871792365
RDC214,p080_c0,ce,0.6784711632143218
RDC214,p080_c0,bst,0.12590046314988243
RDC216,p080_c0,ce,0.34520957460202895
RDC216,p080_c0,bst,-0.06420843852172538
RDC217,p080_c0,ce,0.07941630117306517
RDC217,p080_c0,bst,-0.8144203675473017
RDC220,p080_c0,ce,-0.6006865715063398
RDC220,p080_c0,bst,-0.5902330199774123
RDC221,p080_c0,ce,-0.1758559389268953
RDC221,p080_c0,bst,-0.32252733304258163
RDC222,p080_c0,ce,0.3612771363720348
RDC222,p080_c0,bst,0.7730921951800251
RDC225,p080_c0,ce,-0.4862431773946077
RDC225,p080_c0,bst,0.22853178838932733
RDC226,p080_c0,ce,0.0751019239998054
RDC226,p080_c0,bst,-0.6977412999898629
RDC227,p080_c0,ce,-0.10635112429214695
RDC227,p080_c0,bst,0.5338192192988013
RDC228,p080_c0,ce,0.3352137214275908
RDC228,p080_c0,bst,0.8709820811942658
RDC229,p080_c0,ce,-0.10001173697591215
RDC229,p080_c0,bst,-0.7252355990821663
RDC230,p080_c0,ce,0.36675770517277434
RDC230,p080_c0,bst,0.1784443978067424
RDC231,p080_c0,ce,0.4902635475047319
RDC231,p080_c0,bst,0.11388986791213677
RDC232,p080_c0,ce,0.018390911342530073
RDC232,p080_c0,bst,0.13317434652154528
RDC233,p080_c0,ce,-0.10907381714464605
RDC233,p080_c0,bst,-0.2809569597582804
RDC234,p080_c0,ce,0.3738213623264062
RDC234,p080_c0,bst,-0.4667229535606359
RDC235,p080_c0,ce,-0.5604946536426749
RDC235,p080_c0,bst,-0.1076067300954558
RDC236,p080_c0,ce,-0.9329131322427312
RDC236,p080_c0,bst,-1.0271854471995976
RDC237,p080_c0,ce,-0.10370690779929606
RDC237,p080_c0,bst,0.011302251249604675
RDC238,p080_c0,ce,0.045753525440292916
RDC238,p080_c0,bst,-0.34255937501648664
RDC243,p080_c0,ce,0.15248725775617333
RDC243,p080_c0,bst,-0.017288116094866895
RDC244,p080_c0,ce,-0.5748447957937782
RDC244,p080_c0,bst,-0.24577719929101316
RDC246,p080_c0,ce,0.16200626776034374
RDC246,p080_c0,bst,-0.2325192692130743
RDC247,p080_c0,ce,0.26032917745587436
RDC247,p080_c0,bst,0.04543179277730867
RDC248,p080_c0,ce,0.23685943502329676
RDC248,p080_c0,bst,-0.2623555849179687
RDC249,p080_c0,ce,-0.006896410147792947
RDC249,p080_c0,bst,-0.29693173132497347
RDC250,p080_c0,ce,-0.1292120332476062
RDC250,p080_c0,bst,0.498398620951249
RDC259,p080_c0,ce,0.5541774514822875
RDC259,p080_c0,bst,0.6704370678731847
RDC261,p080_c0,ce,-0.24688480332866902
RDC261,p080_c0,bst,-0.17912140690157544
RDC263,p080_c0,ce,0.28595225632901367
RDC263,p080_c0,bst,0.4270054304750506
RDC102,p085_amb_c0,ce,-0.29314373060572857
RDC102,p085_amb_c0,bst,-0.05125232218949551
RDC104,p085_amb_c0,ce,1.114976971276567
RDC104,p085_amb_c0,bst,1.1586532504797011
RDC105,p085_amb_c0,ce,0.5463609705382477
RDC105,p085_amb_c0,bst,-0.43399839508309923
RDC106,p085_amb_c0,ce,-0.7567034572495634
RDC106,p085_amb_c0,bst,-2.3990525789717325
RDC107,p085_amb_c0,ce,0.8085483494368727
RDC107,p085_amb_c0,bst,-0.2782913657754457
RDC109,p085_amb_c0,ce,-2.059245858585071
RDC109,p085_amb_c0,bst,1.6198585876665053
RDC110,p085_amb_c0,ce,0.07840293974930819
RDC110,p085_amb_c0,bst,-1.6498650674835045
RDC111,p085_amb_c0,ce,1.2852332428717048
RDC111,p085_amb_c0,bst,-1.171846322002616
RDC113,p085_amb_c0,ce,0.576543134337935
RDC113,p085_amb_c0,bst,-0.3109697676241914
RDC116,p085_amb_c0,ce,-0.08959383891260848
RDC116,p085_amb_c0,bst,-0.3112995546486122
RDC117,p085_amb_c0,ce,-0.1568262996225238
RDC117,p085_amb_c0,bst,-0.607998341148369
RDC120,p085_amb_c0,ce,-0.8849397312983672
RDC120,p085_amb_c0,bst,-0.8738121886776057
RDC125,p085_amb_c0,ce,-0.2698714099984933
RDC125,p085_amb_c0,bst,-0.49232551560143917
RDC126,p085_amb_c0,ce,0.4677127513426181
RDC126,p085_amb_c0,bst,-0.20464594182519738
RDC127,p085_amb_c0,ce,0.15537680071915969
RDC127,p085_amb_c0,bst,-0.47552404645195584
RDC128,p085_amb_c0,ce,-2.9806842164419014
RDC128,p085_amb_c0,bst,-1.7379149600852306
RDC129,p085_amb_c0,ce,-0.05461322072953778
RDC129,p085_amb_c0,bst,0.08302192943659525
RDC130,p085_amb_c0,ce,-4.530921306823813
RDC130,p085_amb_c0,bst,-4.032451883756
RDC131,p085_amb_c0,ce,2.834607052361118
RDC131,p085_amb_c0,bst,0.9927766548028503
RDC132,p085_amb_c0,ce,1.0687151237351131
RDC132,p085_amb_c0,bst,-0.6694152260782483
RDC133,p085_amb_c0,ce,-0.04679347286478178
RDC133,p085_amb_c0,bst,1.4294460448493698
RDC134,p085_amb_c0,ce,0.5688276474899748
RDC134,p085_amb_c0,bst,0.568159099015622
RDC136,p085_amb_c0,ce,-0.6547122946358216
RDC136,p085_amb_c0,bst,1.5178177897294176
RDC137,p085_amb_c0,ce,2.3195599840710517
RDC137,p085_amb_c0,bst,0.26314130245079215
RDC138,p085_amb_c0,ce,0.5917830928431835
RDC138,p085_amb_c0,bst,-0.45714707547865324
RDC139,p085_amb_c0,ce,-0.3002947219013133
RDC139,p085_amb_c0,bst,-0.9115618935212764
RDC141,p085_amb_c0,ce,-0.712540906345258
RDC141,p085_amb_c0,bst,-1.7675715491056645
RDC143,p085_amb_c0,ce,0.019768659264644987
RDC143,p085_amb_c0,bst,-1.4035116769680427
RDC144,p085_amb_c0,ce,-1.5934428484374878
RDC144,p085_amb_c0,bst,-0.875102959144297
RDC145,p085_amb_c0,ce,-0.9970428004828228
RDC145,p085_amb_c0,bst,1.0759141902717422
RDC146,p085_amb_c0,ce,-1.7881331473677007
RDC146,p085_amb_c0,bst,-0.2410312833668328
RDC147,p085_amb_c0,ce,1.0958830579290257
RDC147,p085_amb_c0,bst,-0.6239790426381524
RDC152,p085_amb_c0,ce,-0.5120750806591243
RDC152,p085_amb_c0,bst,-0.34221747865599
RDC153,p085_amb_c0,ce,1.0032422303048925
RDC153,p085_amb_c0,bst,0.8090735192931812
RDC154,p085_amb_c0,ce,0.8563819288686164
RDC154,p085_amb_c0,bst,-2.0552251337333485
RDC156,p085_amb_c0,ce,-1.6094559698956554
RDC156,p085_amb_c0,bst,1.5935085200951373
RDC157,p085_amb_c0,ce,0.22230577374994023
RDC157,p085_amb_c0,bst,0.0773259130984139
RDC159,p085_amb_c0,ce,-0.47664445249617166
RDC159,p085_amb_c0,bst,-0.6691290463712192
RDC161,p085_amb_c0,ce,0.6778317489524827
RDC161,p085_amb_c0,bst,0.5985125708445027
RDC164,p085_amb_c0,ce,1.7080849008665588
RDC164,p085_amb_c0,bst,0.2094750593395551
RDC165,p085_amb_c0,ce,-2.4994087847193884
RDC165,p085_amb_c0,bst,-0.5915378176823293
RDC167,p085_amb_c0,ce,-0.0024986838620545578
RDC167,p085_amb_c0,bst,0.5188229083293522
RDC171,p085_amb_c0,ce,-0.8332191437326398
RDC171,p085_amb_c0,bst,0.4275302485342989
RDC172,p085_amb_c0,ce,-0.13607527051740032
RDC172,p085_amb_c0,bst,1.0996833532547754
RDC174,p085_amb_c0,ce,-1.9056128471777716
RDC174,p085_amb_c0,bst,-0.3304142243968666
RDC175,p085_amb_c0,ce,-1.8150973282515899
RDC175,p085_amb_c0,bst,-1.326238655119362
RDC176,p085_amb_c0,ce,-1.30318940453976
RDC176,p085_amb_c0,bst,1.1856425454097124
RDC177,p085_amb_c0,ce,-1.4038228516225304
RDC177,p085_amb_c0,bst,2.030746554620452
RDC178,p085_amb_c0,ce,0.6240564630523519
RDC178,p085_amb_c0,bst,-2.930532327200312
RDC180,p085_amb_c0,ce,-0.899983633655948
RDC180,p085_amb_c0,bst,0.02940096732361382
RDC183,p085_amb_c0,ce,0.8985048867197923
RDC183,p085_amb_c0,bst,0.1682821754019274
RDC184,p085_amb_c0,ce,-0.724623030793461
RDC184,p085_amb_c0,bst,0.10760120897448888
RDC186,p085_amb_c0,ce,-0.2730368254598682
RDC186,p085_amb_c0,bst,0.32111112190329
RDC189,p085_amb_c0,ce,0.047844853433565385
RDC189,p085_amb_c0,bst,0.18797937827673702
RDC190,p085_amb_c0,ce,-2.0085789965860963
RDC190,p085_amb_c0,bst,-1.6084656377219535
RDC192,p085_amb_c0,ce,0.14456360943605748
RDC192,p085_amb_c0,bst,-0.07740219399821387
RDC193,p085_amb_c0,ce,0.3291044934754994
RDC193,p085_amb_c0,bst,-0.26515640807882007
RDC195,p085_amb_c0,ce,-1.268325599959364
RDC195,p085_amb_c0,bst,-2.165358172726543
RDC196,p085_amb_c0,ce,0.5789259465486649
RDC196,p085_amb_c0,bst,2.275218204269556
RDC198,p085_amb_c0,ce,-0.07069400446026883
RDC198,p085_amb_c0,bst,2.26156829432621
RDC200,p085_amb_c0,ce,-0.13892384787151096
RDC200,p085_amb_c0,bst,0.5916603650535001
RDC202,p085_amb_c0,ce,0.5830236407658729
RDC202,p085_amb_c0,bst,0.7734351448609441
RDC203,p085_amb_c0,ce,0.011622556421721771
RDC203,p085_amb_c0,bst,0.8730940599596435
RDC204,p085_amb_c0,ce,-0.339539151127611
RDC204,p085_amb_c0,bst,0.07859490490576586
RDC207,p085_amb_c0,ce,-0.29301535017218294
RDC207,p085_amb_c0,bst,1.2454400213799905
RDC208,p085_amb_c0,ce,-0.4788255963187706
RDC208,p085_amb_c0,bst,-0.9268473829318689
RDC209,p085_amb_c0,ce,1.5407834627185668
RDC209,p085_amb_c0,bst,1.471772874008068
RDC210,p085_amb_c0,ce,1.6031183181813105
RDC210,p085_amb_c0,bst,2.8630463538365922
RDC211,p085_amb_c0,ce,-0.2354650574774149
RDC211,p085_amb_c0,bst,0.9994735677644365
RDC212,p085_amb_c0,ce,0.5758105044343385
RDC212,p085_amb_c0,bst,-0.038282646790077125
RDC213,p085_amb_c0,ce,0.28271870368039914
RDC213,p085_amb_c0,bst,1.8430590590968883
RDC214,p085_amb_c0,ce,-0.7851525877887193
RDC214,p085_amb_c0,bst,-0.5840139316153424
RDC216,p085_amb_c0,ce,0.3040600864336543
RDC216,p085_amb_c0,bst,-0.2559535360238218
RDC217,p085_amb_c0,ce,-0.11285758060154844
RDC217,p085_amb_c0,bst,0.4895810794185413
RDC220,p085_amb_c0,ce,-0.4972904460568396
RDC220,p085_amb_c0,bst,0.6317261404295945
RDC221,p085_amb_c0,ce,0.07672367154234762
RDC221,p085_amb_c0,bst,-0.9880164678637019
RDC222,p085_amb_c0,ce,-1.2029951519749347
RDC222,p085_amb_c0,bst,-1.5289476202240413
RDC225,p085_amb_c0,ce,-0.8326028925040976
RDC225,p085_amb_c0,bst,0.08476786992449115
RDC226,p085_amb_c0,ce,0.7045866121225057
RDC226,p085_amb_c0,bst,-0.110852056609218
RDC227,p085_amb_c0,ce,0.9605347685162607
RDC227,p085_amb_c0,bst,1.9788164736017466
RDC228,p085_amb_c0,ce,-0.6487975168711233
RDC228,p085_amb_c0,bst,-0.09806067193199415
RDC229,p085_amb_c0,ce,1.005902990304293
RDC229,p085_amb_c0,bst,-0.6983714941653701
RDC230,p085_amb_c0,ce,0.30088965619406716
RDC230,p085_amb_c0,bst,-1.8728468452547655
RDC231,p085_amb_c0,ce,0.21627222016157957
RDC231,p085_amb_c0,bst,-0.19244461984563435
RDC232,p085_amb_c0,ce,0.0397514183414584
RDC232,p085_amb_c0,bst,-0.7537937610943516
RDC233,p085_amb_c0,ce,1.427605331087908
RDC233,p085_amb_c0,bst,0.5374001724486519
RDC234,p085_amb_c0,ce,1.4451885543439829
RDC234,p085_amb_c0,bst,-0.38835400874944465
RDC235,p085_amb_c0,ce,-0.33315555930651736
RDC235,p085_amb_c0,bst,-0.9415446676564829
RDC236,p085_amb_c0,ce,0.11313960989053222
RDC236,p085_amb_c0,bst,-0.3272486106379868
RDC237,p085_amb_c0,ce,-0.3083963036750892
RDC237,p085_amb_c0,bst,-0.39695377725464853
RDC238,p085_amb_c0,ce,0.48577941747302383
RDC238,p085_amb_c0,bst,-0.30301766714284084
RDC243,p085_amb_c0,ce,0.283966996392882
RDC243,p085_amb_c0,bst,-0.6350877816068354
RDC244,p085_amb_c0,ce,0.48174438437144684
RDC244,p085_amb_c0,bst,3.0825486020409785
RDC246,p085_amb_c0,ce,3.4036177333286797
RDC246,p085_amb_c0,bst,-0.805280005281937
RDC247,p085_amb_c0,ce,-0.34326946206591513
RDC247,p085_amb_c0,bst,4.6810301659241125
RDC248,p085_amb_c0,ce,-0.46306852028456463
RDC248,p085_amb_c0,bst,1.0811597825636012
RDC249,p085_amb_c0,ce,0.07599513948893086
RDC249,p085_amb_c0,bst,-0.5408944768393718
RDC250,p085_amb_c0,ce,0.6772455843463847
RDC250,p085_amb_c0,bst,1.3578334719937963
RDC259,p085_amb_c0,ce,0.3735754918641467
RDC259,p085_amb_c0,bst,1.281391637920749
RDC261,p085_amb_c0,ce,-0.5857175062308005
RDC261,p085_amb_c0,bst,-0.06311919549458118
RDC263,p085_amb_c0,ce,0.4994916270370483
RDC263,p085_amb_c0,bst,0.06679695268601032
RDC102,p090_amb_c0,ce,-0.3686863761067251
RDC102,p090_amb_c0,bst,2.6551659545251853
RDC104,p090_amb_c0,ce,-1.5655633854695912
RDC104,p090_amb_c0,bst,0.01606703983585415
RDC105,p090_amb_c0,ce,1.248907993534172
RDC105,p090_amb_c0,bst,-2.746556913032349
RDC106,p090_amb_c0,ce,0.23504834715101938
RDC106,p090_amb_c0,bst,0.13819010196331064
RDC107,p090_amb_c0,ce,1.2284056355621646
RDC107,p090_amb_c0,bst,1.3730861784643054
RDC109,p090_amb_c0,ce,0.8251756942294216
RDC109,p090_amb_c0,bst,-0.5921432325077858
RDC110,p090_amb_c0,ce,0.4923715654827598
RDC110,p090_amb_c0,bst,0.4465399729792596
RDC111,p090_amb_c0,ce,0.693559773509452
RDC111,p090_amb_c0,bst,1.9381498266616342
RDC113,p090_amb_c0,ce,-0.32560537932472783
RDC113,p090_amb_c0,bst,0.9677172189546566
RDC116,p090_amb_c0,ce,0.35639721716131184
RDC116,p090_amb_c0,bst,1.2113774322630075
RDC117,p090_amb_c0,ce,-1.670048254711077
RDC117,p090_amb_c0,bst,-1.6678645469205373
RDC120,p090_amb_c0,ce,0.5139085848905388
RDC120,p090_amb_c0,bst,0.9434986761838449
RDC125,p090_amb_c0,ce,-0.10720371234656408
RDC125,p090_amb_c0,bst,-0.3702462058451308
RDC126,p090_amb_c0,ce,-2.67325333867634
RDC126,p090_amb_c0,bst,-0.2502440813107703
RDC127,p090_amb_c0,ce,-0.9688434351315883
RDC127,p090_amb_c0,bst,-1.7901632310406719
RDC128,p090_amb_c0,ce,0.3493636292968037
RDC128,p090_amb_c0,bst,-0.9498810258481782
RDC129,p090_amb_c0,ce,-0.4605117112721744
RDC129,p090_amb_c0,bst,-0.7818645407392971
RDC130,p090_amb_c0,ce,-0.5986415059331368
RDC130,p090_amb_c0,bst,1.089527895507396
RDC131,p090_amb_c0,ce,0.4955195089099357
RDC131,p090_amb_c0,bst,-1.0503176472289903
RDC132,p090_amb_c0,ce,-0.986316917175268
RDC132,p090_amb_c0,bst,1.2073646341779063
RDC133,p090_amb_c0,ce,-0.5207451424761289
RDC133,p090_amb_c0,bst,0.6404398611213443
RDC134,p090_amb_c0,ce,-2.674983928919724
RDC134,p090_amb_c0,bst,-2.0911443362921722
RDC136,p090_amb_c0,ce,-0.7686415850362697
RDC136,p090_amb_c0,bst,-0.6987325631612382
RDC137,p090_amb_c0,ce,0.6072142863433697
RDC137,p090_amb_c0,bst,0.36520838990385407
RDC138,p090_amb_c0,ce,-2.71658349669241
RDC138,p090_amb_c0,bst,1.3077411069005629
RDC139,p090_amb_c0,ce,-0.564561358429084
RDC139,p090_amb_c0,bst,-1.0132154177282648
RDC141,p090_amb_c0,ce,2.995934257754055
RDC141,p090_amb_c0,bst,-0.04833271798588967
RDC143,p090_amb_c0,ce,-0.9031663583181884
RDC143,p090_amb_c0,bst,1.0365493312286553
RDC144,p090_amb_c0,ce,-0.14951944997019084
RDC144,p090_amb_c0,bst,1.1023201715448463
RDC145,p090_amb_c0,ce,-0.6436011709114651
RDC145,p090_amb_c0,bst,-1.8512345572534208
RDC146,p090_amb_c0,ce,0.30788498627450606
RDC146,p090_amb_c0,bst,-0.6638354189084733
RDC147,p090_amb_c0,ce,-0.5610707698774752
RDC147,p090_amb_c0,bst,-0.9957101192506378
RDC152,p090_amb_c0,ce,-1.0188442916104297
RDC152,p090_amb_c0,bst,0.9528142810888623
RDC153,p090_amb_c0,ce,-1.0302279504456096
RDC153,p090_amb_c0,bst,-0.47734233224387196
RDC154,p090_amb_c0,ce,0.016230580890600102
RDC154,p090_amb_c0,bst,0.6198506989247866
RDC156,p090_amb_c0,ce,-0.23297188271822
RDC156,p090_amb_c0,bst,0.039687935159326414
RDC157,p090_amb_c0,ce,-0.041644089499013416
RDC157,p090_amb_c0,bst,-0.03361241735473749
RDC159,p090_amb_c0,ce,-1.0457371730526221
RDC159,p090_amb_c0,bst,0.9898770152785495
RDC161,p090_amb_c0,ce,0.37944050429786186
RDC161,p090_amb_c0,bst,-0.1412340455031009
RDC164,p090_amb_c0,ce,0.5777332890722932
RDC164,p090_amb_c0,bst,-0.8415634900738954
RDC165,p090_amb_c0,ce,0.8198873447130285
RDC165,p090_amb_c0,bst,-1.1610084008975392
RDC167,p090_amb_c0,ce,-0.17830278642779418
RDC167,p090_amb_c0,bst,-0.5585155680390548
RDC171,p090_amb_c0,ce,-0.43727366893218667
RDC171,p090_amb_c0,bst,0.6707570365722345
RDC172,p090_amb_c0,ce,-1.3120728266654262
RDC172,p090_amb_c0,bst,-0.49148246641221255
RDC174,p090_amb_c0,ce,-0.03816207670761538
RDC174,p090_amb_c0,bst,1.7097885515352675
RDC175,p090_amb_c0,ce,2.079887468687719
RDC175,p090_amb_c0,bst,1.1277627972925488
RDC176,p090_amb_c0,ce,-0.42816953585381895
RDC176,p090_amb_c0,bst,0.5527946582150525
RDC177,p090_amb_c0,ce,-0.06825297056083098
RDC177,p090_amb_c0,bst,0.005670424760600756
RDC178,p090_amb_c0,ce,-1.1970315624075767
RDC178,p090_amb_c0,bst,-1.6627778319114608
RDC180,p090_amb_c0,ce,0.24198994621617476
RDC180,p090_amb_c0,bst,-0.1790349632364127
RDC183,p090_amb_c0,ce,-0.3558277656432073
RDC183,p090_amb_c0,bst,0.6042165092771746
RDC184,p090_amb_c0,ce,-0.08364004135444612
RDC184,p090_amb_c0,bst,-0.42141297886656104
RDC186,p090_amb_c0,ce,1.6152591542830712
RDC186,p090_amb_c0,bst,-0.39713121507111576
RDC189,p090_amb_c0,ce,0.8972061909659579
RDC189,p090_amb_c0,bst,0.13158223797981794
RDC190,p090_amb_c0,ce,0.6186275162651572
RDC190,p090_amb_c0,bst,0.054544779359626615
RDC192,p090_amb_c0,ce,0.41485841622802283
RDC192,p090_amb_c0,bst,-0.9250740526994609
RDC193,p090_amb_c0,ce,0.5717775225203766
RDC193,p090_amb_c0,bst,-0.1290493581928327
RDC195,p090_amb_c0,ce,-0.36730857333836203
RDC195,p090_amb_c0,bst,0.38891879538775437
RDC196,p090_amb_c0,ce,0.7037256688342483
RDC196,p090_amb_c0,bst,-3.474352820024278
RDC198,p090_amb_c0,ce,0.23898301634877714
RDC198,p090_amb_c0,bst,-0.016659081739208565
RDC200,p090_amb_c0,ce,-1.3581883068228695
RDC200,p090_amb_c0,bst,-0.5837132038311027
RDC202,p090_amb_c0,ce,1.3657350793895717
RDC202,p090_amb_c0,bst,-1.4156825590377082
RDC203,p090_amb_c0,ce,-0.4384887390532168
RDC203,p090_amb_c0,bst,-0.9123327438379264
RDC204,p090_amb_c0,ce,-1.4630243673492134
RDC204,p090_amb_c0,bst,1.9116674560059563
RDC207,p090_amb_c0,ce,0.39667276312679145
RDC207,p090_amb_c0,bst,-0.11816046134486664
RDC208,p090_amb_c0,ce,-1.272142842038936
RDC208,p090_amb_c0,bst,0.17861606304941566
RDC209,p090_amb_c0,ce,-0.45926985857695807
RDC209,p090_amb_c0,bst,-0.04641755117913084
RDC210,p090_amb_c0,ce,0.014326847822929385
RDC210,p090_amb_c0,bst,1.4316084078930544
RDC211,p090_amb_c0,ce,-1.0120570455657383
RDC211,p090_amb_c0,bst,-0.9911709300849368
RDC212,p090_amb_c0,ce,0.6510339950369604
RDC212,p090_amb_c0,bst,-1.4864793646526533
RDC213,p090_amb_c0,ce,2.1354477156225484
RDC213,p090_amb_c0,bst,-0.2382602940865901
RDC214,p090_amb_c0,ce,1.1795792072576077
RDC214,p090_amb_c0,bst,-0.030293130514152722
RDC216,p090_amb_c0,ce,1.2603665749636574
RDC216,p090_amb_c0,bst,1.6325067230568895
RDC217,p090_amb_c0,ce,0.37408825030686965
RDC217,p090_amb_c0,bst,-0.009320771201003941
RDC220,p090_amb_c0,ce,0.29011532708596205
RDC220,p090_amb_c0,bst,-0.6221358377041434
RDC221,p090_amb_c0,ce,0.813375115699494
RDC221,p090_amb_c0,bst,1.4529883979212244
RDC222,p090_amb_c0,ce,0.11129556074973629
RDC222,p090_amb_c0,bst,-0.3184442743942169
RDC225,p090_amb_c0,ce,-3.5150286693449706
RDC225,p090_amb_c0,bst,-0.6077888612662871
RDC226,p090_amb_c0,ce,0.7228095407326839
RDC226,p090_amb_c0,bst,-1.0458637635999386
RDC227,p090_amb_c0,ce,-0.34449581515020095
RDC227,p090_amb_c0,bst,-1.8055655254532492
RDC228,p090_amb_c0,ce,1.8569748929304044
RDC228,p090_amb_c0,bst,1.2674537914036403
RDC229,p090_amb_c0,ce,-0.9059123134363097
RDC229,p090_amb_c0,bst,-2.086032411275242
RDC230,p090_amb_c0,ce,1.3356424477413171
RDC230,p090_amb_c0,bst,-1.2171124433168163
RDC231,p090_amb_c0,ce,1.2877937096727117
RDC231,p090_amb_c0,bst,-0.19273995413715297
RDC232,p090_amb_c0,ce,0.7040362171884607
RDC232,p090_amb_c0,bst,-1.5661890960381066
RDC233,p090_amb_c0,ce,-0.5413178548789633
RDC233,p090_amb_c0,bst,1.5667313241132081
RDC234,p090_amb_c0,ce,0.01017207784045227
RDC234,p090_amb_c0,bst,-1.1501660079872187
RDC235,p090_amb_c0,ce,0.6464569287442622
RDC235,p090_amb_c0,bst,0.5811597977980585
RDC236,p090_amb_c0,ce,-0.4232089080901129
RDC236,p090_amb_c0,bst,0.31699079000789404
RDC237,p090_amb_c0,ce,0.16249618485696032
RDC237,p090_amb_c0,bst,-0.7545819979552352
RDC238,p090_amb_c0,ce,-0.09514770357650172
RDC238,p090_amb_c0,bst,-1.341019747326582
RDC243,p090_amb_c0,ce,1.4848148345844299
RDC243,p090_amb_c0,bst,-1.156725520223821
RDC244,p090_amb_c0,ce,-0.5085422549920723
RDC244,p090_amb_c0,bst,-0.15518379491795434
RDC246,p090_amb_c0,ce,-0.25723808893956024
RDC246,p090_amb_c0,bst,0.24485945239244322
RDC247,p090_amb_c0,ce,0.4771828412707322
RDC247,p090_amb_c0,bst,2.581066847067104
RDC248,p090_amb_c0,ce,-0.5056017792266204
RDC248,p090_amb_c0,bst,2.3189591373422003
RDC249,p090_amb_c0,ce,0.8256702808746598
RDC249,p090_amb_c0,bst,-1.649637582605757
RDC250,p090_amb_c0,ce,-0.15400290300594296
RDC250,p090_amb_c0,bst,-0.0811961421949164
RDC259,p090_amb_c0,ce,-0.25506958519703504
RDC259,p090_amb_c0,bst,0.7878717505264049
RDC261,p090_amb_c0,ce,-1.4319952872107637
RDC261,p090_amb_c0,bst,-1.3367045146353578
RDC263,p090_amb_c0,ce,0.6589541007001829
RDC263,p090_amb_c0,bst,-1.0795050558124029
RDC102,p090_c0,ce,0.8427071485981509
RDC102,p090_c0,bst,-0.5083702091938797
RDC104,p090_c0,ce,0.30424682191430164
RDC104,p090_c0,bst,1.065356327175468
RDC105,p090_c0,ce,0.06837165480005462
RDC105,p090_c0,bst,0.0561067628181667
RDC106,p090_c0,ce,0.7342584233168182
RDC106,p090_c0,bst,0.24421241114238826
RDC107,p090_c0,ce,-0.04071424408795719
RDC107,p090_c0,bst,0.1776847826960515
RDC109,p090_c0,ce,-0.5731662736521924
RDC109,p090_c0,bst,-0.33957236680614233
RDC110,p090_c0,ce,0.2689492970153296
RDC110,p090_c0,bst,0.29654729977636635
RDC111,p090_c0,ce,0.28925484717970557
RDC111,p090_c0,bst,0.7718119488787631
RDC113,p090_c0,ce,0.05143858028576396
RDC113,p090_c0,bst,-0.08262263299409973
RDC116,p090_c0,ce,0.35799383913412
RDC116,p090_c0,bst,-0.22229414371696957
RDC117,p090_c0,ce,0.7525542280319774
RDC117,p090_c0,bst,-0.09356157607820859
RDC120,p090_c0,ce,0.5150365623674171
RDC120,p090_c0,bst,0.6606133385096561
RDC125,p090_c0,ce,-0.38725574878793995
RDC125,p090_c0,bst,0.11987974320134898
RDC126,p090_c0,ce,-0.21398660014190843
RDC126,p090_c0,bst,-0.6459493361900331
RDC127,p090_c0,ce,-0.33564930432308715
RDC127,p090_c0,bst,-0.1491674163411967
RDC128,p090_c0,ce,0.09546837735355393
RDC128,p090_c0,bst,0.7841729249695467
RDC129,p090_c0,ce,0.7259785930107109
RDC129,p090_c0,bst,0.7756620094568301
RDC130,p090_c0,ce,-0.2501597080194623
RDC130,p090_c0,bst,0.597540121961866
RDC131,p090_c0,ce,-0.3501686336413215
RDC131,p090_c0,bst,0.1435158616264857
RDC132,p090_c0,ce,-0.14371231491025838
RDC132,p090_c0,bst,0.2725262975715156
RDC133,p090_c0,ce,0.34647529558375734
RDC133,p090_c0,bst,-0.6078416503087897
RDC134,p090_c0,ce,0.5329102087632925
RDC134,p090_c0,bst,0.42896400279732255
RDC136,p090_c0,ce,0.7358497483475999
RDC136,p090_c0,bst,-0.21548475971503098
RDC137,p090_c0,ce,0.39213866986541895
RDC137,p090_c0,bst,0.18606968526898005
RDC138,p090_c0,ce,0.7037477420713426
RDC138,p090_c0,bst,0.020891801792138214
RDC139,p090_c0,ce,-0.17884991131908276
RDC139,p090_c0,bst,0.29355053245327756
RDC141,p090_c0,ce,0.1715604660403709
RDC141,p090_c0,bst,0.6875337026383983
RDC143,p090_c0,ce,0.33602160257427344
RDC143,p090_c0,bst,-0.035795877406803456
RDC144,p090_c0,ce,0.683787752424206
RDC144,p090_c0,bst,0.5032248278278307
RDC145,p090_c0,ce,0.245106130320619
RDC145,p090_c0,bst,0.3349799464658352
RDC146,p090_c0,ce,0.1412570624465154
RDC146,p090_c0,bst,0.1473228420191138
RDC147,p090_c0,ce,-0.4861417456036411
RDC147,p090_c0,bst,-0.6598183501757389
RDC152,p090_c0,ce,0.06815980342396845
RDC152,p090_c0,bst,0.28750720880344477
RDC153,p090_c0,ce,0.05122743211342853
RDC153,p090_c0,bst,-1.2172368223153804
RDC154,p090_c0,ce,1.0641641117978669
RDC154,p090_c0,bst,0.8821149877539006
RDC156,p090_c0,ce,0.24313238098555467
RDC156,p090_c0,bst,0.09719749587104776
RDC157,p090_c0,ce,-0.3057265738578477
RDC157,p090_c0,bst,-0.21168494311873345
RDC159,p090_c0,ce,-0.10603148082326093
RDC159,p090_c0,bst,0.7579337044656911
RDC161,p090_c0,ce,-0.0825825588311512
RDC161,p090_c0,bst,-0.723166671628893
RDC164,p090_c0,ce,0.1886954007787808
RDC164,p090_c0,bst,0.5770911653012182
RDC165,p090_c0,ce,-0.031814836257335985
RDC165,p090_c0,bst,0.5485614136113667
RDC167,p090_c0,ce,0.7574206294428394
RDC167,p090_c0,bst,0.06830530545661621
RDC171,p090_c0,ce,-0.02065487057405558
RDC171,p090_c0,bst,0.153076295378916
RDC172,p090_c0,ce,-0.00765802402704397
RDC172,p090_c0,bst,-0.4300263429898141
RDC174,p090_c0,ce,0.13000049923727727
RDC174,p090_c0,bst,-0.2497428708481766
RDC175,p090_c0,ce,0.976514598586138
RDC175,p090_c0,bst,0.515866089152169
RDC176,p090_c0,ce,0.05274334347011417
RDC176,p090_c0,bst,0.3884514603202332
RDC177,p090_c0,ce,-0.02581927767406753
RDC177,p090_c0,bst,1.0854494980283533
RDC178,p090_c0,ce,-0.023528471717850493
RDC178,p090_c0,bst,-0.5261345882185908
RDC180,p090_c0,ce,1.2562505798924888
RDC180,p090_c0,bst,0.5057283747640624
RDC183,p090_c0,ce,0.18226069846396842
RDC183,p090_c0,bst,0.15518642431657878
RDC184,p090_c0,ce,0.17588302522179602
RDC184,p090_c0,bst,-0.02977164219413238
RDC186,p090_c0,ce,-0.20130043910230655
RDC186,p090_c0,bst,0.542259040488344
RDC189,p090_c0,ce,0.11739067359588817
RDC189,p090_c0,bst,-0.6785946321521498
RDC190,p090_c0,ce,0.21625240232236606
RDC190,p090_c0,bst,0.6410159399384979
RDC192,p090_c0,ce,0.5201920001835538
RDC192,p090_c0,bst,0.6055650614590707
RDC193,p090_c0,ce,0.16445440316292892
RDC193,p090_c0,bst,-0.1415709587770695
RDC195,p090_c0,ce,-1.5179943677041714
RDC195,p090_c0,bst,0.592596587023937
RDC196,p090_c0,ce,0.10415578691702376
RDC196,p090_c0,bst,-0.3603311235257956
RDC198,p090_c0,ce,0.3083865551778962
RDC198,p090_c0,bst,0.235942815470068
RDC200,p090_c0,ce,-0.024867685968077084
RDC200,p090_c0,bst,0.009544311663344981
RDC202,p090_c0,ce,0.0030834115171555153
RDC202,p090_c0,bst,-0.5414110595858632
RDC203,p090_c0,ce,0.040844292043030694
RDC203,p090_c0,bst,0.7536661363280941
RDC204,p090_c0,ce,-1.2171223788716339
RDC204,p090_c0,bst,0.8401349904588997
RDC207,p090_c0,ce,0.581597149030217
RDC207,p090_c0,bst,-0.6893550633706708
RDC208,p090_c0,ce,0.1603355730353578
RDC208,p090_c0,bst,-1.1692748509507096
RDC209,p090_c0,ce,0.5277453829224555
RDC209,p090_c0,bst,0.6355264249220336
RDC210,p090_c0,ce,0.7215179496550705
RDC210,p090_c0,bst,0.5843984995622437
RDC211,p090_c0,ce,0.0014872016847430978
RDC211,p090_c0,bst,0.1886306038809559
RDC212,p090_c0,ce,0.3090222764445518
RDC212,p090_c0,bst,0.31114564047649346
RDC213,p090_c0,ce,0.20300397801851866
RDC213,p090_c0,bst,0.5074799886209548
RDC214,p090_c0,ce,0.44222964684091204
RDC214,p090_c0,bst,0.01623783804626407
RDC216,p090_c0,ce,0.3511736390430679
RDC216,p090_c0,bst,-0.28874719877893246
RDC217,p090_c0,ce,0.02296468920826261
RDC217,p090_c0,bst,0.46894424616955543
RDC220,p090_c0,ce,0.2229720223278341
RDC220,p090_c0,bst,0.18979393201031058
RDC221,p090_c0,ce,0.5339888889901857
RDC221,p090_c0,bst,-0.16873279498457436
RDC222,p090_c0,ce,-0.6787598908272113
RDC222,p090_c0,bst,0.04987529904748641
RDC225,p090_c0,ce,0.8523002431382029
RDC225,p090_c0,bst,0.2555532052372281
RDC226,p090_c0,ce,0.18818158910749028
RDC226,p090_c0,bst,-0.09772288130742217
RDC227,p090_c0,ce,-0.3674549377906763
RDC227,p090_c0,bst,0.2796668687296239
RDC228,p090_c0,ce,0.3029621203891192
RDC228,p090_c0,bst,-0.044611185804032706
RDC229,p090_c0,ce,0.20344414630100338
RDC229,p090_c0,bst,-1.3257072728620924
RDC230,p090_c0,ce,-0.7657400725473583
RDC230,p090_c0,bst,-0.38198226536960167
RDC231,p090_c0,ce,-0.7615557945508721
RDC231,p090_c0,bst,-0.040597628711418476
RDC232,p090_c0,ce,1.0763890594170034
RDC232,p090_c0,bst,0.25782506602771177
RDC233,p090_c0,ce,0.12715346033958747
RDC233,p090_c0,bst,0.655990736289198
RDC234,p090_c0,ce,0.13204841348581872
RDC234,p090_c0,bst,0.21144775877661173
RDC235,p090_c0,ce,-0.2638731727064225
RDC235,p090_c0,bst,0.027422149274692692
RDC236,p090_c0,ce,0.16521029503875811
RDC236,p090_c0,bst,0.08562540789259938
RDC237,p090_c0,ce,0.17880870713394206
RDC237,p090_c0,bst,-0.02973272743179332
RDC238,p090_c0,ce,-0.11394281191833677
RDC238,p090_c0,bst,0.4692307926855026
RDC243,p090_c0,ce,0.09042956442547738
RDC243,p090_c0,bst,0.9667680550880752
RDC244,p090_c0,ce,-0.012709144686895763
RDC244,p090_c0,bst,0.2465006018203971
RDC246,p090_c0,ce,0.8278414505781513
RDC246,p090_c0,bst,0.05316175604352987
RDC247,p090_c0,ce,1.4690798677912305
RDC247,p090_c0,bst,-0.16408305970705003
RDC248,p090_c0,ce,0.04055873992480062
RDC248,p090_c0,bst,0.2767414898639416
RDC249,p090_c0,ce,-0.07513244239949049
RDC249,p090_c0,bst,0.4272640380501729
RDC250,p090_c0,ce,0.11596055703493996
RDC250,p090_c0,bst,-0.4879054511685858
RDC259,p090_c0,ce,-0.6485351906427979
RDC259,p090_c0,bst,0.08301342474640705
RDC261,p090_c0,ce,0.5347781331207375
RDC261,p090_c0,bst,0.5223509130075669
RDC263,p090_c0,ce,0.20553478925580412
RDC263,p090_c0,bst,0.581881943573679
RDC102,p095_amb_c0,ce,0.29090123427688896
RDC102,p095_amb_c0,bst,-0.19233956442545416
RDC104,p095_amb_c0,ce,-0.8863365606067465
RDC104,p095_amb_c0,bst,-1.2520670445492676
RDC105,p095_amb_c0,ce,-0.005675101113173106
RDC105,p095_amb_c0,bst,-2.16235348712393
RDC106,p095_amb_c0,ce,0.08720689652249303
RDC106,p095_amb_c0,bst,2.7804160373857822
RDC107,p095_amb_c0,ce,0.6580590680397171
RDC107,p095_amb_c0,bst,1.8363057688802638
RDC109,p095_amb_c0,ce,-0.27422513609108745
RDC109,p095_amb_c0,bst,-3.0642542566560933
RDC110,p095_amb_c0,ce,2.4947697029810874
RDC110,p095_amb_c0,bst,-0.24071663916768168
RDC111,p095_amb_c0,ce,-0.20373521137686731
RDC111,p095_amb_c0,bst,0.5403023136155619
RDC113,p095_amb_c0,ce,1.0143378029331316
RDC113,p095_amb_c0,bst,0.5870072460487972
RDC116,p095_amb_c0,ce,0.8675018202045204
RDC116,p095_amb_c0,bst,0.3785437157181284
RDC117,p095_amb_c0,ce,1.4828542504309177
RDC117,p095_amb_c0,bst,0.7873774548439787
RDC120,p095_amb_c0,ce,-0.5065608978567039
RDC120,p095_amb_c0,bst,-0.2413848039870552
RDC125,p095_amb_c0,ce,-2.0913457817321186
RDC125,p095_amb_c0,bst,0.45987100095300854
RDC126,p095_amb_c0,ce,-0.0610120348066052
RDC126,p095_amb_c0,bst,-0.07738984682753906
RDC127,p095_amb_c0,ce,1.0686983003147557
RDC127,p095_amb_c0,bst,0.6221526709783229
RDC128,p095_amb_c0,ce,1.2736968947209544
RDC128,p095_amb_c0,bst,1.392031398014139
RDC129,p095_amb_c0,ce,-0.9366449988015404
RDC129,p095_amb_c0,bst,0.012100232761033483
RDC130,p095_amb_c0,ce,3.2344641927619797
RDC130,p095_amb_c0,bst,3.38021091239321
RDC131,p095_amb_c0,ce,-1.1160859645230747
RDC131,p095_amb_c0,bst,-1.4513436912776003
RDC132,p095_amb_c0,ce,-0.7851710475234978
RDC132,p095_amb_c0,bst,-0.9262189270200198
RDC133,p095_amb_c0,ce,-0.35157459489437465
RDC133,p095_amb_c0,bst,1.5794091874120924
RDC134,p095_amb_c0,ce,2.2512177424010424
RDC134,p095_amb_c0,bst,-0.04049905918668747
RDC136,p095_amb_c0,ce,0.9404596351352935
RDC136,p095_amb_c0,bst,-0.27069865493653184
RDC137,p095_amb_c0,ce,1.2006982478048547
RDC137,p095_amb_c0,bst,1.5102883296917913
RDC138,p095_amb_c0,ce,0.9742679719799338
RDC138,p095_amb_c0,bst,-0.5962489459712699
RDC139,p095_amb_c0,ce,-0.7355256198471312
RDC139,p095_amb_c0,bst,-0.10075088088049726
RDC141,p095_amb_c0,ce,-1.8183958724483302
RDC141,p095_amb_c0,bst,0.013670269457519368
RDC143,p095_amb_c0,ce,-0.9644338213491569
RDC143,p095_amb_c0,bst,1.8332672312372569
RDC144,p095_amb_c0,ce,0.625664963622297
RDC144,p095_amb_c0,bst,1.440488599755966
RDC145,p095_amb_c0,ce,0.48827290916048394
RDC145,p095_amb_c0,bst,0.4837866101044202
RDC146,p095_amb_c0,ce,1.1012664409022441
RDC146,p095_amb_c0,bst,1.0976401207292863
RDC147,p095_amb_c0,ce,-0.871770748831238
RDC147,p095_amb_c0,bst,-0.8034071936536743
RDC152,p095_amb_c0,ce,-0.6988667751371563
RDC152,p095_amb_c0,bst,-2.299211151237692
RDC153,p095_amb_c0,ce,0.4600288532332537
RDC153,p095_amb_c0,bst,2.8395826136855766
RDC154,p095_amb_c0,ce,0.3753327030659541
RDC154,p095_amb_c0,bst,0.5614487160429226
RDC156,p095_amb_c0,ce,1.103601139811735
RDC156,p095_amb_c0,bst,-0.6455213348505463
RDC157,p095_amb_c0,ce,0.7710003382568479
RDC157,p095_amb_c0,bst,0.5135162609470958
RDC159,p095_amb_c0,ce,0.10578233231176064
RDC159,p095_amb_c0,bst,-2.829396317167775
RDC161,p095_amb_c0,ce,-0.4401491841043975
RDC161,p095_amb_c0,bst,0.649190270309125
RDC164,p095_amb_c0,ce,0.6748245862292702
RDC164,p095_amb_c0,bst,-0.1916192923302796
RDC165,p095_amb_c0,ce,3.5523059665017342
RDC165,p095_amb_c0,bst,0.11394850198661081
RDC167,p095_amb_c0,ce,0.5879611146961805
RDC167,p095_amb_c0,bst,1.209784197647793
RDC171,p095_amb_c0,ce,0.49224814090605007
RDC171,p095_amb_c0,bst,-1.7366215925229642
RDC172,p095_amb_c0,ce,-0.13671897700505098
RDC172,p095_amb_c0,bst,1.0491216371557843
RDC174,p095_amb_c0,ce,0.8308312164031695
RDC174,p095_amb_c0,bst,-0.32920935356637254
RDC175,p095_amb_c0,ce,-1.8826623517726555
RDC175,p095_amb_c0,bst,-4.633409496970974
RDC176,p095_amb_c0,ce,-0.046394999049259825
RDC176,p095_amb_c0,bst,-0.5952825474992721
RDC177,p095_amb_c0,ce,3.2910703361507063
RDC177,p095_amb_c0,bst,-0.41520293874362374
RDC178,p095_amb_c0,ce,1.1680182047828684
RDC178,p095_amb_c0,bst,0.1749444337126489
RDC180,p095_amb_c0,ce,2.553853062369816
RDC180,p095_amb_c0,bst,-0.3145795597718179
RDC183,p095_amb_c0,ce,-0.51927688466176
RDC183,p095_amb_c0,bst,0.9333005337158377
RDC184,p095_amb_c0,ce,1.7507134665277022
RDC184,p095_amb_c0,bst,-1.482121443711898
RDC186,p095_amb_c0,ce,0.7420438265876097
RDC186,p095_amb_c0,bst,0.6793130852496443
RDC189,p095_amb_c0,ce,0.024429133736242628
RDC189,p095_amb_c0,bst,1.0612403652726219
RDC190,p095_amb_c0,ce,0.296786892384111
RDC190,p095_amb_c0,bst,2.2311722641714833
RDC192,p095_amb_c0,ce,0.9795377218956466
RDC192,p095_amb_c0,bst,-0.040121633756636986
RDC193,p095_amb_c0,ce,0.5654358179563261
RDC193,p095_amb_c0,bst,0.608988885393377
RDC195,p095_amb_c0,ce,0.4012337189220154
RDC195,p095_amb_c0,bst,0.8550086721211718
RDC196,p095_amb_c0,ce,-0.8260194872497195
RDC196,p095_amb_c0,bst,1.4322543834695531
RDC198,p095_amb_c0,ce,-0.9498963209601897
RDC198,p095_amb_c0,bst,-0.6631723655702663
RDC200,p095_amb_c0,ce,-0.7681677304484488
RDC200,p095_amb_c0,bst,-0.04823050239445337
RDC202,p095_amb_c0,ce,1.661305343413381
RDC202,p095_amb_c0,bst,-3.026256528118738
RDC203,p095_amb_c0,ce,0.7164334922450167
RDC203,p095_amb_c0,bst,0.13441355171250224
RDC204,p095_amb_c0,ce,-0.019870718969375166
RDC204,p095_amb_c0,bst,0.723760031334758
RDC207,p095_amb_c0,ce,-0.5731276351640318
RDC207,p095_amb_c0,bst,-0.8555563459829963
RDC208,p095_amb_c0,ce,-1.064932207264978
RDC208,p095_amb_c0,bst,1.9992777651374425
RDC209,p095_amb_c0,ce,0.7228177041877487
RDC209,p095_amb_c0,bst,-0.5894097376160854
RDC210,p095_amb_c0,ce,-0.7890137940336641
RDC210,p095_amb_c0,bst,-1.3349378553656805
RDC211,p095_amb_c0,ce,1.9270752538181508
RDC211,p095_amb_c0,bst,2.5800897927772963
RDC212,p095_amb_c0,ce,0.8249307447939477
RDC212,p095_amb_c0,bst,0.3268488269794849
RDC213,p095_amb_c0,ce,-0.7153373472040345
RDC213,p095_amb_c0,bst,-0.7369660635507426
RDC214,p095_amb_c0,ce,0.8931904873131246
RDC214,p095_amb_c0,bst,-1.1255821355832334
RDC216,p095_amb_c0,ce,-0.25681680852548805
RDC216,p095_amb_c0,bst,1.8608124730299112
RDC217,p095_amb_c0,ce,0.3274033549578546
RDC217,p095_amb_c0,bst,0.32222960698795555
RDC220,p095_amb_c0,ce,0.3379441210546525
RDC220,p095_amb_c0,bst,1.4512248672596575
RDC221,p095_amb_c0,ce,1.2074116192972888
RDC221,p095_amb_c0,bst,-0.6268257519053594
RDC222,p095_amb_c0,ce,1.1714604093241472
RDC222,p095_amb_c0,bst,4.976779274971984
RDC225,p095_amb_c0,ce,-1.1225991931218298
RDC225,p095_amb_c0,bst,2.648460314887057
RDC226,p095_amb_c0,ce,-0.20152494258484702
RDC226,p095_amb_c0,bst,-0.8435224107366426
RDC227,p095_amb_c0,ce,-0.37024239433245626
RDC227,p095_amb_c0,bst,1.6631844536773324
RDC228,p095_amb_c0,ce,-0.28742260396606195
RDC228,p095_amb_c0,bst,1.1001734437719215
RDC229,p095_amb_c0,ce,-0.8985427316643824
RDC229,p095_amb_c0,bst,1.7467561477532714
RDC230,p095_amb_c0,ce,0.43679361041215053
RDC230,p095_amb_c0,bst,1.9348075985604105
RDC231,p095_amb_c0,ce,-1.3971463253923861
RDC231,p095_amb_c0,bst,-0.6602336437881573
RDC232,p095_amb_c0,ce,0.02476432291965353
RDC232,p095_amb_c0,bst,-1.095332977439268
RDC233,p095_amb_c0,ce,0.6005392282376878
RDC233,p095_amb_c0,bst,1.6903660643197362
RDC234,p095_amb_c0,ce,-0.11943070768303377
RDC234,p095_amb_c0,bst,-0.04089237713740738
RDC235,p095_amb_c0,ce,1.4435845179148228
RDC235,p095_amb_c0,bst,-0.7326449148288092
RDC236,p095_amb_c0,ce,1.2168520615770593
RDC236,p095_amb_c0,bst,2.126888644330912
RDC237,p095_amb_c0,ce,-0.6387086169907075
RDC237,p095_amb_c0,bst,0.1897811609444113
RDC238,p095_amb_c0,ce,-0.9127347232011541
RDC238,p095_amb_c0,bst,2.0242627894196414
RDC243,p095_amb_c0,ce,0.19194109656330113
RDC243,p095_amb_c0,bst,-1.352308791824205
RDC244,p095_amb_c0,ce,0.9800899529764086
RDC244,p095_amb_c0,bst,-0.7847391183451847
RDC246,p095_amb_c0,ce,1.0702636122313887
RDC246,p095_amb_c0,bst,2.093741637126816
RDC247,p095_amb_c0,ce,-0.37855003316147956
RDC247,p095_amb_c0,bst,-1.1480375943445758
RDC248,p095_amb_c0,ce,-0.021975730599325935
RDC248,p095_amb_c0,bst,-0.7114572873494543
RDC249,p095_amb_c0,ce,0.2741087650653378
RDC249,p095_amb_c0,bst,-0.26961722541698036
RDC250,p095_amb_c0,ce,-1.8024466475360648
RDC250,p095_amb_c0,bst,-1.8080013183430037
RDC259,p095_amb_c0,ce,1.1332157691635694
RDC259,p095_amb_c0,bst,-0.6613681508445928
RDC261,p095_amb_c0,ce,2.3335731048419923
RDC261,p095_amb_c0,bst,0.4482893032818003
RDC263,p095_amb_c0,ce,-0.3118940945205721
RDC263,p095_amb_c0,bst,-0.28683611780585067
RDC102,p100_c0,ce,0.14151987995991666
RDC102,p100_c0,bst,-0.017027675394343116
RDC104,p100_c0,ce,0.48816079963374515
RDC104,p100_c0,bst,0.2394968256325635
RDC105,p100_c0,ce,-0.3093248949092837
RDC105,p100_c0,bst,-0.9486581228121622
RDC106,p100_c0,ce,-0.1375815448851944
RDC106,p100_c0,bst,0.0924970981050301
RDC107,p100_c0,ce,0.036828151036965
RDC107,p100_c0,bst,-0.26955180942358287
RDC109,p100_c0,ce,0.1525819589453319
RDC109,p100_c0,bst,0.6798158810329354
RDC110,p100_c0,ce,0.020569477242735827
RDC110,p100_c0,bst,-0.08798999112315593
RDC111,p100_c0,ce,-0.02858601569323572
RDC111,p100_c0,bst,0.09945464411543482
RDC113,p100_c0,ce,-0.2585354020191376
RDC113,p100_c0,bst,-0.10842976276272863
RDC116,p100_c0,ce,-0.02745662206961046
RDC116,p100_c0,bst,0.08602448828712521
RDC117,p100_c0,ce,0.11729111962534748
RDC117,p100_c0,bst,-0.20315871547328293
RDC120,p100_c0,ce,-0.2415306415782674
RDC120,p100_c0,bst,-0.4479723753364486
RDC125,p100_c0,ce,-0.07441074704671696
RDC125,p100_c0,bst,0.09253527837019482
RDC126,p100_c0,ce,-0.16554886814585934
RDC126,p100_c0,bst,-0.1951902240367923
RDC127,p100_c0,ce,-0.11293691840217968
RDC127,p100_c0,bst,-0.38143539257291875
RDC128,p100_c0,ce,-0.05067049264770929
RDC128,p100_c0,bst,-0.12694678030191744
RDC129,p100_c0,ce,0.2089230312133399
RDC129,p100_c0,bst,0.7795733580639661
RDC130,p100_c0,ce,-0.3113555805828394
RDC130,p100_c0,bst,-0.048418332858448744
RDC131,p100_c0,ce,0.15977397400243235
RDC131,p100_c0,bst,0.09278129015318853
RDC132,p100_c0,ce,0.03832664039514842
RDC132,p100_c0,bst,-0.25262150705397945
RDC133,p100_c0,ce,-0.07163900452680062
RDC133,p100_c0,bst,0.0857381889103795
RDC134,p100_c0,ce,0.06897505950597767
RDC134,p100_c0,bst,0.4601927161577623
RDC136,p100_c0,ce,0.01044466257944789
RDC136,p100_c0,bst,0.12574851343404977
RDC137,p100_c0,ce,0.46494524453732883
RDC137,p100_c0,bst,0.06475459983064936
RDC138,p100_c0,ce,1.1828980482756366
RDC138,p100_c0,bst,-0.11700804511412714
RDC139,p100_c0,ce,0.06851313532949975
RDC139,p100_c0,bst,0.10455653959494714
RDC141,p100_c0,ce,0.39282928145278
RDC141,p100_c0,bst,-0.08126026481625544
RDC143,p100_c0,ce,0.5911995940736002
RDC143,p100_c0,bst,0.4179594812210188
RDC144,p100_c0,ce,0.2611499054283964
RDC144,p100_c0,bst,0.02858567217743065
RDC145,p100_c0,ce,0.1022969927908039
RDC145,p100_c0,bst,0.415714111410361
RDC146,p100_c0,ce,0.6529979312234584
RDC146,p100_c0,bst,0.37156462050938893
RDC147,p100_c0,ce,0.17851354329671448
RDC147,p100_c0,bst,-0.11674539765728853
RDC152,p100_c0,ce,0.4687245386817775
RDC152,p100_c0,bst,-0.24186599074221649
RDC153,p100_c0,ce,-0.07192963535671128
RDC153,p100_c0,bst,-0.26121354164925153
RDC154,p100_c0,ce,0.7759405151543316
RDC154,p100_c0,bst,0.5607499063994995
RDC156,p100_c0,ce,0.09930524261474537
RDC156,p100_c0,bst,-0.23155600042356553
RDC157,p100_c0,ce,0.07324666864846191
RDC157,p100_c0,bst,0.45871441322420115
RDC159,p100_c0,ce,0.22283839520922327
RDC159,p100_c0,bst,0.22423228606225834
RDC161,p100_c0,ce,0.31524586812434613
RDC161,p100_c0,bst,-0.13735376623499138
RDC164,p100_c0,ce,-0.08099209807295947
RDC164,p100_c0,bst,0.3318073915573231
RDC165,p100_c0,ce,0.543058110794163
RDC165,p100_c0,bst,0.5143635172691593
RDC167,p100_c0,ce,0.03580639678336548
RDC167,p100_c0,bst,0.3277232047582322
RDC171,p100_c0,ce,0.5044158160045156
RDC171,p100_c0,bst,-0.13130850822543227
RDC172,p100_c0,ce,0.6831015387531504
RDC172,p100_c0,bst,0.815544742138908
RDC174,p100_c0,ce,0.4596504778488879
RDC174,p100_c0,bst,0.3913121447915486
RDC175,p100_c0,ce,-0.1032441903524935
RDC175,p100_c0,bst,0.02557502746890163
RDC176,p100_c0,ce,0.04018017130495013
RDC176,p100_c0,bst,0.12001906114918635
RDC177,p100_c0,ce,0.11246373772226087
RDC177,p100_c0,bst,0.2516902952122784
RDC178,p100_c0,ce,0.05732024550035782
RDC178,p100_c0,bst,-0.2660884088241899
RDC180,p100_c0,ce,0.15595099438732046
RDC180,p100_c0,bst,-0.3169299161804386
RDC183,p100_c0,ce,0.5313240738966125
RDC183,p100_c0,bst,0.47367725059882976
RDC184,p100_c0,ce,0.07300627408693064
RDC184,p100_c0,bst,0.02456556349223386
RDC186,p100_c0,ce,0.481940516657279
RDC186,p100_c0,bst,0.3749423495742133
RDC189,p100_c0,ce,0.29764812294540854
RDC189,p100_c0,bst,-0.14356507067010635
RDC190,p100_c0,ce,-0.52683413228461
RDC190,p100_c0,bst,-0.030993599901181085
RDC192,p100_c0,ce,0.23078165067249393
RDC192,p100_c0,bst,0.2015892285666918
RDC193,p100_c0,ce,0.4884072941482585
RDC193,p100_c0,bst,0.1539186813296877
RDC195,p100_c0,ce,0.040255392944671946
RDC195,p100_c0,bst,0.021314246386310964
RDC196,p100_c0,ce,0.16255786311939266
RDC196,p100_c0,bst,0.5367074615529305
RDC198,p100_c0,ce,0.4742306771213146
RDC198,p100_c0,bst,0.03289892719029224
RDC200,p100_c0,ce,-0.08589084632846897
RDC200,p100_c0,bst,0.4080009874016346
RDC202,p100_c0,ce,0.41468611725648685
RDC202,p100_c0,bst,-0.2698616358688107
RDC203,p100_c0,ce,0.16431681528465317
RDC203,p100_c0,bst,0.17637918511443448
RDC204,p100_c0,ce,0.031476847124692384
RDC204,p100_c0,bst,-0.20584741135200738
RDC207,p100_c0,ce,0.19567142825345657
RDC207,p100_c0,bst,0.19614108715971665
RDC208,p100_c0,ce,0.8258587268175647
RDC208,p100_c0,bst,0.3994959632506608
RDC209,p100_c0,ce,0.21622668225621147
RDC209,p100_c0,bst,0.07143898743836717
RDC210,p100_c0,ce,0.15746224350631494
RDC210,p100_c0,bst,0.5193359077949936
RDC211,p100_c0,ce,0.3717989623560417
RDC211,p100_c0,bst,0.1402312724238156
RDC212,p100_c0,ce,0.5332913797992598
RDC212,p100_c0,bst,0.2924688366609138
RDC213,p100_c0,ce,0.13215887003591967
RDC213,p100_c0,bst,0.3533357592537531
RDC214,p100_c0,ce,-0.024476270228026658
RDC214,p100_c0,bst,0.1298769737305416
RDC216,p100_c0,ce,-0.09519379174011783
RDC216,p100_c0,bst,0.9022448509395238
RDC217,p100_c0,ce,-0.15410924919492058
RDC217,p100_c0,bst,-0.011146767994099943
RDC220,p100_c0,ce,-0.008102334213456493
RDC220,p100_c0,bst,0.6910089449581361
RDC221,p100_c0,ce,-0.5950131056748472
RDC221,p100_c0,bst,0.3854011782159141
RDC222,p100_c0,ce,-0.02925956202835925
RDC222,p100_c0,bst,-0.16568542044642906
RDC225,p100_c0,ce,0.3090459992562056
RDC225,p100_c0,bst,-0.15581054611056946
RDC226,p100_c0,ce,0.5019182870221708
RDC226,p100_c0,bst,-0.4283323710791323
RDC227,p100_c0,ce,0.017929152982058414
RDC227,p100_c0,bst,0.01316534660102856
RDC228,p100_c0,ce,0.07610759943442655
RDC228,p100_c0,bst,0.07683597046921896
RDC229,p100_c0,ce,0.10758332256938188
RDC229,p100_c0,bst,-0.38774366960097373
RDC230,p100_c0,ce,0.07434744228150399
RDC230,p100_c0,bst,-0.14053101634282414
RDC231,p100_c0,ce,0.06518761253325893
RDC231,p100_c0,bst,-0.4845800457568416
RDC232,p100_c0,ce,-0.046070299618150345
RDC232,p100_c0,bst,0.04160720168995996
RDC233,p100_c0,ce,0.01576078761886813
RDC233,p100_c0,bst,0.3753784753092273
RDC234,p100_c0,ce,0.3764472521657729
RDC234,p100_c0,bst,0.75275185396927
RDC235,p100_c0,ce,0.21597471818253836
RDC235,p100_c0,bst,0.2754551879872334
RDC236,p100_c0,ce,0.1395174643607341
RDC236,p100_c0,bst,0.36503156520909474
RDC237,p100_c0,ce,0.22844191530718239
RDC237,p100_c0,bst,-0.19166644618519377
RDC238,p100_c0,ce,0.06661963709725238
RDC238,p100_c0,bst,0.26998418957157316
RDC243,p100_c0,ce,0.11345339261267284
RDC243,p100_c0,bst,-0.1098370413613628
RDC244,p100_c0,ce,-0.016989004654999203
RDC244,p100_c0,bst,-0.1419440275674916
RDC246,p100_c0,ce,0.1256636902369371
RDC246,p100_c0,bst,0.27219162128770297
RDC247,p100_c0,ce,0.3424097265535065
RDC247,p100_c0,bst,0.8568601358146326
RDC248,p100_c0,ce,-0.09917636357545274
RDC248,p100_c0,bst,-0.5590886702919615
RDC249,p100_c0,ce,0.1665383467197068
RDC249,p100_c0,bst,0.5643177940953491
RDC250,p100_c0,ce,0.48169202148969825
RDC250,p100_c0,bst,0.16489758381622002
RDC259,p100_c0,ce,0.1322408186938981
RDC259,p100_c0,bst,0.012522068091657864
RDC261,p100_c0,ce,-0.6758313259149205
RDC261,p100_c0,bst,0.009995030192122464
RDC263,p100_c0,ce,0.40610568679894393
RDC263,p100_c0,bst,0.23236328015490879
RDC102,rating_c0,ce,-0.7767689514163783
RDC102,rating_c0,bst,0.2840840756969767
RDC104,rating_c0,ce,-1.1108012001691283
RDC104,rating_c0,bst,0.5261509555249028
RDC105,rating_c0,ce,0.08280202466606007
RDC105,rating_c0,bst,0.2055817680445208
RDC106,rating_c0,ce,2.126917558262618
RDC106,rating_c0,bst,4.8356624328088165
RDC107,rating_c0,ce,-0.4980317974371938
RDC107,rating_c0,bst,-0.6973552078876155
RDC109,rating_c0,ce,0.5338318601518981
RDC109,rating_c0,bst,-0.1824480278176446
RDC110,rating_c0,ce,-1.3716436395252092
RDC110,rating_c0,bst,-0.3945158550686823
RDC111,rating_c0,ce,-1.5832428597586894
RDC111,rating_c0,bst,0.3362154698639989
RDC113,rating_c0,ce,0.03652934401400341
RDC113,rating_c0,bst,0.022079967078146596
RDC116,rating_c0,ce,0.25283332054482927
RDC116,rating_c0,bst,-0.6966653627595406
RDC117,rating_c0,ce,-0.7204088338980745
RDC117,rating_c0,bst,1.1205473347914578
RDC120,rating_c0,ce,-0.578969391174285
RDC120,rating_c0,bst,-0.8150478198355353
RDC125,rating_c0,ce,-0.8792929458202557
RDC125,rating_c0,bst,-0.20091210480601504
RDC126,rating_c0,ce,-0.2879535024606555
RDC126,rating_c0,bst,0.04298625314496376
RDC127,rating_c0,ce,-1.6587918765351528
RDC127,rating_c0,bst,-0.5222944841377052
RDC128,rating_c0,ce,-1.1007008397466451
RDC128,rating_c0,bst,-0.7066407542614694
RDC129,rating_c0,ce,-1.3230748717099454
RDC129,rating_c0,bst,-0.5959578676620326
RDC130,rating_c0,ce,-1.0081932033773962
RDC130,rating_c0,bst,-1.3208690648914674
RDC131,rating_c0,ce,-1.2553114560580865
RDC131,rating_c0,bst,0.7778189278406512
RDC132,rating_c0,ce,0.14991981287004022
RDC132,rating_c0,bst,0.3198044207184529
RDC133,rating_c0,ce,-0.4402648123689264
RDC133,rating_c0,bst,-0.32143804551915994
RDC134,rating_c0,ce,-2.087865372004404
RDC134,rating_c0,bst,-0.20718556296126303
RDC136,rating_c0,ce,0.025994234193428056
RDC136,rating_c0,bst,0.15630153607905883
RDC137,rating_c0,ce,-0.3641936548202121
RDC137,rating_c0,bst,0.1802858460554908
RDC138,rating_c0,ce,-0.6551451065215419
RDC138,rating_c0,bst,2.1005066046223466
RDC139,rating_c0,ce,-1.2257228244190317
RDC139,rating_c0,bst,-1.1763729385569566
RDC141,rating_c0,ce,0.582742157077895
RDC141,rating_c0,bst,-0.23968115696116543
RDC143,rating_c0,ce,-0.17963389712491643
RDC143,rating_c0,bst,-0.03941166092911249
RDC144,rating_c0,ce,-0.20897370629749418
RDC144,rating_c0,bst,0.44401915989574814
RDC145,rating_c0,ce,0.2040394862483819
RDC145,rating_c0,bst,0.22126175460752306
RDC146,rating_c0,ce,-1.1278840273161583
RDC146,rating_c0,bst,-0.5544109278180026
RDC147,rating_c0,ce,-0.23383023274417675
RDC147,rating_c0,bst,0.06050582162094442
RDC152,rating_c0,ce,0.16445250057819896
RDC152,rating_c0,bst,0.12833379630159344
RDC153,rating_c0,ce,-0.6250795669296668
RDC153,rating_c0,bst,-0.5956917992426438
RDC154,rating_c0,ce,0.07199434964424113
RDC154,rating_c0,bst,-0.7255284161085968
RDC156,rating_c0,ce,-0.28980822311135457
RDC156,rating_c0,bst,-0.31226050189490784
RDC157,rating_c0,ce,-0.4787567787062035
RDC157,rating_c0,bst,-0.10055752947458903
RDC159,rating_c0,ce,-0.02717336415858278
RDC159,rating_c0,bst,-0.644148362814806
RDC161,rating_c0,ce,-0.25115613248431995
RDC161,rating_c0,bst,1.5917084308491993
RDC164,rating_c0,ce,-0.22691654567908773
RDC164,rating_c0,bst,-0.14141166485938597
RDC165,rating_c0,ce,-0.994759747925667
RDC165,rating_c0,bst,0.12863345187618225
RDC167,rating_c0,ce,-1.3495405146923805
RDC167,rating_c0,bst,-0.5634814789515888
RDC171,rating_c0,ce,-1.038940200614683
RDC171,rating_c0,bst,0.09630072867052009
RDC172,rating_c0,ce,-0.5673075315411636
RDC172,rating_c0,bst,0.19512621263007776
RDC174,rating_c0,ce,-0.23695777064022933
RDC174,rating_c0,bst,0.7665277648790959
RDC175,rating_c0,ce,-1.0593302197103667
RDC175,rating_c0,bst,-0.37032700634816135
RDC176,rating_c0,ce,-1.768319395239199
RDC176,rating_c0,bst,-1.8705876987451073
RDC177,rating_c0,ce,-0.4036244502860537
RDC177,rating_c0,bst,-1.3620877624367596
RDC178,rating_c0,ce,-1.4805609951298129
RDC178,rating_c0,bst,-1.457194723328816
RDC180,rating_c0,ce,-0.9966644531085791
RDC180,rating_c0,bst,-0.3139277083854517
RDC183,rating_c0,ce,0.050934572583290295
RDC183,rating_c0,bst,0.24800245629732662
RDC184,rating_c0,ce,0.19305730641342736
RDC184,rating_c0,bst,0.8049035119563959
RDC186,rating_c0,ce,-0.9794410735235437
RDC186,rating_c0,bst,-0.11368719476612554
RDC189,rating_c0,ce,-0.6868880372486035
RDC189,rating_c0,bst,-0.6715218312250121
RDC190,rating_c0,ce,-1.0071184697014912
RDC190,rating_c0,bst,1.277047760073216
RDC192,rating_c0,ce,-0.3666276782626863
RDC192,rating_c0,bst,0.8210868175080477
RDC193,rating_c0,ce,-0.7959706774754624
RDC193,rating_c0,bst,-0.017895039908785715
RDC195,rating_c0,ce,-1.2358675939576085
RDC195,rating_c0,bst,-0.20811767846467735
RDC196,rating_c0,ce,-0.5172619351770232
RDC196,rating_c0,bst,-1.9542122697636437
RDC198,rating_c0,ce,-0.8704870958704019
RDC198,rating_c0,bst,-1.2681190842220866
RDC200,rating_c0,ce,0.5060701266114265
RDC200,rating_c0,bst,-0.6649306401724625
RDC202,rating_c0,ce,-0.7890219754089404
RDC202,rating_c0,bst,-0.7253269762181643
RDC203,rating_c0,ce,-0.5872588428837218
RDC203,rating_c0,bst,0.27430710465635083
RDC204,rating_c0,ce,-0.010540748571915712
RDC204,rating_c0,bst,-2.0470386253714943
RDC207,rating_c0,ce,0.037394755385146854
RDC207,rating_c0,bst,-0.22215824694184552
RDC208,rating_c0,ce,-0.3717000466482499
RDC208,rating_c0,bst,0.4123949922062497
RDC209,rating_c0,ce,0.15789187985818462
RDC209,rating_c0,bst,0.6976600203649007
RDC210,rating_c0,ce,-1.0188199484994644
RDC210,rating_c0,bst,-1.213886192650887
RDC211,rating_c0,ce,-0.35316204393486345
RDC211,rating_c0,bst,0.7659625569218806
RDC212,rating_c0,ce,-0.9595075971625133
RDC212,rating_c0,bst,0.16096044791271186
RDC213,rating_c0,ce,-1.266334982994642
RDC213,rating_c0,bst,-0.10650698139347985
RDC214,rating_c0,ce,-0.8142639298662896
RDC214,rating_c0,bst,0.4394865643248762
RDC216,rating_c0,ce,-0.9560412605521197
RDC216,rating_c0,bst,0.7653407187210594
RDC217,rating_c0,ce,-0.7781324990249473
RDC217,rating_c0,bst,-0.08785104834046302
RDC220,rating_c0,ce,-0.10239948711504751
RDC220,rating_c0,bst,-1.1582175051048547
RDC221,rating_c0,ce,-1.6652324220691284
RDC221,rating_c0,bst,0.7065344862297346
RDC222,rating_c0,ce,-0.6122345602394306
RDC222,rating_c0,bst,-0.4241189606556344
RDC225,rating_c0,ce,-1.8404303198818797
RDC225,rating_c0,bst,-0.07095559910964733
RDC226,rating_c0,ce,0.015459049512016996
RDC226,rating_c0,bst,-0.8192854011506903
RDC227,rating_c0,ce,0.7194681756139182
RDC227,rating_c0,bst,-0.6275103523457995
RDC228,rating_c0,ce,0.7755678995096913
RDC228,rating_c0,bst,0.3376955501865743
RDC229,rating_c0,ce,-0.364090752881164
RDC229,rating_c0,bst,1.1296478505221883
RDC230,rating_c0,ce,-0.15902958834340494
RDC230,rating_c0,bst,0.4826354879478494
RDC231,rating_c0,ce,-1.5691325338693667
RDC231,rating_c0,bst,0.06794370641637192
RDC232,rating_c0,ce,0.32625644724380953
RDC232,rating_c0,bst,0.9455416910206376
RDC233,rating_c0,ce,-1.194389692815457
RDC233,rating_c0,bst,-0.05648569209232068
RDC234,rating_c0,ce,-1.4251111590766705
RDC234,rating_c0,bst,-0.4152986299767842
RDC235,rating_c0,ce,0.1891110114152899
RDC235,rating_c0,bst,-0.03591531486791618
RDC236,rating_c0,ce,-0.07587946238265507
RDC236,rating_c0,bst,0.22069114581205565
RDC237,rating_c0,ce,-0.7186977280030525
RDC237,rating_c0,bst,0.17024224608478153
RDC238,rating_c0,ce,-0.5935004640350935
RDC238,rating_c0,bst,-0.29702780718851834
RDC243,rating_c0,ce,0.5375513965870112
RDC243,rating_c0,bst,0.23295804328758316
RDC244,rating_c0,ce,-0.3460633060232135
RDC244,rating_c0,bst,-0.6267270222781787
RDC246,rating_c0,ce,-0.3930302912997886
RDC246,rating_c0,bst,-0.318049813565366
RDC247,rating_c0,ce,-0.2873585558522996
RDC247,rating_c0,bst,-1.2986868155220495
RDC248,rating_c0,ce,-0.3069959042653376
RDC248,rating_c0,bst,-1.2029254909694058
RDC249,rating_c0,ce,-0.5204560833743018
RDC249,rating_c0,bst,0.020243675102028996
RDC250,rating_c0,ce,-0.32124414976196475
RDC250,rating_c0,bst,0.08634136277455506
RDC259,rating_c0,ce,0.20372989861047297
RDC259,rating_c0,bst,-0.21127199153863926
RDC261,rating_c0,ce,-1.133737815002803
RDC261,rating_c0,bst,-0.6094172589030544
RDC263,rating_c0,ce,1.86886958093875
RDC263,rating_c0,bst,0.3062343467591779
