time_s,alignment,roi,n_subjects,mean_beta_outcome_demeaned,sem_beta_outcome_demeaned,mean_beta_trial_type,sem_beta_trial_type,mean_beta_p_threat_risky,sem_beta_p_threat_risky,mean_beta_r_risk_risky,sem_beta_r_risk_risky,mean_beta_rational_p_threat_amb,sem_beta_rational_p_threat_amb,mean_beta_a_amb_amb,sem_beta_a_amb_amb
-1.0,cue,BNST_p1.00,101,-0.01181397337897606,0.011512524824875707,0.010858204766899707,0.007358117825623787,-0.006566692295309545,0.009463577308354168,-0.006884682948120255,0.005901283916504777,0.010274704801725688,0.021861677829632366,0.009281141647413367,0.014637850985712322
-0.9,cue,BNST_p1.00,101,-0.011947799839543548,0.011526379612290858,0.009104394051451253,0.007264215136080424,-0.006183493812725831,0.009359134349239882,-0.007529580270603143,0.00586037499373922,0.009073974644148443,0.022073642194966717,0.008707102878819038,0.014513251137942837
-0.8,cue,BNST_p1.00,101,-0.012539572069471767,0.01163364378469743,0.007087411543866006,0.007209276051354467,-0.00565731232913929,0.009266742617032834,-0.008611485040318112,0.005815047956967303,0.008759156672872087,0.022233373667185807,0.008354265408318802,0.014483178017873629
-0.7,cue,BNST_p1.00,101,-0.01320421735269805,0.011816025204304324,0.005792658890496636,0.00720306689561793,-0.004789483443476132,0.0091312191570895,-0.009758935637558837,0.0058089847743892165,0.00828136498031808,0.022288595430213914,0.00816932334391803,0.014582450962107106
-0.6,cue,BNST_p1.00,101,-0.014362687525059053,0.0120178056700149,0.0046827865206757364,0.0072145370620253545,-0.0035077866635174902,0.00906975183863372,-0.010853222221573951,0.005823681144002091,0.008934825257336531,0.022190900183036658,0.0084241144264139,0.014593845783304056
-0.5,cue,BNST_p1.00,101,-0.016340810696205278,0.012218805347797219,0.003600271063400333,0.007250052319776847,-0.0016368795734919817,0.009036383642615246,-0.01220819397864591,0.005919389160269265,0.010017323623013082,0.022156156082868028,0.008532485220933526,0.014544351136790269
-0.4,cue,BNST_p1.00,101,-0.018695063980255933,0.012453660136419983,0.0027289428544844383,0.007231314713670382,0.00041772034829430855,0.009052638236530264,-0.013413974359898486,0.006041070338953424,0.01163192869308107,0.0222367208968907,0.008620076835616589,0.014329314965390735
-0.3,cue,BNST_p1.00,101,-0.020317007146493225,0.012640578131561364,0.001321239623573242,0.007240927523746894,0.0026954923334972123,0.009111204779608913,-0.014529121005594026,0.006169870072188537,0.01380109431944878,0.022442993641568963,0.008474217525155807,0.014129623940121756
-0.2,cue,BNST_p1.00,101,-0.022138968090719156,0.012814487504616461,0.00043894650359901243,0.0072286361873566945,0.004919996308028748,0.009208028885884876,-0.015592758472555424,0.006310682978584556,0.015000895298182429,0.02267620640976937,0.00876097020936985,0.014006753689141206
-0.1,cue,BNST_p1.00,101,-0.023684125139247388,0.01297118733147439,0.0003745938785117234,0.007095250448510655,0.006940772306649875,0.00924231998939801,-0.016118632426639995,0.006437575910441219,0.01606836298754198,0.02277275415276789,0.00989330169974472,0.013648497029285268
-0.0,cue,BNST_p1.00,101,-0.02512223000573333,0.013096461068439001,0.00038070731224281514,0.006948374143162267,0.00859740710990804,0.009290212472066147,-0.01586687719167004,0.006601924016106623,0.016793904470573672,0.022733678464859,0.010510822612311373,0.013277997281904852
0.1,cue,BNST_p1.00,101,-0.026261069505891473,0.01310200257267535,0.00046543237084327536,0.006837685818168682,0.009776264015857487,0.00934847739181332,-0.015345745903327645,0.006775070856178339,0.016593348540123714,0.02289681011179414,0.010592027042591679,0.012980388413184609
0.2,cue,BNST_p1.00,101,-0.02685660092920443,0.0130164043203274,0.0008830641618170717,0.006771217445853124,0.01061203690383249,0.009385577760982216,-0.014936212718808404,0.006939706149070561,0.017040475128196387,0.022941491229103564,0.010779105167140578,0.012813076903126407
0.3,cue,BNST_p1.00,101,-0.02721961788774582,0.012932135474982637,0.0017277111801970396,0.006708388756523077,0.011709973017878099,0.009507384751218645,-0.015318044168926378,0.007053453490932876,0.018869416585093713,0.02296797887783583,0.011488202278023609,0.012855562795240137
0.4,cue,BNST_p1.00,101,-0.027021207958638965,0.012781320234659749,0.002686958567268106,0.006648942940628318,0.012453646584766205,0.00955818374822564,-0.01567279073649875,0.007079322940565362,0.020170875281191058,0.022959295575846715,0.012272265218998149,0.012945661532852003
0.5,cue,BNST_p1.00,101,-0.026161419986648896,0.012634451627469871,0.003522704042025391,0.006546008332230349,0.012949320016931814,0.009633504232662652,-0.01573681028233088,0.007118170909459884,0.020095467201278725,0.02296634691775178,0.012865199714103548,0.012905288622949459
0.6,cue,BNST_p1.00,101,-0.023901397634711788,0.012370747569740768,0.003942189102743234,0.006429805334980688,0.012563536435031945,0.009667079981713452,-0.01596231014074225,0.0071719609958636,0.019053879283702366,0.02283071826460838,0.013282062835100876,0.012892768280394493
0.7,cue,BNST_p1.00,101,-0.021052976678579336,0.012098784989456667,0.0041078217811857335,0.006319892275902832,0.011417352186515572,0.009696720737467236,-0.0158245684117004,0.0072366547257494505,0.017726394774064794,0.022565972010937633,0.01272862934569761,0.012957064943521904
0.8,cue,BNST_p1.00,101,-0.01722170342942091,0.011921717402561439,0.00432998691667492,0.006203411931039162,0.009714140425092327,0.009745525651699593,-0.01593346053153902,0.0072528050823930604,0.016195615694698306,0.022148042133042226,0.011945769830240234,0.012994526013231913
0.9,cue,BNST_p1.00,101,-0.014038864125007709,0.011814865287357248,0.005021393129642787,0.00612908052950478,0.007759406541919587,0.009857409249237318,-0.015581350064871363,0.007289884560969804,0.014407469917030838,0.021737021595638246,0.01165952522638552,0.013124012221732014
1.0,cue,BNST_p1.00,101,-0.011475058033022928,0.01178068498859513,0.005564746438356912,0.00605423143232914,0.005441362218832928,0.010023210307446276,-0.015399667748092441,0.007387204793091652,0.01321894013045631,0.021267127745497875,0.011307155806474643,0.013200898928600414
1.1,cue,BNST_p1.00,101,-0.008151671192574726,0.011781000682744763,0.005466632422489537,0.005924847487448288,0.002886124793403808,0.01015476960231787,-0.015596574653482947,0.00742935970396816,0.013347959025562963,0.020911114455116574,0.01042582242111444,0.013090638011061433
1.2,cue,BNST_p1.00,101,-0.004977769310312912,0.011848184021880962,0.0051872816181701255,0.005813633160899324,0.0006643523642357849,0.010283253041285021,-0.016095473963359874,0.007506305301956832,0.01282618621094978,0.020839523388476635,0.010194996022670934,0.012960549677926125
1.3,cue,BNST_p1.00,101,-0.001961466124301595,0.011797392952461006,0.004465423976001291,0.005686913979805208,-0.0012410104679534697,0.010304365290638847,-0.01687162591708029,0.0075996634713074475,0.013078760579970516,0.020848583547428384,0.009699244973251383,0.012888219942406355
1.4,cue,BNST_p1.00,101,-3.275557857241632e-05,0.011796188027199181,0.003266747032472005,0.005629521255815735,-0.0022032869884833655,0.010316809209629386,-0.016918043446522774,0.007621438348320941,0.01320067645610228,0.020801949109574013,0.008530199169951139,0.012837097080730383
1.5,cue,BNST_p1.00,101,0.0010541854890396614,0.011723069286155054,0.0020034903105692844,0.005641450930377504,-0.0025634888308999786,0.010337757285654448,-0.017207153643067265,0.007698957545491485,0.011231803393777889,0.020664547645393678,0.007803176152237841,0.012779467167022081
1.6,cue,BNST_p1.00,101,0.0020172077290883886,0.011685763821841024,0.00047804207684070776,0.005752676112263815,-0.0024513316666270528,0.010325689601725129,-0.01666586375261952,0.007751460920282578,0.00928745132437867,0.020784971342748104,0.006078538968500874,0.012816265203247095
1.7,cue,BNST_p1.00,101,0.0027328845746983025,0.011722188098176196,-0.0009376698302517599,0.005951212052564927,-0.0018014676673305953,0.010282972909438604,-0.016242770276668258,0.007716760943927075,0.007974620290281996,0.021014584197949514,0.004497033124813102,0.012978716246565151
1.8,cue,BNST_p1.00,101,0.0025682672520586643,0.011745006581503637,-0.0023889071570067774,0.006222725765808389,-0.00040276238123645867,0.010232495639781378,-0.016026908172702952,0.007664197243081582,0.008161367783060739,0.02117325219297168,0.002600218135088646,0.01315157442096025
1.9,cue,BNST_p1.00,101,0.0021552933232156127,0.011789213763965451,-0.003632193833323566,0.006475055484553232,0.001995655407243867,0.010233860889399355,-0.015949149947138117,0.007599180112312451,0.008536845350945527,0.021358325962138432,0.0004741764412505012,0.013289410294673239
2.0,cue,BNST_p1.00,101,0.0007420038926166797,0.01189193864767858,-0.0049535423639556694,0.006657372450553725,0.005159115340767205,0.010187796351984626,-0.015827185853381786,0.007589225413814912,0.00913221321619345,0.021515888776909742,-0.0020786812503722986,0.013344233353821384
2.1,cue,BNST_p1.00,101,-0.0009388734511389915,0.011968696825885704,-0.00604850430577195,0.0068308897507657765,0.00872610717015479,0.010109758162561676,-0.015343404784661601,0.007567710763840441,0.009228081829518078,0.021646614960566524,-0.003714873275872236,0.013377405042014135
2.2,cue,BNST_p1.00,101,-0.001760550643867717,0.01210608057104729,-0.007219477943660436,0.007040461098714706,0.012492466917105366,0.010080608187922804,-0.014897167663969825,0.007514158470034273,0.010396942175181823,0.02199536194267027,-0.005586810027026631,0.013399115582437244
2.3,cue,BNST_p1.00,101,-0.0022148455964826064,0.012191928194738735,-0.007798520894977321,0.0071786657782600275,0.01667037553898792,0.010039924365302889,-0.014100932095977438,0.007419513824758849,0.011995052392581241,0.022397825929992808,-0.00758170120731116,0.013437965505058155
2.4,cue,BNST_p1.00,101,-0.003403856911112047,0.01212624195456917,-0.008114625254686978,0.0071364699662364904,0.021194282106295596,0.009945879915060449,-0.013180849339903529,0.007328580836922152,0.013762726602030945,0.022810438118135073,-0.00967727959475436,0.01314152457483651
2.5,cue,BNST_p1.00,101,-0.004553234110166989,0.012163807648262973,-0.00778883973388206,0.007121805556641649,0.025969179484669622,0.009937972044726217,-0.012062801722039423,0.00725898790262154,0.014934418256662025,0.023354137378076314,-0.011376039285382672,0.012918779665169184
2.6,cue,BNST_p1.00,101,-0.005820573203602562,0.012163185306445203,-0.007050053029331255,0.007070633875908499,0.03106151632211589,0.009925307179428168,-0.01172647784057622,0.007123060070834878,0.01622908314338654,0.023979294442445787,-0.012394193422114697,0.01265636591237351
2.7,cue,BNST_p1.00,101,-0.0063728754467185025,0.0121611581106819,-0.0061158746929891785,0.006969101056516461,0.035904170694541944,0.010009932424306353,-0.011489318970065153,0.0069302383589103,0.018231346730136638,0.02469222448561037,-0.01307863124826715,0.012407442358089006
2.8,cue,BNST_p1.00,101,-0.005919807357050334,0.01212706458027274,-0.00525690851363397,0.006834076275657233,0.04019480770835921,0.010112237713593835,-0.011442254727734708,0.006793235206342472,0.019940208777176803,0.0253901345574243,-0.013518384366435099,0.012118513104953082
2.9,cue,BNST_p1.00,101,-0.0064149585119301885,0.011955329019427991,-0.004750684176241418,0.006718383026703241,0.044266240338422844,0.010168096757221228,-0.011663811292802018,0.006680623049615783,0.02268986150943772,0.02594668963054997,-0.013630847201678849,0.011886977326347293
3.0,cue,BNST_p1.00,101,-0.0069628109755478125,0.011842244479180412,-0.004115854643775435,0.006615618425007727,0.047998693910990625,0.010240298043153013,-0.01172095983995665,0.006622548215442471,0.024905691891563997,0.026312500633911544,-0.013383202852843796,0.011810473472137654
3.1,cue,BNST_p1.00,101,-0.007728663956866222,0.011795069876071826,-0.0028982242004927995,0.006581996915312821,0.05109082686637537,0.010318119716596465,-0.011742719439014325,0.006568183016152397,0.026496164741153284,0.02634703441989803,-0.011883979831338782,0.01177294349593991
3.2,cue,BNST_p1.00,101,-0.008420785395285929,0.011782847022517648,-0.0019872155662167944,0.006578822567753409,0.053821202875385186,0.010463828102711653,-0.011552387598338269,0.006625926616335957,0.027796091063680292,0.026152697777249705,-0.010034569653899227,0.01171201767398048
3.3,cue,BNST_p1.00,101,-0.009319049449178862,0.01176079511232238,-0.0010520140495898502,0.006617366139811035,0.0572601922669669,0.01066141399670962,-0.011897360141364942,0.006699803728803626,0.02964113003460916,0.025841108625704167,-0.0073760617554854855,0.01172075803579409
3.4,cue,BNST_p1.00,101,-0.010413439086862306,0.011742726756383378,-0.00033187986572729615,0.006710537753781357,0.06045361950936411,0.010816757858244607,-0.012403507705931212,0.006806811494300828,0.030844281341955642,0.025455763578396143,-0.0056462808740612,0.011937702429606501
3.5,cue,BNST_p1.00,101,-0.011653573230705866,0.011736078631499468,9.389279866351793e-05,0.006832496926788643,0.06339146813222922,0.010938905042186253,-0.013213688212557346,0.0068988731536763215,0.02992142601190094,0.025043247995699545,-0.004408539206077432,0.012199373466189574
3.6,cue,BNST_p1.00,101,-0.013222634070718024,0.011721268207339807,0.00040787057189678704,0.00693936633423846,0.06632288383049231,0.010969460395991368,-0.014403995282287361,0.006973349969312574,0.02867485768624836,0.02463361308900042,-0.002872002836471667,0.01242664428782337
3.7,cue,BNST_p1.00,101,-0.014176936347839793,0.011737395035345611,5.160840228257969e-05,0.007054585825215284,0.06898145216517707,0.010999822830834477,-0.01563061678540622,0.007090575256471737,0.026420979375907427,0.024129020486301278,-0.0020875321591289284,0.01258222924658769
3.8,cue,BNST_p1.00,101,-0.014872691617902487,0.011630881458758856,-0.0010071342309275907,0.00714053787438126,0.0710196481232893,0.010956130178577536,-0.01695476805376901,0.0071978290390718215,0.024375793939256478,0.02374990894703185,-0.001988387507051736,0.012747458842097145
3.9,cue,BNST_p1.00,101,-0.015581515841293905,0.011485732566287718,-0.0018937106221831638,0.007229253652888035,0.07233549699098162,0.010861220121598883,-0.01795570846786514,0.007206182036428732,0.02290351867890944,0.023168102968959294,-0.002192249543836018,0.01286149153524999
4.0,cue,BNST_p1.00,101,-0.01595094568393544,0.011464981678059677,-0.0025837931509252897,0.007274661530768507,0.07308800693161532,0.010786434497784742,-0.0190231565897789,0.00719524490572913,0.021554889544673845,0.02237082642550822,-0.0025757499826936257,0.012920313905951202
4.1,cue,BNST_p1.00,101,-0.016222753488013556,0.01154959458871431,-0.002908992755427987,0.007352453734215005,0.07405107174900648,0.010794657205435612,-0.020155500945723593,0.007155938333263433,0.020417748027411715,0.021660293951564116,-0.0024667364746802796,0.013065940264736318
4.2,cue,BNST_p1.00,101,-0.015381750621328502,0.011625052407497578,-0.0030168584882420695,0.007435507464130062,0.07495981895100791,0.010769906699350297,-0.021533768700102866,0.007068925154057452,0.019276755814074804,0.021223327683481796,-0.001978009711746068,0.013297964599403403
4.3,cue,BNST_p1.00,101,-0.014115944600752777,0.011635546879745327,-0.0031429287849787436,0.0075200957867495866,0.07591376396853307,0.010724602186634014,-0.02260913060124042,0.006963383883818906,0.018161302052531164,0.020956844736549702,-0.0020111965122604353,0.013511977394807919
4.4,cue,BNST_p1.00,101,-0.012908758276240136,0.01161865945005669,-0.0033909513764712575,0.007607490977813228,0.07719177360597546,0.010629269726512593,-0.023913705757220186,0.006884621820699254,0.01884106341911028,0.020824295577321787,-0.002782750220329179,0.013650013086658128
4.5,cue,BNST_p1.00,101,-0.011184574941885435,0.0116617587250973,-0.0037106538048754436,0.007669337982552559,0.07771210131233855,0.010511494446778185,-0.02545887633151218,0.006815280895171263,0.02131711226763366,0.020587536565665674,-0.004040398276126995,0.01366679749264866
4.6,cue,BNST_p1.00,101,-0.009702231505568657,0.011667355929952666,-0.003851037419028605,0.007683089421818873,0.07795255709061062,0.010432384342577735,-0.02666093822663722,0.006775207295946438,0.023357285352740124,0.020408357726783483,-0.005562432891647892,0.0136205821292161
4.7,cue,BNST_p1.00,101,-0.008201460297383924,0.011749532921489166,-0.003964391732086302,0.0077426425619536365,0.07811818731156527,0.010391884721482792,-0.028037794228098354,0.00672496558719241,0.025762127798652088,0.020286791429205777,-0.006477360628010073,0.01357997022909533
4.8,cue,BNST_p1.00,101,-0.0070654871764872645,0.011734098583786825,-0.0038257494507904625,0.007724962940350224,0.07835052827917657,0.010330370279760845,-0.028725062469364345,0.006684136272678038,0.028581254105102115,0.019925112129286247,-0.006282897346104009,0.013555926810997036
4.9,cue,BNST_p1.00,101,-0.006835891937456232,0.011601124872356774,-0.0028644911497858953,0.007675439789578369,0.07864527723437303,0.010271401471242659,-0.029160623205597692,0.006675553888486006,0.03232539358023325,0.019712742789816336,-0.004421263154741236,0.013408542608307306
5.0,cue,BNST_p1.00,101,-0.007226681267512382,0.011555635611748466,-0.0014022928236874976,0.007659027058268395,0.07897468423226667,0.010246781436943481,-0.02907266099716635,0.0066881780062111925,0.036023821519309676,0.01960203177906755,-0.0015673116137422415,0.013388524650791142
5.1,cue,BNST_p1.00,101,-0.00802778145134658,0.011549496503026306,0.00023499578889752534,0.0076930902377881135,0.0791803522818659,0.010212265742223014,-0.028863214698488588,0.006711066048470987,0.04065047915881157,0.01968032291512514,0.0017474421962311284,0.013502500320903098
5.2,cue,BNST_p1.00,101,-0.009348631058468863,0.011534723468433398,0.0017056536658633888,0.007721275678036399,0.07947427565100296,0.010208849028531291,-0.02851095608501869,0.006726810161508567,0.045618053455474025,0.019753521667909824,0.005169343533175543,0.01368666984736747
5.3,cue,BNST_p1.00,101,-0.01022689635860281,0.011599355177084731,0.002936677509854381,0.007721363851300775,0.07958820487620923,0.010310557373869563,-0.0279545856241677,0.006733938248411885,0.0485945111007712,0.019809029959042698,0.008300078964540825,0.013906936112589731
5.4,cue,BNST_p1.00,101,-0.012207302183507391,0.011763235480437662,0.0037035355428528317,0.007758155708571973,0.07901669635542265,0.010467297898731076,-0.027272798805968397,0.006731291141118758,0.051768665797738714,0.019921417025926706,0.010173503832413701,0.014247593281774364
5.5,cue,BNST_p1.00,101,-0.015173002316141647,0.012014407149569714,0.004200345724337675,0.007775604722541823,0.07807865034333224,0.010643053514208179,-0.02683892919049006,0.006695955602964474,0.054785280762470176,0.019953578948218982,0.011432196263397199,0.014668628820464144
5.6,cue,BNST_p1.00,101,-0.018881134920935114,0.01230722636201847,0.004853965542527754,0.00778890204915566,0.0768459014456279,0.010812000069178965,-0.025889673572923978,0.0066888291384487346,0.05679349987775122,0.020000236206224657,0.013634505490206556,0.015114131708181959
5.7,cue,BNST_p1.00,101,-0.02345749454633584,0.012559413602367285,0.005669424365825717,0.007784816306349558,0.0755119853989307,0.010954678581859847,-0.024205604344096437,0.006705142115667134,0.05729945368377655,0.020119995824040948,0.01610697023157449,0.01545538128903461
5.8,cue,BNST_p1.00,101,-0.028399131395826976,0.012804649192974008,0.006586742962174125,0.007747230211763591,0.07465493106272614,0.011053429158300607,-0.022527564592960254,0.006769713485003792,0.05627832020201144,0.02018684098543454,0.018369272252122107,0.0156740737894665
5.9,cue,BNST_p1.00,101,-0.03283488472968229,0.012953057611197064,0.007629134436483942,0.007758200206893104,0.07321876821528206,0.010989177531690758,-0.02072903234698158,0.006879891180354762,0.055390871815545424,0.020415803716096474,0.021066228878979867,0.015839558153904747
6.0,cue,BNST_p1.00,101,-0.03711559427944496,0.013071143758744143,0.00879154401511719,0.007762476534018331,0.07153764398011254,0.010877999661914158,-0.018915197645904894,0.006994775336369082,0.05408839469538837,0.020791502421288594,0.023646129503219263,0.016010611884858
6.1,cue,BNST_p1.00,101,-0.040857995914803144,0.012981663408726574,0.009481553991656967,0.0076657549511407255,0.06942021445776814,0.010678010844784452,-0.017239166675940557,0.007107390828840322,0.05167962590814418,0.02113840509385112,0.02560171087893822,0.016091532901924003
6.2,cue,BNST_p1.00,101,-0.04355377138244115,0.012816143233938877,0.009737699763393405,0.0075199172585332635,0.06681582548164522,0.010508169864170755,-0.0160135253057307,0.00725830072124189,0.04873391741428574,0.02150570273946181,0.025754595533073615,0.015936505411691948
6.3,cue,BNST_p1.00,101,-0.045953622364633066,0.012568120043691386,0.009847980504703124,0.007345915494824249,0.06476487797676028,0.01036135115717042,-0.015465764114992208,0.007468097340993058,0.046552085012541246,0.021987584273372312,0.026030537360943524,0.015717897684912635
6.4,cue,BNST_p1.00,101,-0.04739888315542086,0.012256390165989856,0.009668360737485948,0.007204802862984313,0.062081162745788926,0.010295530196787337,-0.01554539005732092,0.0076143807801425,0.04244727957065288,0.022419049384040865,0.025504987878707645,0.015381292840774285
6.5,cue,BNST_p1.00,101,-0.049156564861669715,0.011978960497816575,0.00928781599144718,0.007056650009775896,0.059713251029012794,0.010280486193976462,-0.01573472102051797,0.007781856535341592,0.04037114102767838,0.02276238319282264,0.025000341708099606,0.014964535719732037
6.6,cue,BNST_p1.00,101,-0.05104597671237247,0.011776627592818577,0.00943514843123331,0.006926486445036553,0.057630437025865254,0.010293327046756557,-0.01580188910441631,0.007897467075390479,0.03931019884484975,0.023091368482736706,0.025384722987117532,0.014533602716356207
6.7,cue,BNST_p1.00,101,-0.05159990694511756,0.011632725242560095,0.009813186257610783,0.006845671179676679,0.05557266395675713,0.010246523548110533,-0.016170651476068554,0.007924048194957642,0.038645307389391696,0.02327699321465052,0.026310937720344346,0.014173599922807702
6.8,cue,BNST_p1.00,101,-0.05117815318492449,0.011561412224724909,0.010198770318075048,0.0067738472589311885,0.053220249470148036,0.01024165063416025,-0.01638387012404135,0.007893667390895987,0.03674017712670128,0.023272102131923485,0.027259654553810627,0.013822377380809771
6.9,cue,BNST_p1.00,101,-0.0491524864326813,0.011573784203297265,0.010236862032788487,0.0067354965390246995,0.05120174616932453,0.010319347631999206,-0.01683554496450142,0.007856077402094434,0.03384071330603742,0.023240784589949486,0.027255056751692507,0.013547268267069087
7.0,cue,BNST_p1.00,101,-0.04583554236180548,0.011751662886694368,0.009730800379604786,0.006747686079734056,0.048567336183845296,0.010403687541008597,-0.017587861768948748,0.007856311515525983,0.031320899611292675,0.023111973857601633,0.026935640455026586,0.013289665320413787
7.1,cue,BNST_p1.00,101,-0.04214057004601022,0.011860966808662277,0.008978340910618292,0.006751666280221766,0.045750355981185764,0.01051897388748931,-0.018258752336196636,0.007859961337520488,0.028806285728039473,0.02283930565720422,0.026503394717748145,0.013013223501929502
7.2,cue,BNST_p1.00,101,-0.037494417282142464,0.011918143906154555,0.008174116822063976,0.006803814717911249,0.04274173756014034,0.010618900708844015,-0.018772735316736247,0.007821075225795178,0.026841579506182774,0.02261977362673623,0.026099818313150516,0.012790269987139094
7.3,cue,BNST_p1.00,101,-0.032211330333586384,0.01194717706346816,0.00703581281858785,0.0068132530277917325,0.040527109782967224,0.010581453136550645,-0.019246703394256142,0.007769850310367828,0.027074904893698345,0.022365165809907987,0.024234757524950554,0.012585011418892122
7.4,cue,BNST_p1.00,101,-0.026180085561851127,0.01197378975619899,0.0054929025886082386,0.00680999480333969,0.03851002129267335,0.010574558564197993,-0.019523949682444246,0.007715011970130947,0.028721833023861394,0.022125884531353054,0.022159152728270654,0.012289274229997423
7.5,cue,BNST_p1.00,101,-0.019777062383729106,0.01203694331522667,0.004082470499599411,0.0067974360324278655,0.036658532756053665,0.0105414577463846,-0.019472560547877372,0.007630226666421705,0.02991024691682564,0.021864430720559404,0.02057915801255084,0.012063940351042145
7.6,cue,BNST_p1.00,101,-0.012533685334619757,0.012032763481001416,0.0032602188646587084,0.006745963231648336,0.03443781112989227,0.010399571284980518,-0.01816612055045101,0.007490031359866344,0.030511447468586757,0.021524244402384537,0.01909205657611553,0.011944758279991632
7.7,cue,BNST_p1.00,101,-0.005813676657980196,0.01209646588869919,0.0028140042622582114,0.0066829242095642,0.03335644659278856,0.010324296202226722,-0.016538774359695783,0.007358351296093921,0.029713717862443763,0.020882921216641384,0.018302597672420824,0.01191342511268276
7.8,cue,BNST_p1.00,101,0.0006434300783773826,0.012164416144255862,0.0018000132249489727,0.0066991568606303824,0.0331684726167597,0.010263867742623056,-0.015443627386049888,0.007254501488623228,0.026856770909614254,0.020415655262076216,0.01673685923511482,0.012040115767662235
7.9,cue,BNST_p1.00,101,0.0073677922003858,0.012269849331510145,0.0006290403941745633,0.006748231289017628,0.032895500808336274,0.010314372205780827,-0.01409636037937747,0.007196159195636496,0.024875674121625817,0.020193132066025216,0.015060276959380751,0.01227681891067841
8.0,cue,BNST_p1.00,101,0.013788416388569225,0.012501937543148729,-0.0006145891339253046,0.006851561341924351,0.03352148311084822,0.01042712267725557,-0.012621265697094385,0.00712679921931982,0.023231401246679637,0.02006162712939999,0.013250797520395093,0.012616050086983117
8.1,cue,BNST_p1.00,101,0.020482975196245413,0.012673941736199457,-0.0013475187153255913,0.006917181441865602,0.0344886997116265,0.010490365134451911,-0.011706766113352083,0.00710506115042358,0.02262675957176883,0.019851350991232985,0.012623303462656634,0.012790744803206978
8.2,cue,BNST_p1.00,101,0.027303666826535244,0.012851298976594434,-0.0019449123088039666,0.006983503389337514,0.035358095644253074,0.010565670800672472,-0.010888773172894672,0.007091554539772371,0.023261892257015106,0.019721519731918612,0.012960069306012807,0.012820808254060387
8.3,cue,BNST_p1.00,101,0.034268954654432505,0.01309593347084035,-0.002621076432415202,0.0070477389827274285,0.0367109450469365,0.010648015698853817,-0.009930159791368996,0.007097871345423711,0.023987256870164644,0.019775404301300894,0.012580899379769106,0.012781338940385406
8.4,cue,BNST_p1.00,101,0.04119061496697997,0.013442374601200253,-0.0031066286797803893,0.007087590139026405,0.03867691530738246,0.010759478449665868,-0.00900367236840553,0.00717096397091562,0.02560676656347003,0.020008231897563657,0.01237990785569907,0.01272275163440164
8.5,cue,BNST_p1.00,101,0.04784657380237109,0.013782938026649013,-0.0036485902613283615,0.007142826633768308,0.04067850441813201,0.010882646768990251,-0.008582513906807393,0.0072412588422555236,0.026249172028259386,0.02022591945651533,0.01205303804302755,0.012664536649512339
8.6,cue,BNST_p1.00,101,0.054153927339150185,0.01400305598637856,-0.0041027385478546174,0.007163311668536981,0.04221961482870687,0.010950703181704574,-0.007918425717856345,0.007308066172142263,0.025920398711568933,0.020292930971811497,0.011993120009124376,0.01255011240180455
8.7,cue,BNST_p1.00,101,0.06029450778701343,0.014088225121803298,-0.004342612267140828,0.007186068651287947,0.043431704182511334,0.010938010560275118,-0.007383534665096183,0.007403576861378614,0.02540050390841055,0.020316725456954083,0.011901693804039418,0.012391662913548727
8.8,cue,BNST_p1.00,101,0.06673370352474803,0.013997518544970935,-0.004636559721770813,0.007211070062167899,0.04479409485297812,0.010896944254938637,-0.007216215124104165,0.0074458893685968724,0.023281278233111657,0.020477830192027282,0.011629268611035248,0.012328512272767506
8.9,cue,BNST_p1.00,101,0.0746541628597492,0.013775464614419627,-0.005489235561718973,0.00724214858797655,0.045492376282944426,0.010695753799907677,-0.007782631345508687,0.007474184862889032,0.020414931147633743,0.02064048065970076,0.010280514911421476,0.01225899803640111
9.0,cue,BNST_p1.00,101,0.08454128377722586,0.013547657030671753,-0.005710635205706088,0.00722286833418284,0.045334986858763734,0.010437097405320924,-0.007449028140853294,0.007494194920010024,0.018187218517935217,0.020670238054910445,0.009392606368387986,0.012166247165988612
9.1,cue,BNST_p1.00,101,0.09443267076718737,0.013345670412040784,-0.005799150863417935,0.00722860934727064,0.045384063598314574,0.01014884449225503,-0.006329141142602658,0.007473475536282447,0.015122642367213729,0.02071591242866785,0.008784983988675128,0.012170775253153637
9.2,cue,BNST_p1.00,101,0.10453527021841108,0.01309667559492359,-0.005989018380205985,0.007219854951717692,0.04563909855948817,0.00983651230154265,-0.004932493333248624,0.007450698413886352,0.011167947789508994,0.02075008842623382,0.007854810840567336,0.012273929113462884
9.3,cue,BNST_p1.00,101,0.11438576547995727,0.012850988185007552,-0.00615077499211545,0.007195196859368104,0.045653490754539144,0.009608628822888463,-0.003328738950095418,0.007456318750813923,0.008071271904549291,0.020697898719141343,0.006686934297617419,0.012491585574301066
9.4,cue,BNST_p1.00,101,0.12347026912226743,0.012580336742713088,-0.006871216669707068,0.007203753868111728,0.04598993729830745,0.009446938615900917,-0.0014646297951291683,0.007490341373897129,0.004626416816538081,0.020538149486593722,0.005354540877600031,0.012746221649965393
9.5,cue,BNST_p1.00,101,0.13262563368328223,0.012491939057211314,-0.006998226892945908,0.007229341908769842,0.04588057395145236,0.0094077216951896,0.00021830687547329968,0.007558778108040862,0.00010660149349495686,0.020271353322007614,0.004913858604161464,0.013006393145609583
9.6,cue,BNST_p1.00,101,0.14112550523774653,0.01243904584992779,-0.007168284159355089,0.007289793219458941,0.04541951968281617,0.009471954117327826,0.0019098950978728448,0.007632567654129772,-0.0044402088291868895,0.01997301140427787,0.003970137564779012,0.013307511873001365
9.7,cue,BNST_p1.00,101,0.14923393244647654,0.01241971941762625,-0.007014368802909399,0.007400705459418025,0.044379642739165635,0.009538413075473439,0.004114893248186043,0.0077364884009476975,-0.009564399230567715,0.019870042422206413,0.0032736470681004135,0.013550510307363825
9.8,cue,BNST_p1.00,101,0.1572548049925739,0.01245100875427464,-0.006224794013608928,0.007461749431987593,0.04313172996410912,0.009584101096336351,0.006612166029678311,0.007845586560066802,-0.014909895361115423,0.01992960295365974,0.004165084822553648,0.01377017823187751
9.9,cue,BNST_p1.00,101,0.16521616581988408,0.012505268645303358,-0.005391490253521344,0.007432375631593035,0.042145608992075353,0.0097333069544406,0.008759920127352197,0.007892479655032989,-0.02040792113580811,0.01998011981585987,0.005222188953177428,0.013778393441217009
10.0,cue,BNST_p1.00,101,0.17302930403851605,0.01265608392933118,-0.004312223469898025,0.0074096957507051335,0.04096871584144624,0.00989407061932731,0.01147765965081805,0.00787592825401507,-0.0237406267350872,0.019955339794652964,0.0067408346352326376,0.013886309129827646
10.1,cue,BNST_p1.00,101,0.17930606546655142,0.012843473434269887,-0.003318470565312148,0.007369143990937923,0.03952698866263509,0.010040333281716373,0.014365719066487127,0.007818321979648706,-0.025544829222460253,0.01987147492365566,0.00846640458199889,0.013941372929491437
10.2,cue,BNST_p1.00,101,0.18351722244323698,0.012903269582456271,-0.002507607287758863,0.007310484980691545,0.03843535008467302,0.010090184571838594,0.01680457718012005,0.007766356645104699,-0.025936424626096938,0.019537454556990755,0.010624184013755675,0.013928169704009329
10.3,cue,BNST_p1.00,101,0.18786010069518744,0.012990966371178591,-0.0019880125999418977,0.007185187810215933,0.03665083872892303,0.010068470650161915,0.01875264916266013,0.007703602970743319,-0.02631250172142639,0.019370578129537627,0.011682837389588247,0.013756756125055112
10.4,cue,BNST_p1.00,101,0.1910967404812881,0.01308088352664106,-0.001349835552510682,0.0070775829624286375,0.03446423996281662,0.010036995600970731,0.02002667713545351,0.007629646893569907,-0.02560281961725748,0.019329790027444817,0.01359384315503689,0.013611994091737122
10.5,cue,BNST_p1.00,101,0.19365490852060477,0.013263500913674451,-0.0007799345704144771,0.007042528870261235,0.03175807965054707,0.010034962548800992,0.020858918366460776,0.007501777909481028,-0.026209007503584607,0.01947669641523423,0.015490705002961354,0.013552630716747107
10.6,cue,BNST_p1.00,101,0.19612261025740568,0.01345971436968806,0.00035019145204711824,0.0069724111542967945,0.028524210970033225,0.009987360675527027,0.02171401397474504,0.007417590520734249,-0.027196375760160287,0.01951167660718835,0.017094817898616006,0.01337700445272585
10.7,cue,BNST_p1.00,101,0.19777697471019132,0.013628491322161826,0.0014602111428727404,0.006887502495922641,0.025403877686247984,0.009944305907765393,0.022583354371251026,0.007364765063617902,-0.02763399102271699,0.019538682125862735,0.01777337038153861,0.01320664818478524
10.8,cue,BNST_p1.00,101,0.1980948600508877,0.013782608531776918,0.002814283090229499,0.0068105820156538965,0.022827036672394586,0.009840689785566048,0.0233429383921097,0.007320580460396782,-0.027255358966240862,0.019420802008870214,0.019333299736028767,0.013131349057309548
10.9,cue,BNST_p1.00,101,0.1979893723193324,0.013950624889139443,0.003973163367326166,0.006735441873853399,0.02048523547466894,0.009728496469631078,0.02347993379952629,0.007310526612733863,-0.026407737882330903,0.019388119268719493,0.021236268869489927,0.01314412412471994
11.0,cue,BNST_p1.00,101,0.1974452941651023,0.014182273390885342,0.004352511614414265,0.006707421452359518,0.018292879383970475,0.009742917156530796,0.02361575991406009,0.007394280643851898,-0.02631352312812033,0.019349617066327988,0.02199577956763762,0.013333498557513928
11.1,cue,BNST_p1.00,101,0.19519354663410118,0.014386446791566788,0.004168562566167578,0.006629337963738529,0.016003845558880406,0.009717962841259713,0.023543385535485885,0.00749113608689959,-0.027133922397554733,0.019225496709223612,0.02130763274204081,0.013441985349792655
11.2,cue,BNST_p1.00,101,0.19140708598457673,0.014633987074989715,0.004016727553988814,0.006523508626831661,0.014462487706328053,0.00971392147638878,0.023334170810101116,0.007634438463158228,-0.029440977664399477,0.019094786787517627,0.02106769555773882,0.013497222933797655
11.3,cue,BNST_p1.00,101,0.18662273549088254,0.014808483087976542,0.0038534854936834837,0.006409288765457037,0.013081877898490635,0.009729099163628074,0.02361914338409584,0.007798553163454637,-0.0312627311156898,0.01899824445578412,0.020569015012064953,0.01356101176097926
11.4,cue,BNST_p1.00,101,0.18100651935769105,0.014985482587444546,0.003034204798444436,0.00632539301463981,0.012408044404751071,0.009828758622142742,0.024553787399359157,0.007866161517991938,-0.03240358200969588,0.01884448537543144,0.0189043347458117,0.013604933865036785
11.5,cue,BNST_p1.00,101,0.17378536002224,0.015063915046325453,0.002512266199258549,0.0062436018917035215,0.01202201930606144,0.009975927996877458,0.025806149903802793,0.007966654040102867,-0.03293506765157519,0.018649725926326268,0.017835862739907123,0.0135716328335679
11.6,cue,BNST_p1.00,101,0.16580941807138339,0.015135413860835766,0.001955441078444958,0.006231100331714883,0.011954570123552725,0.010162380243770263,0.026912716787610327,0.008069949353559867,-0.03376178814619707,0.01856326948018969,0.01745376647535211,0.013601690800295326
11.7,cue,BNST_p1.00,101,0.15692694522735226,0.015167372360054589,0.001059688555492694,0.006336256725727657,0.01230458818478448,0.010353265241101679,0.02812565688837494,0.008100894998612959,-0.035307008383437775,0.018539207979400892,0.016161781869230073,0.013720732042225669
11.8,cue,BNST_p1.00,101,0.1472612123584063,0.015109114696230925,6.852442545025494e-05,0.006543661878595157,0.012326290070580026,0.010502263568471401,0.02960901332738768,0.008137041397015946,-0.03692619539951867,0.018526523754816213,0.014734930265967254,0.013920152300386998
11.9,cue,BNST_p1.00,101,0.13662574440453448,0.014987659399748271,-0.0010508694598232499,0.00677364191346228,0.01232422445356955,0.010587564112301374,0.0310698983758052,0.008166680804502214,-0.03795699436513346,0.018565723437598085,0.0130631732546854,0.014074970305387848
12.0,cue,BNST_p1.00,101,0.12557478516613352,0.01477639736744321,-0.002217219615918452,0.00699533757677546,0.012428467093779264,0.010645539819637086,0.03241171410523414,0.008228232423713485,-0.039773442576308646,0.018709712973673742,0.010978850308374827,0.01412063021231383
12.1,cue,BNST_p1.00,101,0.1146170548904652,0.014607577280323946,-0.003303602713101921,0.007229052383537408,0.012661682850730892,0.010708994725952204,0.03387418772709081,0.008271911012587764,-0.04180859239633474,0.018927693424384415,0.008828294108791565,0.014188457530367182
12.2,cue,BNST_p1.00,101,0.1029976435622057,0.01444954629598307,-0.004340286905002637,0.007513624435246928,0.01305480910678629,0.010782084710651214,0.035400400647006294,0.0082714939449973,-0.04425596574299409,0.019207743995633457,0.006037923325655921,0.014273560924915432
12.3,cue,BNST_p1.00,101,0.09109066791636554,0.014305022755488898,-0.0044212464762951815,0.00777116776226181,0.013798905592083662,0.010851616521573954,0.03693406849102109,0.00822283495682378,-0.044672874519063197,0.019439313271919896,0.005368542188876088,0.014375294140117643
12.4,cue,BNST_p1.00,101,0.07971619677991974,0.01420412113009287,-0.004769828822700113,0.007856788170616476,0.014191896504599377,0.01090681525868243,0.038185599470089926,0.008199524413268556,-0.04285087775337964,0.019694715715116665,0.0039728271598206775,0.014244043461124239
12.5,cue,BNST_p1.00,101,0.06892219769396184,0.01409536340835774,-0.0049557841467533096,0.007920573623203803,0.014087756851624356,0.011002288456435989,0.03893503998885068,0.008193180609606185,-0.041109764324696055,0.019924447301010634,0.00298078821225665,0.014074554037788747
12.6,cue,BNST_p1.00,101,0.058078905157808204,0.013978821113888741,-0.005253871184857485,0.007848365687616788,0.013654149930837437,0.011067237788720381,0.03882824410162556,0.008164752497633104,-0.04084509193040095,0.0201696214922582,0.0024734333878992606,0.013818569029322934
12.7,cue,BNST_p1.00,101,0.04784913171549263,0.013771829421388312,-0.005085224120169146,0.007672200435540491,0.012958277509051807,0.01103290525470984,0.03776248207726018,0.008158016136498029,-0.04003388503695534,0.02047750659498218,0.0028253705805441373,0.013559478946920061
12.8,cue,BNST_p1.00,101,0.03854869949723236,0.013631069934339485,-0.004903341906486506,0.00744358125595617,0.011738821724626362,0.010957746630136916,0.0368491922642574,0.008130277383007402,-0.03889669396817201,0.020775752225982404,0.0020717939462117775,0.013331154014040445
12.9,cue,BNST_p1.00,101,0.029949596874671275,0.013506915379484659,-0.004244469003250441,0.007279164776027671,0.010292492359113878,0.010877539539496082,0.03596591087599013,0.008147337119951949,-0.03477086918558331,0.02112872998637764,0.0020586785466782348,0.013200107955571617
13.0,cue,BNST_p1.00,101,0.022130446588127364,0.013480267493034834,-0.0035425607799963897,0.007125322536711598,0.00938323356350512,0.010838236593002277,0.034880768822836826,0.008174738789787262,-0.02992937005570275,0.021477606729096085,0.002217719969412016,0.013046737460848577
13.1,cue,BNST_p1.00,101,0.014931108800173464,0.013458309372899692,-0.0028444958859323347,0.0069752089010093376,0.009235657406840053,0.010868378543799285,0.033352328285786034,0.008206974056283557,-0.02479017028290018,0.021725580674255698,0.003414986060908151,0.012964162677456897
13.2,cue,BNST_p1.00,101,0.008843577382939016,0.013442641270754811,-0.0025142556144873273,0.006896007492829135,0.008956994914030835,0.010997406266592843,0.032210143810499026,0.008246607061215409,-0.020219972457851468,0.02182350159684006,0.004040167200121516,0.01293098872195911
13.3,cue,BNST_p1.00,101,0.002578875324178748,0.013420004901874977,-0.002169877710675077,0.006846972830639112,0.008904423169179427,0.011089554088599456,0.031036610935403563,0.008293560803936563,-0.015045641933797272,0.021800818250731838,0.005161519229177029,0.012960268516460318
13.4,cue,BNST_p1.00,101,-0.0033362729373522166,0.013456668570035982,-0.0020446447802888994,0.006842192121041238,0.00903801394152705,0.011147078239536291,0.029920994262180707,0.008359944413912343,-0.009482162239768032,0.021805951024029577,0.006227489192263054,0.013112584562935757
13.5,cue,BNST_p1.00,101,-0.008352164332684568,0.013560505170563867,-0.00183950037543852,0.006842131285832959,0.008833878838656398,0.01116011307237164,0.0289256080368327,0.008405307645476449,-0.003256492593387254,0.021799304323120525,0.0074521804916178195,0.013255011295832942
13.6,cue,BNST_p1.00,101,-0.012810063640795025,0.013724223762800957,-0.0019228582732959715,0.006810490978018103,0.009295114452917589,0.011118452823866294,0.02773072152475897,0.008435771181601113,-0.00010398617993220096,0.021690767391672333,0.007937338095970501,0.013271574857361449
13.7,cue,BNST_p1.00,101,-0.016892030555801893,0.013946599518862192,-0.0016760065192191677,0.006810194678716011,0.010024416068529635,0.0110791143450851,0.0267531740076988,0.008441607087563575,0.001371982185799129,0.02150175159358505,0.008788724903948943,0.013407936615874517
13.8,cue,BNST_p1.00,101,-0.020437922255210753,0.014084081273753345,-0.0013957158244184591,0.006837126146913317,0.011328926515335859,0.01101185346495974,0.025486410466940945,0.00842185013127124,0.004175181877508629,0.021215671476178165,0.009272526455224611,0.01363093764849831
13.9,cue,BNST_p1.00,101,-0.023453468316413328,0.014190978124760794,-0.000980321847537988,0.0068316795097464475,0.012787448890360075,0.010913091814404946,0.0250722788674818,0.008384811110062536,0.006373068441357349,0.020803707457796274,0.009577120372056928,0.013778312022632579
14.0,cue,BNST_p1.00,101,-0.025993802765928206,0.014207911165295356,-0.00047749334992720614,0.006778864333432641,0.01391642268675472,0.010819453143883965,0.024802222909847852,0.008389435033072181,0.0070956938946938886,0.020538038856519125,0.010604759320565909,0.013777490212682587
14.1,cue,BNST_p1.00,101,-0.02847833896151651,0.014170352416690082,-0.0005176579867882657,0.006755981452489048,0.015777818022065994,0.010728482139192665,0.024095151664287537,0.008405150473913662,0.005119580368958332,0.020451875064911543,0.011128777895569425,0.013761196850052386
14.2,cue,BNST_p1.00,101,-0.030831117106114237,0.014145217317762667,-0.0006785598443667493,0.006729053181822413,0.01786555997318123,0.010600424423679583,0.023164795229416914,0.008333516133728586,0.001188451182610692,0.020327604907913823,0.011120812694736587,0.013765975005944517
14.3,cue,BNST_p1.00,101,-0.03302875491393378,0.014141272150418062,-0.00093799409374733,0.006741829551330704,0.019034285953145966,0.010463871381055576,0.023073908403931146,0.0082250604708489,-0.0033906627054294384,0.020299471334697835,0.010898656244113928,0.013882730819322137
14.4,cue,BNST_p1.00,101,-0.03504456584670372,0.01415851683007309,-0.0011892956922625215,0.006779993824487637,0.020267474722041715,0.010345076472363242,0.022780847333799037,0.008150015183660615,-0.007164375681457929,0.020461623646054368,0.010254194333870453,0.014035596420174457
14.5,cue,BNST_p1.00,101,-0.03681435526646499,0.014207901100077653,-0.0013201808363583541,0.006851432563285583,0.021456063081812592,0.010259942159017339,0.022830591370021386,0.00812648947659445,-0.010814706980533436,0.020662356433229345,0.009880234003908604,0.01415529195852122
14.6,cue,BNST_p1.00,101,-0.037710037411223994,0.014260134573192784,-0.001089410652471721,0.00698042491374472,0.022298582180333728,0.010240532609547258,0.022959533568026252,0.00814005720583549,-0.015115967733797678,0.020944019845367198,0.01015749859498613,0.014278439892699255
14.7,cue,BNST_p1.00,101,-0.038281283406191205,0.014194831146920113,-0.0011059839526938182,0.007211814902512548,0.023347300172004995,0.01020630631938972,0.0223034633242346,0.008171661810399083,-0.019574945503496283,0.021347504268422794,0.01037178857497988,0.014543835227861141
14.8,cue,BNST_p1.00,101,-0.03873196456624478,0.014151515354836464,-0.001558434463030118,0.007397399335265684,0.024306493644343494,0.010110268038965588,0.021472191382691904,0.008216378418003316,-0.023873977449862433,0.02164742363623195,0.009405594402659376,0.014806325136429196
14.9,cue,BNST_p1.00,101,-0.038172750044642025,0.013961004008813907,-0.0020725825857412688,0.007418005488186755,0.024387488549484644,0.010042078783421218,0.021023328800294262,0.008327078634800597,-0.026131181018653794,0.021887961092074616,0.008738984317150813,0.014736080765136215
15.0,cue,BNST_p1.00,101,-0.038089769812192545,0.0137376407701993,-0.0026108542591873883,0.007424642208709431,0.024386289663156785,0.009972588358631379,0.020494643020815245,0.008439699038738969,-0.027124988532893437,0.022064330786410978,0.008119218922074997,0.014720048092088857
15.1,cue,BNST_p1.00,101,-0.03783956097060594,0.01345502254192209,-0.0035593261483955626,0.007397273464927728,0.02477172068837498,0.009907266878460242,0.019978397133094163,0.008488891099730835,-0.028097382377433942,0.02218261587160824,0.006891137649210973,0.014666000326389901
15.2,cue,BNST_p1.00,101,-0.037670829484130315,0.013177147935255257,-0.00442529868135334,0.007333190680378941,0.02526105329445285,0.009835021777772799,0.019179726714751138,0.00845424866437299,-0.027954890416025106,0.02238092027385537,0.005643093526897993,0.014617875495239201
15.3,cue,BNST_p1.00,101,-0.03783134980223035,0.012814598279223646,-0.00514762169631493,0.007212723368897215,0.026450626087871087,0.009711327816871106,0.018625910535706697,0.008377200511654699,-0.026557382870482937,0.02260259429192519,0.004920115066265478,0.014500930317691289
15.4,cue,BNST_p1.00,101,-0.03786599321094236,0.012560882672879942,-0.005863776088672212,0.007150228403775276,0.02701734120337473,0.009653203923268282,0.018039681840767523,0.008277238619736239,-0.023257066824609388,0.022690632469335656,0.004635999612518019,0.014511478838296775
15.5,cue,BNST_p1.00,101,-0.03726471526402606,0.012433336604159248,-0.006361328476872385,0.007120928466687585,0.02770403236528955,0.009646929913941362,0.01781981848979625,0.008161718674392053,-0.018661814081622905,0.022657251830518657,0.004725988803209555,0.014500419389044394
15.6,cue,BNST_p1.00,101,-0.03620261677435158,0.01244430312852589,-0.006780791967199672,0.007082684464814967,0.02846306847879953,0.009635702371960273,0.016856312365499806,0.00807323614715386,-0.01611425780971102,0.022365850192430016,0.004874372910873334,0.014473342467562196
15.7,cue,BNST_p1.00,101,-0.03541849250402407,0.012622354153816281,-0.006998974265475017,0.007076491773983334,0.02916434365026124,0.009700831392957398,0.015762350554718522,0.00795978304411686,-0.013944001208758432,0.02210169465181549,0.004906795593346687,0.014448265669608698
15.8,cue,BNST_p1.00,101,-0.03453750646464249,0.012797738889492009,-0.007329595833316197,0.007123386444494513,0.029343775063873954,0.009721202259070418,0.014012532577773946,0.007824235018208253,-0.011703538430318579,0.022005048902124926,0.004511954928980483,0.014489590724201374
15.9,cue,BNST_p1.00,101,-0.033442114103485854,0.013010934530720265,-0.007941715576264148,0.007184951562952452,0.029267637367002067,0.009754536507515102,0.012415321248204096,0.007696120509297685,-0.010225519926369345,0.022017016365430013,0.0035279233486497294,0.014630943918865923
16.0,cue,BNST_p1.00,101,-0.03210604311500552,0.013228095914811134,-0.008138223412916382,0.007300559703737216,0.02871898435733091,0.009830113112807364,0.011573233744423993,0.007520522144488762,-0.008103856956166935,0.02216385405260413,0.0028602309159066757,0.014899584350904712
-1.0,outcome,BNST_p1.00,101,-0.03763584998537082,0.012442009895472375,0.007805135911699704,0.007211450769378198,0.06808831540678272,0.011215851795513584,-0.019220803794419736,0.00748262556762694,0.032775334891150296,0.020542508712407783,0.01935575635351185,0.01489833366432235
-0.9,outcome,BNST_p1.00,101,-0.04321430434702241,0.012284312479077792,0.007776352448048459,0.007258092184162262,0.06705229604220687,0.011181010935336569,-0.018733939684916497,0.007564803933848417,0.034143152944033014,0.0205061947489771,0.019414380275838694,0.014972463600155566
-0.8,outcome,BNST_p1.00,101,-0.04885384371885579,0.01213622231417063,0.0074842497408901965,0.007317422580944144,0.06580310627008028,0.011139578358739483,-0.018704213351763716,0.007591356462691141,0.03548345700967124,0.020453495446598476,0.01891152748686183,0.014942916414030968
-0.7,outcome,BNST_p1.00,101,-0.05312891188661867,0.012177982001609949,0.007525379889645974,0.007371054134146877,0.06404263374900362,0.011137415872326284,-0.018751790710059717,0.007629930551237842,0.035960899781642394,0.02054347617455832,0.018822502387580008,0.014944658663151327
-0.6,outcome,BNST_p1.00,101,-0.05595809171459392,0.01225531927936943,0.007296741099650445,0.007456035748111242,0.0615782966775876,0.011143824004502076,-0.018935514835978762,0.007612180696735944,0.034973627064960294,0.020655992362510485,0.017552514949720373,0.01497917355089499
-0.5,outcome,BNST_p1.00,101,-0.05839090790031641,0.012300076680434625,0.006919862957135335,0.007574196523585513,0.059662387091614685,0.011167986323464597,-0.019056333119054594,0.00762683560045824,0.03414938708863376,0.020884305457850347,0.016525283336835953,0.01487850566062005
-0.4,outcome,BNST_p1.00,101,-0.06044229308367215,0.012454415736678022,0.006536187311391103,0.007688430715522555,0.05794968298492593,0.011184346088270535,-0.018820101390861786,0.007601342385875154,0.03422218036061505,0.021191533271483133,0.015562331438230026,0.014821936907428057
-0.3,outcome,BNST_p1.00,101,-0.06198889261899481,0.012546670492296921,0.005943394841374911,0.0077436108670927125,0.05659712561747112,0.011176818327744479,-0.018274959288690246,0.007605305249365835,0.03369957190073732,0.021171895941898868,0.014108413195244838,0.014704235433299892
-0.2,outcome,BNST_p1.00,101,-0.06312902296664091,0.012660835397371228,0.004775095845523561,0.007770611605852091,0.05548854167319059,0.011149526836291326,-0.01790743695090133,0.007647528516116526,0.03474044816809798,0.02112793822051193,0.011727346238587628,0.014560896142182922
-0.1,outcome,BNST_p1.00,101,-0.06276973720798856,0.012815862858369217,0.003573091780481459,0.007809039898289754,0.0537805976925873,0.011083703613904886,-0.017904486196216627,0.007677090433844431,0.03482392270087545,0.02114825710726914,0.009205993595777895,0.014516378881163042
-0.0,outcome,BNST_p1.00,101,-0.06105607450700551,0.012935824712793413,0.0029335736573985706,0.007806698425642238,0.05155799702039226,0.010965826556345832,-0.01745943267635295,0.007666870697472717,0.03577906353433553,0.021297886349232135,0.007829683536944023,0.0144433414013382
0.1,outcome,BNST_p1.00,101,-0.058529442279109334,0.013010390045892517,0.002495791446920601,0.007720882139233893,0.05050422823755748,0.010779382882007296,-0.017347351380538584,0.00760706236752986,0.036260871734268646,0.021254849076372585,0.006419768941754877,0.014353492113771382
0.2,outcome,BNST_p1.00,101,-0.05535410727159742,0.01308363241184617,0.0018318228391262321,0.007571725217145141,0.04966958404644528,0.010636140590380217,-0.017491356215958594,0.0075324635557746196,0.038063235611410014,0.02118124209572129,0.005163955430349345,0.014122285198497782
0.3,outcome,BNST_p1.00,101,-0.051401958039727975,0.01301362692101386,0.0018263905050402685,0.007462884267030841,0.04868464457717345,0.01050757882097723,-0.017052753274725614,0.007402180995299057,0.039617321983909645,0.021140188939522287,0.005931946337064816,0.01385205294796946
0.4,outcome,BNST_p1.00,101,-0.046405424506178856,0.012920661992995637,0.002196676023197938,0.0074052309223365835,0.04754286753577198,0.010385924845533181,-0.01662085187456476,0.0073017318788376594,0.038660262554462914,0.021144383753742776,0.007068912214675099,0.013656241888340805
0.5,outcome,BNST_p1.00,101,-0.041190501834684284,0.012853762829538293,0.002784782043583711,0.007365911122663087,0.04680617322476485,0.010323019576448945,-0.016049357594044352,0.007209834613893135,0.03865786195225177,0.021201007666942488,0.00889261749684712,0.013496385680327905
0.6,outcome,BNST_p1.00,101,-0.035659029461930405,0.012804137960169524,0.0031216405638509457,0.007311846523623317,0.0463545268892878,0.010297364673783433,-0.015250625757349362,0.00713829378469363,0.03870054095715382,0.02139614915278989,0.011229874017712327,0.013243727650673345
0.7,outcome,BNST_p1.00,101,-0.029793373962250624,0.01272454997203709,0.0032384742067229472,0.007287064468854581,0.04575219331850301,0.010294860096048507,-0.01451492756048688,0.00710818771401008,0.03959459568930375,0.02152890220770146,0.013264608311231793,0.012953638401154759
0.8,outcome,BNST_p1.00,101,-0.023323413005171652,0.012686248389743037,0.0033160378786782647,0.007286367148127569,0.04521211033876553,0.01033525928978704,-0.014107240893620915,0.007069656550094543,0.03955329598567891,0.021534389900820156,0.015625267578594438,0.012759313361015908
0.9,outcome,BNST_p1.00,101,-0.016240745514652273,0.01256910433634934,0.003044903886261132,0.007255590734992152,0.04422642156496213,0.01042396649535849,-0.01337918367432675,0.007057290045942625,0.03920195562113025,0.021176404494665037,0.01799210237413702,0.012694128416680614
1.0,outcome,BNST_p1.00,101,-0.007596248339885851,0.01248652466054709,0.0022553542001186623,0.007224131257666989,0.04294190006931494,0.010579153122396337,-0.013033868807970061,0.007092084446321706,0.03736453233901072,0.020732207827320978,0.019699877530014665,0.012631884511449056
1.1,outcome,BNST_p1.00,101,0.0018383140621963463,0.012420199848623475,0.0017730521247283034,0.007203102069554872,0.042615553507948524,0.010666750304832386,-0.012613895983573405,0.007159680371065314,0.03462718452150402,0.020404780693343547,0.021803316174461622,0.012616690139107536
1.2,outcome,BNST_p1.00,101,0.011729125943039119,0.012522433333125362,0.0012986552567498602,0.007210484188662232,0.042732500190439615,0.010735599070067074,-0.012022599252316595,0.007197256925383444,0.031112439529142652,0.020067323413732453,0.023169002900342572,0.012573069473976621
1.3,outcome,BNST_p1.00,101,0.0221650868555925,0.012682552891009242,0.00035633728830167374,0.007204337699797508,0.04266867663239687,0.010724377604223912,-0.011717815931171171,0.007203443069669307,0.028217101594660492,0.019851763754685895,0.02318542940456639,0.012577409158297364
1.4,outcome,BNST_p1.00,101,0.034322125508296795,0.012848766216033609,-0.00012893416248649484,0.007178850790658373,0.04137175820001312,0.010663398819012954,-0.0110854662844801,0.007212402037991752,0.02266429488162421,0.019696514451266505,0.022946239769110213,0.01260587312666025
1.5,outcome,BNST_p1.00,101,0.04629209575941189,0.013097430811355724,-0.00043183941372964,0.0071685298170139,0.04045458791170711,0.010540866266968762,-0.010288974689143625,0.007203756359993406,0.017392506533612254,0.019580279633825963,0.022832079274342575,0.012628662188807847
1.6,outcome,BNST_p1.00,101,0.05821008253998197,0.013415875232259632,-0.00040890912489684964,0.00715626500602417,0.03989482631168249,0.010439712153339097,-0.009340831350545715,0.0071864715160381626,0.012388981123431536,0.019594253402919135,0.022890713974637426,0.012669721086337035
1.7,outcome,BNST_p1.00,101,0.06958715652696724,0.01376884881655636,-0.0005977524207220466,0.007185375891571056,0.04021620974058908,0.010376660545539975,-0.008002940717090632,0.007157285943082482,0.006939836557522308,0.01970838961261791,0.02284239152239964,0.012786791013707924
1.8,outcome,BNST_p1.00,101,0.08066770049350627,0.014192127104843315,-0.0011384488892576157,0.007223782788433264,0.04072707025873924,0.01036146200329184,-0.00666099110764702,0.007176050679792628,0.00112809785579072,0.019710606616676864,0.021934141867886527,0.01293470546686039
1.9,outcome,BNST_p1.00,101,0.09218272459803739,0.014636260746288791,-0.0010934409420975233,0.007244511980426255,0.041072247379908534,0.010387319592383952,-0.005483872913591236,0.007176080185005796,-0.004386866893206329,0.01970943437705461,0.021583934927157856,0.012970910678646943
2.0,outcome,BNST_p1.00,101,0.10369320916090477,0.01485472166766842,-0.0009799279949267293,0.007235703343688581,0.041501586227270876,0.010411785419946385,-0.003478621886073888,0.007200427346995209,-0.010345939104114348,0.01973817561896074,0.021079620862940646,0.012893873467147736
2.1,outcome,BNST_p1.00,101,0.11474312756899921,0.014994244910812757,-0.0007695392156244619,0.007250262191966434,0.042199210760170656,0.01046105244496693,-0.0016263517304840904,0.007253208924992541,-0.015380703878072565,0.019905903859853268,0.02028897953357497,0.012843830819034447
2.2,outcome,BNST_p1.00,101,0.12469236708162611,0.015038089966814059,-0.00016450040166000605,0.007249313945508804,0.04336129521343087,0.01047413647070137,6.217765716583463e-05,0.007315775276091494,-0.020381758510606668,0.019908942173868682,0.01984964671861559,0.01278891433198305
2.3,outcome,BNST_p1.00,101,0.1341739091225098,0.014943026356534068,0.0009350768992975583,0.00727339434557037,0.043886396411237275,0.01040985217348773,0.0021190370921144995,0.007358260696315946,-0.02474113954631121,0.020078876180323536,0.01984382340484996,0.012755713137198746
2.4,outcome,BNST_p1.00,101,0.14326967173177996,0.014676864953727047,0.0017000503968559628,0.0073028049847188884,0.04372269212196336,0.010317318233011328,0.00412497471851243,0.007473472443970497,-0.029026565785030104,0.02030277592205538,0.019445784979137206,0.012700011753185452
2.5,outcome,BNST_p1.00,101,0.15199632024263934,0.014311505820887534,0.0020948138395206,0.007294494147719711,0.04331575150591984,0.010207166204560851,0.006337256585420581,0.0075887871040486695,-0.03248293394387833,0.02058729409275043,0.019639887223078266,0.012610089398506332
2.6,outcome,BNST_p1.00,101,0.1594931320842642,0.013986993640546218,0.0023423347235572572,0.007297040829298899,0.04361558619823339,0.010065619728138209,0.008877101190368839,0.007619333719899168,-0.03384770493778715,0.02084057877510151,0.02052655367512932,0.012669136123184214
2.7,outcome,BNST_p1.00,101,0.1664389129856944,0.01369235801570268,0.0019096898839798344,0.007248159985283922,0.044313479946593314,0.009921372159901782,0.011029339570487002,0.007636837507439567,-0.035066608885966605,0.021086203316946692,0.020479621672037485,0.012784437992926731
2.8,outcome,BNST_p1.00,101,0.1728880241237864,0.013449920971837778,0.0010930467645502524,0.007236264180963593,0.04418185646020533,0.009826842254026002,0.012561810890452378,0.007619101318341656,-0.03620345385969514,0.02133284035280871,0.019310245413015046,0.01298759848668587
2.9,outcome,BNST_p1.00,101,0.17897385539458097,0.013297850926648059,2.709589944033514e-05,0.0071804642342187235,0.043187466014062675,0.009719151886260661,0.013704501661744932,0.0075740034354654946,-0.03519949853591759,0.021342068114044002,0.017416031570285633,0.013154997578047256
3.0,outcome,BNST_p1.00,101,0.18499377813143614,0.013133159817518787,-0.0006956248511254784,0.0070991644472801485,0.041213022223028896,0.009620909446016523,0.014951794812881806,0.007524313605644887,-0.033998852840973946,0.021261588342273676,0.015574756025585387,0.013259888277922528
3.1,outcome,BNST_p1.00,101,0.19044686511782624,0.01304512951609787,-0.0012166763936189004,0.007028167865272957,0.03954110753163269,0.009542928256589018,0.01601703607767928,0.007471063478337919,-0.03342099158000855,0.021233301130933545,0.014722015748000144,0.013315522953139694
3.2,outcome,BNST_p1.00,101,0.1949374355021823,0.01321836846785172,-0.001643261941138564,0.006921130343316453,0.037783317419137014,0.009533439197568402,0.01675319981167193,0.007409811209475535,-0.03265671748773111,0.020917331925223968,0.013860098455405187,0.013301673631457327
3.3,outcome,BNST_p1.00,101,0.19861127620210864,0.013481542912223912,-0.0020358546208031182,0.006850453906300304,0.036124587103372685,0.00951926567780892,0.016756782982858508,0.007363634487404938,-0.03112669369067536,0.02048547893511092,0.012719834837410068,0.013248934290739709
3.4,outcome,BNST_p1.00,101,0.20244259148767718,0.01376913562664461,-0.0021437802600688134,0.006835048046904206,0.033982847004002836,0.009572868370247269,0.016887236357874588,0.007344380016391475,-0.02965215736200183,0.019777661675204235,0.012058214380666612,0.013317358812268414
3.5,outcome,BNST_p1.00,101,0.20544010454102826,0.013972074096066541,-0.002551127842388417,0.006777847920415841,0.03160279222294938,0.009668418587499821,0.017599134399225745,0.0074203212571664744,-0.026295242548016996,0.019000068424585178,0.01178957079186633,0.013362864189937053
3.6,outcome,BNST_p1.00,101,0.20785625679036784,0.014140421478451156,-0.0027652919779054394,0.0067565270292238725,0.02945095607173373,0.009686011178711844,0.01779692881212521,0.007520017591874076,-0.0222623369427274,0.018314595274725686,0.012287921533990213,0.013452912900999545
3.7,outcome,BNST_p1.00,101,0.20860896723858904,0.014316489912473493,-0.002511186199924957,0.0067123673594880265,0.027870762409718648,0.009770579167607608,0.017776572068855818,0.00756621862621451,-0.02002702978370267,0.01791125888104783,0.013525079658169141,0.01353284828614439
3.8,outcome,BNST_p1.00,101,0.20856719164126836,0.014462715304368158,-0.0019013672880978081,0.00663826367772448,0.025675332137882246,0.009893796271483143,0.018081187736145265,0.007618530472341359,-0.020179548677651395,0.017834617909334483,0.01470436956803156,0.013509242636188874
3.9,outcome,BNST_p1.00,101,0.20670917034995503,0.014580593953559082,-0.0006345267112972583,0.006530981281901791,0.023254498723902606,0.010013591204308685,0.018220920669705692,0.0076477022804004625,-0.02053239962315483,0.017755486984504184,0.01617213299514626,0.013438468098360178
4.0,outcome,BNST_p1.00,101,0.20424265082621204,0.01466184053136679,0.0007613659324121206,0.006464754943992522,0.020755904600188377,0.01011094343959584,0.01867049215949533,0.0076762371832771615,-0.021671984344738965,0.017853081803178898,0.018030439495769716,0.013397469281818595
4.1,outcome,BNST_p1.00,101,0.20141944279367902,0.014714333411682644,0.0017954015490787235,0.006444736296262293,0.01848395664811802,0.01021053617695278,0.019708777154995055,0.007709435133064863,-0.023606932537681348,0.018155391520413688,0.020234332781002687,0.013334439384247094
4.2,outcome,BNST_p1.00,101,0.1977812520566955,0.014679414115167032,0.002457556621194167,0.006455239583351576,0.016668818512073812,0.010288682226218406,0.02075091354097035,0.007766374378267985,-0.026193776323903285,0.01833020824734009,0.022330707658480768,0.013304205130291256
4.3,outcome,BNST_p1.00,101,0.19292859522190436,0.014576165464281731,0.0024756811954560393,0.006483987635411226,0.015071754430734711,0.010402302687569642,0.021811878709147754,0.007835124923841613,-0.02930059073745771,0.018648680911344716,0.023246436801860452,0.013231615703323481
4.4,outcome,BNST_p1.00,101,0.18748805058136783,0.01439695365453104,0.0021456177933179697,0.0065459297865595335,0.013165438943426764,0.01045687268154194,0.02318940359227108,0.007856204172712992,-0.03132867703752783,0.019045470379278215,0.023236730351896277,0.01319952250389669
4.5,outcome,BNST_p1.00,101,0.18048574493630176,0.014296982127130705,0.0014425282080390374,0.0066318062213465145,0.011328291608498743,0.010532556973579734,0.024932203988645985,0.007875640649965482,-0.032533462480179354,0.019418666961167095,0.02271781679008511,0.013288923525483397
4.6,outcome,BNST_p1.00,101,0.17282173157200298,0.014260891322359926,0.0011076610070196663,0.006725428996668222,0.009712181879137197,0.010717079252790114,0.02682660160897174,0.007875728835935757,-0.03433541492310643,0.019795288534190745,0.022890039932330526,0.013425953099374784
4.7,outcome,BNST_p1.00,101,0.1647653578424212,0.01437109211545823,0.0009592008017989831,0.006787529068555651,0.007986611824823419,0.01095873710279451,0.028301486093966786,0.007901701650060223,-0.03794547167741302,0.019997798927117005,0.022353199094933867,0.013402996340702744
4.8,outcome,BNST_p1.00,101,0.1553952010497056,0.014501932427005627,0.0009676839123130035,0.00686693318081295,0.006552401692938499,0.01123059216186839,0.02995136867481821,0.007933554540587463,-0.042755817868701536,0.020203137573394182,0.021623242748153554,0.013338687288505688
4.9,outcome,BNST_p1.00,101,0.14543648684332655,0.014669595145946089,0.0007654674072504126,0.006943696824829212,0.0051841673776975485,0.01146842399701536,0.03207233214143186,0.007999093103472294,-0.04780703262244624,0.02044919053615352,0.020323313998146582,0.013303463311073028
5.0,outcome,BNST_p1.00,101,0.1346847511790899,0.014788600436684113,6.818949692202717e-06,0.007017207395907183,0.0041144831053560055,0.011646234034509576,0.033641973990784106,0.008065275747768146,-0.04993087757837508,0.020551914609142064,0.017980123544175653,0.01320885562055756
5.1,outcome,BNST_p1.00,101,0.12400891920060414,0.014833786515717411,-0.00031973001433458913,0.007047552590398024,0.0035756046987771737,0.01177300716866929,0.03452107169799887,0.008151123824578551,-0.04988204891456946,0.020698049418408637,0.01634592712437191,0.013146677460083364
5.2,outcome,BNST_p1.00,101,0.11377641880973688,0.014831765488309959,-0.0012049697622059546,0.006962771620849355,0.003046920267649453,0.011894349568464047,0.035133124461133015,0.00823812516436206,-0.04814142214668722,0.02072838083496135,0.014231561260483949,0.013035352790649152
5.3,outcome,BNST_p1.00,101,0.10269837347007958,0.014801975105544011,-0.0022768000332358666,0.006931605740201107,0.0031029186446158647,0.011956258899157853,0.035710518308167065,0.008263064606491954,-0.04593125736054676,0.02080384149217558,0.010807655480638742,0.012995191213931627
5.4,outcome,BNST_p1.00,101,0.09083879384918182,0.014732063948408775,-0.002842600838265387,0.006978745402045312,0.0033436043458709777,0.011986335925382804,0.035995194076319924,0.008279913876378107,-0.04099166613681518,0.020840101293213883,0.0076085789791962245,0.013064053615637089
5.5,outcome,BNST_p1.00,101,0.07828975093470165,0.01460928715307433,-0.003161678512895712,0.0069999822774054025,0.0038169747587874794,0.011983574012721552,0.03623268116590474,0.00828481532007082,-0.03573675097794119,0.020743587624396743,0.004264729555499672,0.013171055345169366
5.6,outcome,BNST_p1.00,101,0.0657084189439279,0.014468663013723883,-0.003047671400118784,0.007071718767431172,0.004747429688334187,0.011906828427286834,0.03610525138321968,0.008246164743827262,-0.031079805760745087,0.020780516666916146,0.002056761689319685,0.013245971665188858
5.7,outcome,BNST_p1.00,101,0.05359360451217608,0.014335229133004354,-0.00261393864291018,0.007174466013741554,0.006044982000365751,0.011794040289297439,0.03553526622849475,0.008182735448745393,-0.02653610479705451,0.020777707892096552,0.000857238576216015,0.013337541345156243
5.8,outcome,BNST_p1.00,101,0.04225714591765078,0.01422486544522526,-0.002244592227821832,0.00731835280880968,0.007348885294759982,0.011653273879203384,0.03476228726092433,0.008133039649536688,-0.021895036752481147,0.020865013927881048,-0.00015021974511018698,0.013479127498398611
5.9,outcome,BNST_p1.00,101,0.03044126030026082,0.014148089565693165,-0.0025231582856551373,0.007382763035341606,0.009224920873474207,0.011526202162678656,0.033815252853270736,0.008080156317132546,-0.017401246324693843,0.02076032039910272,-0.0019233852947184704,0.013693033942753724
6.0,outcome,BNST_p1.00,101,0.019454491144882586,0.014180490293725099,-0.0031447767856022505,0.007343827172283289,0.011265320900626458,0.011453841674590013,0.032785511284616486,0.008045157865961109,-0.011782391771785621,0.020673189069824464,-0.0030596138081049706,0.013900115609232714
6.1,outcome,BNST_p1.00,101,0.009378703850875782,0.014199244769971498,-0.0035916488459596307,0.007306461739622604,0.012530870440005348,0.011344102067434327,0.031493900343243425,0.00805457313330642,-0.00444755412705962,0.02079903538420545,-0.004075931560134201,0.01396329848367081
6.2,outcome,BNST_p1.00,101,-0.00018086148545720906,0.01427630740482565,-0.0038911449799874905,0.007226045599469813,0.013939804078428243,0.011303473274366942,0.02981847603183625,0.008056672269453719,0.002868832516663883,0.020801579437982883,-0.004344790718033851,0.013889121564166518
6.3,outcome,BNST_p1.00,101,-0.009215523842964191,0.014349518084734577,-0.004415439920588867,0.007129975362746271,0.015009275157543025,0.011222834253190104,0.028444288945612222,0.008067294999597586,0.008091212812556562,0.020678280357322776,-0.004697223598197835,0.013741611678347075
6.4,outcome,BNST_p1.00,101,-0.017551736669267192,0.01438854309198737,-0.0051778363623695535,0.007030937765589324,0.01578388555935741,0.01115203016292796,0.02764817675590665,0.008130704542985983,0.010698140505497384,0.020541828905574214,-0.004735297438954699,0.013572407139532177
6.5,outcome,BNST_p1.00,101,-0.024752211478223755,0.014355370790557083,-0.0055577956812782325,0.006945637746084809,0.01642033329349375,0.011092658406317095,0.026734494345978254,0.008202256472419091,0.011752640965048917,0.02032232112542546,-0.004307825602384949,0.013458569337917854
6.6,outcome,BNST_p1.00,101,-0.03113237279655463,0.014304660785593915,-0.0059448798826912,0.0068777872912025645,0.017163304881572652,0.011017331700003354,0.025694812157973014,0.008242382615553894,0.01273555298204744,0.02022796565974783,-0.0032510359884105728,0.013438566176921022
6.7,outcome,BNST_p1.00,101,-0.03550978871860958,0.0141512116969985,-0.006382860967321868,0.006844850663451534,0.017803906122836624,0.010904614005231386,0.02473410401567166,0.008273079293937264,0.01246855810826575,0.020366302239310716,-0.0016625334573418383,0.013467567353771364
6.8,outcome,BNST_p1.00,101,-0.038927494368380985,0.01400590138940466,-0.006915110127418461,0.006828622219337395,0.018461899803353415,0.010855004857983087,0.023458521792321507,0.008365690398507352,0.01190233889724882,0.0205304129917085,-0.00018306524820862127,0.01345320411970284
6.9,outcome,BNST_p1.00,101,-0.040856442748966035,0.013903743690112567,-0.007448623250320424,0.006835515269721252,0.018106698522946704,0.010795127620443726,0.02233245523131309,0.008482005939603023,0.011608513913927726,0.020713691866027152,0.0005017362290693171,0.013515492552338297
7.0,outcome,BNST_p1.00,101,-0.04203321846262718,0.013857812082650828,-0.00794535904620905,0.006851360667338337,0.017725440641624835,0.010783225658039545,0.02177082309906631,0.008516842106912049,0.010259669523724153,0.020913017332206883,0.0010253457424352786,0.013636692163537696
7.1,outcome,BNST_p1.00,101,-0.042634605149395856,0.01380347012045534,-0.007971104024090939,0.006928319196429294,0.017166091231726632,0.010755693647445065,0.021592996296623198,0.008548939701900573,0.008828076941222729,0.02120572411073555,0.002378566781598003,0.01391340944392281
7.2,outcome,BNST_p1.00,101,-0.04317202412834854,0.01367078429040869,-0.007555782346814431,0.007004623086791003,0.016433136967569036,0.010745008499186956,0.021398756906098628,0.008638598350281834,0.008429375323327501,0.021232492853320403,0.0038536998360858684,0.014025309581625909
7.3,outcome,BNST_p1.00,101,-0.0436050360260019,0.013500478780493668,-0.007218918235344681,0.007132593525273269,0.01658123202118045,0.010665496058052556,0.020983444349994558,0.008717027608258796,0.006342281592549256,0.021148230134897663,0.004658782384187882,0.014148731197577213
7.4,outcome,BNST_p1.00,101,-0.04318124860503902,0.01328128820591521,-0.006837267690839106,0.007285602644966602,0.016596293718357007,0.01051237037375307,0.0208908146358397,0.008714475451589576,0.0018158373379124626,0.02112865414651135,0.005181119440612605,0.014179660029421143
7.5,outcome,BNST_p1.00,101,-0.04205332165078734,0.013192978500181978,-0.006345213656360212,0.0073753349200529885,0.016981996554468807,0.010360030955239845,0.021140308336605827,0.008671431951488739,-0.002065710682065222,0.02125089459905965,0.006287173944107,0.014087713868555273
7.6,outcome,BNST_p1.00,101,-0.04091724320899009,0.013192859995656211,-0.00558779010723075,0.007378477919045497,0.017533250003620056,0.010251290551089236,0.02115020606268869,0.008586512946197724,-0.005780324680686542,0.021389633216343348,0.007223259563198559,0.014025609178837238
7.7,outcome,BNST_p1.00,101,-0.040207582119431,0.013282111375088876,-0.004776434534588998,0.007265032540251056,0.018416230503674413,0.010174943594140486,0.020924608911031373,0.008496449701277366,-0.0074920979616615825,0.02160756163178224,0.008527506973134473,0.013864371237938787
7.8,outcome,BNST_p1.00,101,-0.03945293029981407,0.013422253295415212,-0.003966778576467554,0.007169163424736312,0.019080834190897247,0.010093367221339713,0.02100668586169398,0.00836429302229302,-0.009495760646439947,0.02194685742446589,0.009708939905744863,0.013802556970021638
7.9,outcome,BNST_p1.00,101,-0.038888314800691166,0.013582026444709482,-0.0026681367666841383,0.007064328026847479,0.019658908338756283,0.009956384996620465,0.02104865612165422,0.008272521281377697,-0.011655579475576317,0.022263731594905842,0.011282191522521167,0.013759397092338387
8.0,outcome,BNST_p1.00,101,-0.03891164241127034,0.013743924315395796,-0.0016829224588615342,0.006987059118874398,0.020429052083387363,0.009866076885604974,0.02122362370754407,0.008207213157567329,-0.014366659908844141,0.022578231754544088,0.012259693669419779,0.01375179096668121
8.1,outcome,BNST_p1.00,101,-0.039309903195856394,0.013873632260630599,-0.0009937699109925204,0.0069119986098945445,0.0214082463998203,0.009814381330786907,0.021752654274879893,0.008134922372388189,-0.015600959922843717,0.0227830357283673,0.01342918556964077,0.013745149317542355
8.2,outcome,BNST_p1.00,101,-0.040571636040161826,0.013971886417442117,-0.0004004886106701668,0.006954258889584952,0.022722658400212547,0.009812752842853385,0.021850058588924276,0.008107471727144506,-0.015242103321535229,0.022966153870656005,0.015050022297418884,0.013853211173241996
8.3,outcome,BNST_p1.00,101,-0.041813238968037264,0.014099559648836706,-5.309980624750111e-05,0.007029368565292232,0.024491977735159005,0.009805530955658942,0.02145323745769723,0.008145182664658197,-0.014299850072404035,0.023149044761503968,0.016286232291439034,0.01408051973366259
8.4,outcome,BNST_p1.00,101,-0.041897986246779005,0.014205671153085273,-0.00022272321533838108,0.007086470642788683,0.025751167389012012,0.009790099819323451,0.020627073846332025,0.008157540516433838,-0.01415834135499244,0.02312676471021629,0.01621954442094595,0.014297695991620996
8.5,outcome,BNST_p1.00,101,-0.04158143096911225,0.014310175665371046,-0.00035493303212040604,0.007063065119767817,0.027012481763411107,0.009808364223699096,0.019811723118753424,0.008164591592609502,-0.013600117801555497,0.02321597116559951,0.016985913681953846,0.01448512392819354
8.6,outcome,BNST_p1.00,101,-0.04147711668326764,0.014457480875505338,-0.0007381957157416626,0.007040828582301357,0.02805684520188093,0.009889270671364121,0.018870929708735672,0.008185793849021085,-0.012326046616428018,0.023423768503547195,0.01702230474350772,0.014622037297575281
8.7,outcome,BNST_p1.00,101,-0.0417080167121987,0.014540098661217606,-0.0010695974480765132,0.006994820660081628,0.029517817066269436,0.010014038241331614,0.017324660018414425,0.008178419210617143,-0.009355289556695937,0.023508807825063507,0.01663251077718264,0.014706285761277804
8.8,outcome,BNST_p1.00,101,-0.04136076511876182,0.014476713003329542,-0.0017277137936783122,0.00697289524955045,0.030505798187028647,0.010095060828811332,0.01567151951992876,0.008118999547161436,-0.005897173133295062,0.023522090059225318,0.016061626291046883,0.014799370879780121
8.9,outcome,BNST_p1.00,101,-0.04045993450650357,0.014353301012168364,-0.002591034786725498,0.006974589374758159,0.03141643068527802,0.010166690719662152,0.014348071003815655,0.008034073463341845,-0.0032671873538525713,0.023311299468619765,0.014765447109230338,0.014839674029598912
9.0,outcome,BNST_p1.00,101,-0.03974950796507539,0.014246042099528995,-0.0036294207242570206,0.0069918102939740805,0.03260027291904921,0.010245367776431048,0.012828025345038768,0.007949118167606817,-0.0009444813277030212,0.022959914482247903,0.013295480030244645,0.014877320702664426
9.1,outcome,BNST_p1.00,101,-0.038927369209947146,0.014138966237431737,-0.005167361186379791,0.006976065121747133,0.03370982860647656,0.010298366436573954,0.011293688418671701,0.007808542738182201,0.0012151790283946307,0.022761824539809423,0.011036737085430279,0.014970287297477703
9.2,outcome,BNST_p1.00,101,-0.037346223093732034,0.013902484192769425,-0.006914141766280333,0.006997860865546982,0.03472919466634885,0.010345404000870525,0.009640274938651936,0.007681988052402116,0.003998331702039926,0.022551647429765058,0.008728329030352755,0.015099879506043093
9.3,outcome,BNST_p1.00,101,-0.03617776125628677,0.013665937721567328,-0.008085922756508618,0.0070477924239220145,0.03609521868117278,0.01033589594469665,0.007852787324395882,0.0075831915068470925,0.006720777971541396,0.022468769040887036,0.006939299169771837,0.015262882577662437
9.4,outcome,BNST_p1.00,101,-0.03425350412949284,0.013526935438812825,-0.009419302602212866,0.007097204953398307,0.037056398497014476,0.010353116950656438,0.0060172948931320885,0.007496943677830644,0.0060048206991813735,0.022429127144829492,0.004478581703262661,0.015321966265183591
9.5,outcome,BNST_p1.00,101,-0.03221150769424547,0.013418521179600974,-0.010598787121495513,0.007102357594157912,0.0380011451276933,0.010412319214771877,0.004378332316862594,0.007427586088220643,0.0035819613690158915,0.022323033191459642,0.0019241721972342422,0.015322593387563692
9.6,outcome,BNST_p1.00,101,-0.030469803831169127,0.013380784811401808,-0.01174094838339545,0.007066657240957756,0.03858143605691426,0.010491186415673112,0.0029833564681329625,0.007401654683927642,0.0008169996704076491,0.02220364023022494,-0.0007291048019751037,0.015339583395176902
9.7,outcome,BNST_p1.00,101,-0.028329312117969123,0.013404773426639508,-0.013002772413032479,0.0069497328284156175,0.039114673390095486,0.010575993401943365,0.0018829813577342278,0.0073876968925478195,-0.0014651130318801618,0.02195098381224018,-0.0033161695093823283,0.0152815334497274
9.8,outcome,BNST_p1.00,101,-0.025718853991935308,0.013387829768234034,-0.013835184812133262,0.006820258190829442,0.03882745165596492,0.010623383850171704,0.0008033963443183841,0.007422147267725881,-0.0031351779483981333,0.021669414529946137,-0.004678789968135398,0.01516561153884339
9.9,outcome,BNST_p1.00,101,-0.022462953117285328,0.01338972720387143,-0.01489494465777686,0.006724360040163242,0.038051733267443044,0.01058514660883007,0.00017463227308893773,0.007441597340825328,-0.006516542665400467,0.021383117903083903,-0.006416120714868704,0.015083588322152596
10.0,outcome,BNST_p1.00,101,-0.019484210385955894,0.01334947184453163,-0.015914842627594836,0.006628935017265297,0.0375467663843274,0.010442828565567348,-2.286470888079405e-05,0.0074452305507522335,-0.010403090543122266,0.021008646857281973,-0.007911023446876352,0.014913863248179489
10.1,outcome,BNST_p1.00,101,-0.017113052975908906,0.013400428283735898,-0.016766877810760288,0.006599615213839012,0.03699138218105767,0.010301822331561603,-0.0005392894232120339,0.007404276717572541,-0.013750997499802747,0.020732398962947624,-0.00863131747281299,0.014781293003387751
10.2,outcome,BNST_p1.00,101,-0.014611818880137276,0.0134189233229744,-0.017174014845141125,0.006608245053902388,0.03617087901299054,0.010128121926843637,-0.0018642228421882222,0.007344221827316582,-0.016713187202693953,0.020652693501079573,-0.009219256710276878,0.01465840206270218
10.3,outcome,BNST_p1.00,101,-0.011548110903392196,0.013445950878513838,-0.017178579182309753,0.006631548122659079,0.035541739693459105,0.009965046879515684,-0.0026797012100373374,0.007265235926972342,-0.019622443039520626,0.02076838358867125,-0.009450610866566312,0.014515694173380382
10.4,outcome,BNST_p1.00,101,-0.008917626710281209,0.013604952866286761,-0.01700588468753429,0.0066992905326482615,0.035149873019895236,0.00981429482799928,-0.0034191977150961664,0.00721503105849071,-0.022473818729584927,0.020985443949493355,-0.009015075674872069,0.014352700005197875
10.5,outcome,BNST_p1.00,101,-0.006420325176133647,0.013738814824549401,-0.01668086762144232,0.0067540212122815845,0.034734326830222324,0.009709727443626233,-0.004016953931421918,0.007226897933332573,-0.025697739399720813,0.021100122351021315,-0.008202370910809996,0.014260827358544
10.6,outcome,BNST_p1.00,101,-0.003714614810864154,0.013879434553409476,-0.01691567554283188,0.0067945186368530384,0.03409308826037365,0.009571248791638507,-0.004358036383801174,0.007300024644777307,-0.02628173565428743,0.021226797111619736,-0.00871700305474939,0.0141990345486614
10.7,outcome,BNST_p1.00,101,-0.0005761918433020223,0.013926060340220644,-0.01698054890714489,0.006825833830621519,0.03334121779675195,0.00936669713821833,-0.004578592640024278,0.0074530229306899246,-0.02468829253526132,0.021413383579425824,-0.008413738760468966,0.014117214840354211
10.8,outcome,BNST_p1.00,101,0.0030804215337055366,0.013908754294867801,-0.016646536015624616,0.006814719739754834,0.03227670723612114,0.009253108184885882,-0.004781227210361,0.007578296472973092,-0.023898042985660554,0.02173835826441067,-0.007016418316346436,0.014040106592584287
10.9,outcome,BNST_p1.00,101,0.006998715125900679,0.0138612408759648,-0.01554101136622588,0.0068073998867257575,0.031134014590337728,0.009204145774476258,-0.004982913220029158,0.007686117116216391,-0.024185322079253134,0.021991412633329266,-0.005083208430502583,0.013991784147877117
11.0,outcome,BNST_p1.00,101,0.009943444723520274,0.013794155937805577,-0.01460536001521771,0.006772975549241255,0.030472451467857396,0.00921998153924118,-0.005123018555926366,0.007836268497904761,-0.02502167361608934,0.022309891943612457,-0.003758533365328335,0.013879898005789607
11.1,outcome,BNST_p1.00,101,0.012680626205136915,0.013701869879029082,-0.013479148184391483,0.006750734006889745,0.030680141635339477,0.009228629953507022,-0.005019460143167273,0.008000044660416721,-0.026453278136648467,0.022760368266047794,-0.0024519902798037676,0.013823245196857214
11.2,outcome,BNST_p1.00,101,0.01588628226389886,0.013650071605171944,-0.012295687568593911,0.006780579855721723,0.03049667652382167,0.00926580311053837,-0.005145719085069675,0.008108034253054336,-0.02654475943803173,0.02326675654830447,-0.001105053373364846,0.013778061854508805
11.3,outcome,BNST_p1.00,101,0.019635357378053823,0.01349497653834392,-0.011876926597335163,0.006763009006829137,0.029962550933816664,0.009332999012563726,-0.005281978456920976,0.008188058823749136,-0.025713336196853318,0.023629115786505717,-0.001365521876936184,0.013708680441985898
11.4,outcome,BNST_p1.00,101,0.02397521371363159,0.013331781675678483,-0.011341734634428923,0.006699189499343355,0.02961396555731538,0.009430817190333923,-0.004931682330379007,0.00820373077609957,-0.025985957871056394,0.023722578746085476,-0.0016558156734885207,0.0136270265700541
11.5,outcome,BNST_p1.00,101,0.027951202149336794,0.013130155226938474,-0.01086531984872182,0.006723163181554997,0.029367413858500994,0.009554350801750324,-0.004386317098153567,0.008157925210611292,-0.02615396876379906,0.023758844103648914,-0.0011273807383814793,0.013667848642493336
11.6,outcome,BNST_p1.00,101,0.031854111309909006,0.012854978265933405,-0.010214574944613083,0.006820716698125129,0.029015446917718974,0.009572563793509828,-0.004578109060835252,0.008047755162508816,-0.02655312701287461,0.023841164160166944,-0.0004202206849964252,0.013775470495066432
11.7,outcome,BNST_p1.00,101,0.036763200541496954,0.01268851297729459,-0.009515540676134346,0.006951914293633184,0.027968656698723754,0.009550047723667887,-0.0044161774644678785,0.007915722220706708,-0.027801053013241175,0.023863232001054894,-4.9455002573920955e-05,0.014000778264449685
11.8,outcome,BNST_p1.00,101,0.04141207749672805,0.012649088346416794,-0.008844403066997825,0.00708338507805452,0.026874601851043154,0.00961480066407188,-0.004441378090323324,0.0077923268198010955,-0.029932775784387144,0.02401005453066764,-0.00022030165283979118,0.014247410535800599
11.9,outcome,BNST_p1.00,101,0.046114460402370785,0.01275921124841298,-0.007912581301301638,0.007243428746989177,0.025273110205445055,0.009773345901011407,-0.004677636329834187,0.007686245043457597,-0.03425634655123852,0.024302658004013322,0.0002090506096457108,0.01442618769929018
12.0,outcome,BNST_p1.00,101,0.049683068404149155,0.012926599658224515,-0.007238049590503198,0.00747470395043737,0.02381063322890202,0.009966201854587766,-0.005136393009157449,0.007621684504018651,-0.03865451569183115,0.024645910701147317,-2.463305464942399e-05,0.014677946896659062
12.1,outcome,BNST_p1.00,101,0.05239725054412369,0.013045583426819865,-0.007617147342402783,0.007690075937997637,0.02292741085119331,0.01019195483163911,-0.0054485568597166965,0.007549766705927493,-0.039276827339170046,0.024520238056067394,-0.0018402554081318834,0.014963197292803637
12.2,outcome,BNST_p1.00,101,0.05523747419805753,0.013082839093711617,-0.008423546630004053,0.007812019888308434,0.021859258648923675,0.010492110547912988,-0.005715459183224212,0.007515303428480029,-0.03918370618188791,0.024327059679567976,-0.003608706221455168,0.015167773750650372
12.3,outcome,BNST_p1.00,101,0.05846510054194608,0.013096226609191412,-0.009473618137268222,0.007997279432864018,0.02061458644765888,0.01084691331913059,-0.005907376238705117,0.007514769422543147,-0.0393203510000594,0.024320236972284207,-0.005543873680763429,0.015395686176936199
12.4,outcome,BNST_p1.00,101,0.0601650046848361,0.013114493127078419,-0.0104076735188367,0.008126567915301022,0.019619139910613956,0.011080023513514923,-0.00597929753039756,0.0075322786800605624,-0.039791542815168786,0.024159826865861555,-0.007368845560707986,0.015532900545116472
12.5,outcome,BNST_p1.00,101,0.061004786701877915,0.013137534074023223,-0.010752081816349086,0.008226288618107223,0.018950613363965346,0.011251595916726833,-0.0057762544684874795,0.007513027410102698,-0.04220374189145399,0.024010056209414005,-0.008197746765721865,0.015668469355210872
12.6,outcome,BNST_p1.00,101,0.061964154075215515,0.013159402058131571,-0.010349985377996558,0.008296121674425765,0.018136103117944988,0.011384147689973657,-0.005367476134736792,0.007446437717512506,-0.04417933552666075,0.023963519186229656,-0.007825798175001007,0.01581031204382954
12.7,outcome,BNST_p1.00,101,0.06272345263191809,0.013074205225724165,-0.0103086257458258,0.008204597052529322,0.017045369167304807,0.011436413450829576,-0.004477220515701576,0.007405072282666581,-0.046898537778403956,0.02388062033542462,-0.008415468816111667,0.01567700077579667
12.8,outcome,BNST_p1.00,101,0.06392375468208424,0.012960460478877915,-0.010200718703070853,0.008076034419597485,0.015327773220360117,0.011473495222883425,-0.003381011847763828,0.007346530072387289,-0.04965282350025249,0.023855383067928945,-0.00918703667185897,0.01547288189700012
12.9,outcome,BNST_p1.00,101,0.06464359460713254,0.012805081014973105,-0.010278987486239058,0.007893863514732697,0.013865722952870524,0.01146165230092134,-0.0021250264907414027,0.007247146516097077,-0.05242247598712708,0.023730446800958895,-0.010327566587977155,0.015063785445220837
13.0,outcome,BNST_p1.00,101,0.06539916330794066,0.012569359197270612,-0.009831778422614986,0.007732371996657733,0.01179668992274199,0.01143881451219144,-0.0010684629514028019,0.007129882621059115,-0.054143853970867996,0.02343159786251784,-0.010409785098180335,0.01466752950562403
13.1,outcome,BNST_p1.00,101,0.06578999220268796,0.012291419124159013,-0.008827760264687418,0.00758556263936124,0.010362462931470511,0.011373128697785962,-0.00013396255008906366,0.007028459042986087,-0.05453885771058195,0.023032191375254717,-0.009395601916023791,0.014317057412393976
13.2,outcome,BNST_p1.00,101,0.06588119623758593,0.01202488468742318,-0.008010851464942475,0.0074495955162556735,0.009313007211931268,0.01132261556756887,0.0010601062600628347,0.006907569435732657,-0.05435491236763715,0.022547882194526973,-0.008670514479605812,0.013979675239552744
13.3,outcome,BNST_p1.00,101,0.06553604057873105,0.011805922392629311,-0.006829866044030463,0.007343053357146698,0.0086290240459464,0.011240096349544215,0.0022228049805254895,0.00681838496696252,-0.053299009739817174,0.02207020067181632,-0.007244411325137457,0.013756745230341883
13.4,outcome,BNST_p1.00,101,0.06490550425073723,0.011756078079016522,-0.005155931585703287,0.007252418194221818,0.00808861727941612,0.011182363683773667,0.0031009118147221006,0.006772717075648586,-0.05390702366149064,0.021335903032543183,-0.00552224775105304,0.013656202614492286
13.5,outcome,BNST_p1.00,101,0.06418838240789979,0.011804498172446316,-0.0028989459581687483,0.007142468826892038,0.007305888325799353,0.011146544220687513,0.003765647001388848,0.00675609926091192,-0.05476822136551324,0.020547977403565967,-0.002955796289461686,0.013512302964029017
13.6,outcome,BNST_p1.00,101,0.06348519826480957,0.01200420090897697,-0.0003695641038182336,0.007078396627603861,0.006380680379135315,0.01113460878202039,0.004037945279531189,0.006687088050094364,-0.05443026827841385,0.019926912110142487,-0.0001394369879567253,0.013448434968716989
13.7,outcome,BNST_p1.00,101,0.0626106787831443,0.012365663844890322,0.001093744089981485,0.006952087621084149,0.004694162557082682,0.011167731502613448,0.0017118948031619927,0.006660467810343291,-0.05162478161941801,0.019539613341557998,0.0016263438536131374,0.01343311120004362
13.8,outcome,BNST_p1.00,101,0.06268120512892551,0.012644272210928932,0.0025212824722202843,0.006904681712246391,0.003438121857388387,0.011165551170056734,0.0012277076352227596,0.006455628305715255,-0.04893197621985256,0.019144032488010873,0.0022830681297828365,0.01353453323589023
13.9,outcome,BNST_p1.00,101,0.06227791271882534,0.012953070715148006,0.00357102264379204,0.006846235957782627,0.002105382309494154,0.011158810673239317,0.0004567784342715577,0.006242500736274051,-0.04567833703147945,0.018759481121307476,0.0028189830769670705,0.013641789217075734
14.0,outcome,BNST_p1.00,101,0.06141925152138972,0.013309295052354172,0.004728919280468924,0.006788266370254539,0.0011766903919680903,0.011212239234964243,-0.0005976053448597122,0.005976467199560088,-0.041980900466863764,0.01862076270736062,0.0036781304817118353,0.013696215500926432
14.1,outcome,BNST_p1.00,101,0.05952100664867682,0.013729341911810572,0.005440663156805396,0.006760382644079043,0.0008180497624138261,0.011215896400658598,-0.0018597391848974541,0.005794778651320257,-0.03780450301792379,0.018790840465014228,0.003772666433434768,0.013742791419649127
14.2,outcome,BNST_p1.00,101,0.05832683619335344,0.014070608478651095,0.0060601784669157555,0.0067196537944218225,0.0007183076480194914,0.011274830931408575,-0.00246278787644938,0.0056745183573088075,-0.03327575456140665,0.01914801120098184,0.0044091664954861,0.013840872049612648
14.3,outcome,BNST_p1.00,101,0.05663835350481724,0.014327403728099054,0.006125084306487916,0.006690741182741341,0.001655988531050471,0.011279657206795505,-0.002587448029489441,0.005606752415879578,-0.029831756092685156,0.01958038030889398,0.004336714157475449,0.013840028456003683
14.4,outcome,BNST_p1.00,101,0.05527693618848844,0.014578489255530113,0.005945455568817972,0.006655969007336905,0.002701508097594992,0.011252999655212762,-0.002582778430634343,0.005566315610148054,-0.026661916855492046,0.01995317032688695,0.00320188436731692,0.013751539454897552
14.5,outcome,BNST_p1.00,101,0.05455530556536065,0.014835913150263636,0.005971731798510799,0.006639769556969942,0.003289727808562243,0.011241756289887963,-0.0026636237931734314,0.005547280261463923,-0.024746895033316136,0.02027594375004354,0.0023929476640881615,0.013773030362955213
14.6,outcome,BNST_p1.00,101,0.05451333846360536,0.014816242934169117,0.0060532476447725525,0.006608196583918243,0.0036274306192058984,0.011066605293053968,-0.002442393946365425,0.005557713091306952,-0.02279148108366475,0.02067716056339477,0.0015589408863565886,0.013784425758359161
14.7,outcome,BNST_p1.00,101,0.05407134752816229,0.014675055852399286,0.006299264375646853,0.0066168361887980484,0.0044092112923465486,0.01093005096387586,-0.0016462799744987207,0.005669788192857544,-0.02154428052451694,0.020646501300902616,0.00106622406224893,0.013803214347334789
14.8,outcome,BNST_p1.00,101,0.05474804518681068,0.014406949139174674,0.006241309011040292,0.006623837473240022,0.004623855684553002,0.010780201530765839,-0.0006759314958906119,0.0057606305080358565,-0.02153803023560686,0.02044894396114487,-0.00036361201802813614,0.01384654320858766
14.9,outcome,BNST_p1.00,101,0.05506118127705348,0.01402354117790086,0.006381417436298416,0.006619898608328114,0.004988733814849142,0.010649687039087734,0.0007648352220647418,0.005882395209308114,-0.02263900110544066,0.020458079068284955,-0.000933475748950614,0.013899740804162133
15.0,outcome,BNST_p1.00,101,0.0547900844154305,0.013566105863217236,0.00701185312356157,0.006601582166085475,0.005307662241710728,0.010525935184479933,0.0024557086806662473,0.006054868049801314,-0.026120155905162548,0.02054213595377727,0.00043358177791515747,0.013907870536281012
15.1,outcome,BNST_p1.00,101,0.05483286566029615,0.013128908973165163,0.008644972244542052,0.006546235483066826,0.006170911050813525,0.010389104539625889,0.00396219200320838,0.00618462817801269,-0.027528172188223867,0.020549419340560437,0.003281784099751339,0.013900949989096951
15.2,outcome,BNST_p1.00,101,0.055660915112556546,0.012805563396421757,0.010168558478521647,0.0065378117700639685,0.007185466735878505,0.010265015437682911,0.004843231728336757,0.006342715192796108,-0.028881255389332405,0.020492731455302865,0.004638003600012801,0.013920061817218289
15.3,outcome,BNST_p1.00,101,0.057529364996355206,0.012614774225089833,0.011545962596329512,0.006545894636446552,0.007530529264720871,0.010151703461392433,0.0056458926454307735,0.006409794522799233,-0.02941959455145151,0.02048684928503599,0.006247534033803508,0.013921655419359757
15.4,outcome,BNST_p1.00,101,0.059275625134389845,0.01263198054573124,0.01285517833217078,0.006591755696613073,0.007517838317196406,0.010041552011282137,0.00667295443285219,0.006342178566356414,-0.030592914363794917,0.020668043693046444,0.007704334048892749,0.013953530842043333
15.5,outcome,BNST_p1.00,101,0.0607401967148765,0.012791877259419753,0.01415608885868187,0.006652136748641184,0.007447647869950305,0.010033105400157913,0.007371311124210893,0.006282933583200129,-0.030520197059172534,0.020933970784430513,0.009158343173222899,0.013941853545435024
15.6,outcome,BNST_p1.00,101,0.06202874707968573,0.013009964832307387,0.015873703395771512,0.006746990494369117,0.005829503883659376,0.01005363177211555,0.007170890787331706,0.00630121603314267,-0.029705822790077597,0.02148510598297509,0.011037512971939866,0.013949718224482245
15.7,outcome,BNST_p1.00,101,0.06386197685224408,0.01318406943068157,0.01748136746340797,0.00679587631573858,0.003909388064439783,0.010072960928146009,0.007025986775891571,0.006356791873513065,-0.029530951546555738,0.02198081426099834,0.013170648909394171,0.013821395111788315
15.8,outcome,BNST_p1.00,101,0.06502263492195363,0.013442775662176734,0.01885276622226915,0.006884559842841548,0.0022425067745447127,0.01008353591411316,0.006877257706612604,0.006378728569781729,-0.028065426990497383,0.022495918161649444,0.014679503488556357,0.013754556076696798
15.9,outcome,BNST_p1.00,101,0.0663599602752831,0.013763379300254385,0.019871873917873064,0.006859873891073525,0.0004052136731051392,0.01018916606410409,0.0062158804916152555,0.006339348246781516,-0.025376455570886906,0.023005835459366814,0.015573522907966271,0.013502509033492817
16.0,outcome,BNST_p1.00,101,0.06735863705535677,0.014091491605552646,0.020567269600887998,0.006710353975301706,-0.0013424979550174018,0.010343084572569715,0.00519492823052738,0.0063497327123980115,-0.021374455619314815,0.02330961447490189,0.01660485617617022,0.01304696117975236
-1.0,cue,CE_p1.00,101,0.0054067447293834866,0.01118487809856615,-0.00712872990112978,0.006704756893835818,0.0019254517731031482,0.008403558508670963,-0.005980280160938631,0.005165381049480285,0.00031106613731348413,0.0187559497992871,-0.021751387839561744,0.01351710313330222
-0.9,cue,CE_p1.00,101,0.0038563571032370065,0.011153982250414253,-0.007173619080898171,0.00667583626436908,0.0016812424238713216,0.008421056108236619,-0.00678382580066811,0.0052734456759064,0.0015170646082952822,0.01874193671919405,-0.021390052936788435,0.01350518935027303
-0.8,cue,CE_p1.00,101,0.0022019462508491997,0.011205850518032655,-0.007321427248961584,0.006642023720290428,0.0016496375045091365,0.008497595542432262,-0.00717354916242893,0.005370482052326596,0.004189295928018886,0.018759149102974135,-0.020545371099621085,0.013514392882349813
-0.7,cue,CE_p1.00,101,0.0006660856811272975,0.011312156362336429,-0.007488600371037389,0.006607202431001707,0.0016078888723567173,0.008587303398896462,-0.0076709481429657524,0.0054740806365978925,0.007474014741467891,0.018774173058701108,-0.01993372005804467,0.013567208598414001
-0.6,cue,CE_p1.00,101,-0.000487329352813706,0.011404429531557753,-0.007597149634499237,0.0066190793956050955,0.001625747744356466,0.00867106629888961,-0.008329595609206892,0.005588031324403471,0.010222068910802417,0.018720459282194853,-0.019125151088845153,0.013634381672551
-0.5,cue,CE_p1.00,101,-0.0012851506525859678,0.011566659394140132,-0.007102915068447088,0.006660888558270793,0.0010425762969362208,0.00874278398776692,-0.009251010716441807,0.005700167499298902,0.01253501347714682,0.01867085015052493,-0.016701655666106572,0.013634751374486897
-0.4,cue,CE_p1.00,101,-0.002287539536146457,0.011707669223275506,-0.006328324016828061,0.006696589312246005,0.0007728247824232453,0.008838549559732806,-0.010460876062133959,0.00580453519444951,0.01445531567643874,0.01868747059333508,-0.013644957913571242,0.013566380303851292
-0.3,cue,CE_p1.00,101,-0.0027077622568506335,0.011814065253051707,-0.005520277762283838,0.006777430469962698,0.00036034798402742954,0.00898817888268753,-0.011319840509316267,0.0058808236477928735,0.015999364703175978,0.01885590561078226,-0.010680042825051595,0.013462740052638365
-0.2,cue,CE_p1.00,101,-0.0029658241484962103,0.011936813429518293,-0.005359464060651007,0.006853367475095925,-0.00021253986364958835,0.009107260172063644,-0.01163696391182447,0.005990281374983283,0.01719281849121892,0.01881615728113623,-0.008795229671226075,0.013299348747272666
-0.1,cue,CE_p1.00,101,-0.0043275050942976215,0.011940529909988897,-0.005458272888862999,0.00684219020799416,-0.0004288553718199898,0.009168148256384637,-0.011806497385512926,0.006101760835719079,0.020049932868800236,0.018695980937162127,-0.007002380683742174,0.012968814922670564
-0.0,cue,CE_p1.00,101,-0.0054386309005792855,0.011949408437111172,-0.005919800625419503,0.006797549427085587,-0.0007885324203716222,0.009229140729004628,-0.011935441906944294,0.0062476020023874744,0.02151870449884153,0.018677273648068225,-0.005790825873814712,0.012624089412017784
0.1,cue,CE_p1.00,101,-0.005662103854384251,0.011901022724459162,-0.006159820236323912,0.0067352000707991645,-0.001804053523638399,0.009279122102514666,-0.011861107940660734,0.006319883920481925,0.021762557388870337,0.018756712491646628,-0.004827755816864089,0.012258125543622952
0.2,cue,CE_p1.00,101,-0.00609273873804098,0.011862581496999536,-0.0067275434461183305,0.006601005805159589,-0.002959194737493489,0.009393718079359063,-0.011842229187244632,0.006357808712156968,0.022152254941209776,0.018734927245513764,-0.004940448855444632,0.011871564279952791
0.3,cue,CE_p1.00,101,-0.006526708478155348,0.011780081945363171,-0.007176332483217575,0.006456930904291308,-0.0036560133460804213,0.009467387241571045,-0.011426869761152689,0.006320108840168521,0.022799781995704323,0.018721494427708,-0.005214846649375117,0.011545112066654978
0.4,cue,CE_p1.00,101,-0.006784791873730834,0.011680489281569686,-0.007081123505416927,0.006321532316834817,-0.004232520768321456,0.009510775730609678,-0.010947777611598196,0.006221872851675126,0.021898552421875665,0.018759576472218903,-0.005588616710915902,0.011257895475026813
0.5,cue,CE_p1.00,101,-0.007038284230017608,0.011562548699324438,-0.006521043061792208,0.006229713889482824,-0.004762148624750793,0.009524338499179904,-0.010686241241896233,0.006097433828835244,0.019648783309609466,0.018860012667182686,-0.005800340981649438,0.011081234364547369
0.6,cue,CE_p1.00,101,-0.006899441633253898,0.011429257340332557,-0.005882876887536531,0.006111526193829672,-0.005662647066757786,0.009529512427628683,-0.01048981050251392,0.006026912227813421,0.01722711463693576,0.018847132793368936,-0.005757995055166273,0.010918053072308104
0.7,cue,CE_p1.00,101,-0.007030154966485862,0.011265815344981644,-0.005744671338575315,0.006012710123968002,-0.006359608996784096,0.009510713726158958,-0.01014558498451592,0.005961930855637821,0.015238754212778198,0.018737319238877427,-0.006422370953616961,0.010817353698837726
0.8,cue,CE_p1.00,101,-0.006678811250419893,0.011063087794402331,-0.0056425058945025735,0.0059163574129044464,-0.007384854985323301,0.009420200391007938,-0.009469905197791707,0.005881268264630175,0.013958474807213508,0.018603589486502897,-0.007173747857804028,0.010682912916821887
0.9,cue,CE_p1.00,101,-0.006349279106107844,0.010887345030039982,-0.005462284072925475,0.005878565983112242,-0.008384828195099388,0.009316780495013556,-0.00896764151963194,0.005850411037212029,0.012975512806729985,0.018576337643073548,-0.007347516513764987,0.01059039670064644
1.0,cue,CE_p1.00,101,-0.005978773658089162,0.010840990611180294,-0.0051863869552287774,0.005903629317625104,-0.009340250258135346,0.00924868763269167,-0.00905920082287806,0.005815846876884134,0.01305550113221684,0.01852354276566907,-0.0072243328918069226,0.010536610890718263
1.1,cue,CE_p1.00,101,-0.005178232543014049,0.010739081345160304,-0.0048580745779408,0.005919087777951666,-0.010049241223259746,0.009134369535833404,-0.009554164372410537,0.0057420694814632935,0.011759078132268484,0.018451598460241168,-0.006770887623839963,0.010315531918284632
1.2,cue,CE_p1.00,101,-0.004055764378332382,0.010608398832439608,-0.0041416109088077075,0.005948703891193539,-0.010336620028242165,0.009016355095071161,-0.009883439106797605,0.005711708028159565,0.010918121324420528,0.018438882396208965,-0.005788108724564017,0.00997333216892236
1.3,cue,CE_p1.00,101,-0.0034270432980779302,0.010543156561957964,-0.0035826225013985604,0.005942259040596629,-0.009754610256920699,0.008969769110091133,-0.010013409747851915,0.005711028918997489,0.01113591258101393,0.018418454254705393,-0.004956408683821436,0.009687017206669174
1.4,cue,CE_p1.00,101,-0.002717330295172368,0.010539775087797305,-0.002639896283194098,0.005944489337412085,-0.008366866420718946,0.008973565806197134,-0.009839417723049004,0.005726831649522702,0.010505653434732079,0.01833720946634709,-0.003464618774025166,0.009489468910071349
1.5,cue,CE_p1.00,101,-0.0019391008662544664,0.010481627155329385,-0.0014862218830382252,0.005960072565931593,-0.0068552507561748304,0.008998996453551221,-0.009953903659882475,0.005759957897137638,0.009354811864800767,0.01819971970404578,-0.0014591663933479903,0.009343849241166477
1.6,cue,CE_p1.00,101,-0.0011951698572655284,0.01040496684140671,-0.0009241262597565222,0.005977772850203391,-0.0052431832867388,0.009087996079739837,-0.010394120833103053,0.005844441239783524,0.007854918926229172,0.018082752270231057,-0.00026337980761731184,0.009300097630580689
1.7,cue,CE_p1.00,101,-0.001318864152187946,0.01030674810457627,-0.001227649535659779,0.005940255752375786,-0.0030912964541017197,0.009156367731486781,-0.01083153967140062,0.005868512078971196,0.007264764366912027,0.01803735127368815,0.0003017773246485346,0.009304730567485493
1.8,cue,CE_p1.00,101,-0.0013071204172138036,0.010229346425829362,-0.001673878980761209,0.005928018007227716,-0.0006496783360633167,0.00919663846156815,-0.01125075458665498,0.0058807546702167495,0.006596410671842629,0.018123671799236154,0.0007800098270052722,0.009406418804733191
1.9,cue,CE_p1.00,101,-0.0009075436910286654,0.010172766503662686,-0.0021735423399234753,0.005929736097912403,0.0021682532999205933,0.0092718800134751,-0.011726691720413579,0.005918894528328094,0.005339541651552765,0.018263477572595756,0.0008620726315203768,0.00957567694552878
2.0,cue,CE_p1.00,101,-0.0007968245731450226,0.010135189569315212,-0.002558426137311708,0.005923148432187197,0.0054013816863978355,0.009412151021818149,-0.012485538437682799,0.006006374038649405,0.003155881369957602,0.01839244426469985,0.0008655583663971253,0.00976529633906313
2.1,cue,CE_p1.00,101,-0.0008910355728533036,0.0101546073741479,-0.0033735495580163215,0.005906927662026176,0.00930376134358924,0.009597733908406045,-0.013117405865403308,0.0060927882993300885,0.0002637951833819035,0.018566275983048695,0.00010209608920406035,0.009967238735761452
2.2,cue,CE_p1.00,101,-0.0006018492443152256,0.010205713804569291,-0.00440805426695038,0.00592339633210799,0.013169218384625453,0.009767078000562934,-0.01370441556506965,0.006177802597943029,-0.0031178709850481255,0.01880414161695938,-0.001503824618437581,0.010239146103620839
2.3,cue,CE_p1.00,101,-0.0004102235771416124,0.010257384266297258,-0.004777911451273163,0.005913630198462172,0.016820538619719723,0.009895874639058529,-0.013993600710193682,0.006222170126342886,-0.006265268430822506,0.018941223296649986,-0.002543437274597913,0.010526248181692307
2.4,cue,CE_p1.00,101,-0.0011073297204017966,0.010313151468119874,-0.004927844496678648,0.005868752835702351,0.020804600614400426,0.010015699566601918,-0.01430164481985147,0.006255784638028775,-0.009099570542037019,0.019045200025282347,-0.0033138543002857587,0.010609310173268762
2.5,cue,CE_p1.00,101,-0.001515430784353403,0.010451574436681262,-0.005121666469084696,0.005813482783730024,0.024098144356812196,0.010145272826400313,-0.015102783037894271,0.006270717381017903,-0.012200834867966776,0.019140308427194212,-0.004436732925427008,0.010685133141620215
2.6,cue,CE_p1.00,101,-0.002757428047178681,0.010556935522432191,-0.005244501751273329,0.005724441120820255,0.02751838677441355,0.010174787113078542,-0.01644615439007965,0.006252591381057623,-0.01428059657635659,0.019255742723686547,-0.005524706556451029,0.010706067168523408
2.7,cue,CE_p1.00,101,-0.003991585737487394,0.010665721278605662,-0.005564215747783257,0.005622534868632649,0.030480219375073336,0.010170999537214205,-0.017854325883456704,0.006224637938637097,-0.015220224901790595,0.01929813491739114,-0.00689070976078832,0.010703956079362538
2.8,cue,CE_p1.00,101,-0.005022534499046612,0.010748404479123713,-0.00574972467998955,0.005498055507814424,0.03319590403945537,0.010123178886685026,-0.018739558173225694,0.006225058648232215,-0.0155271328278904,0.019364645324817614,-0.007755149358026521,0.010655511404535353
2.9,cue,CE_p1.00,101,-0.005470015326528911,0.010776181287846878,-0.005070528905882257,0.005370547694683584,0.03515494577946566,0.010072649893173437,-0.019693601857937386,0.006193287805121088,-0.015175749115898427,0.019320039006868104,-0.007567535887396822,0.01063641281952652
3.0,cue,CE_p1.00,101,-0.005476958578159877,0.010770332523622387,-0.004178882321653339,0.005294296996517982,0.03695929595384013,0.010026848623531053,-0.02049389520981235,0.006121874220925965,-0.014423045376585765,0.019134249489098774,-0.007407018862879028,0.010733335236528606
3.1,cue,CE_p1.00,101,-0.00583866041695874,0.010730526335394123,-0.0030082956465665744,0.005244771133384838,0.038258559215332374,0.009977102397745638,-0.021613088062423094,0.006063874265786664,-0.013562479864567111,0.018772533475543814,-0.006616303196650394,0.010872057689236525
3.2,cue,CE_p1.00,101,-0.00657982449875847,0.010670087316197329,-0.0018553396932899976,0.005273735205711111,0.03917791832623365,0.00993194869215888,-0.022583106754623716,0.006026507298742169,-0.010529262528400547,0.018328688899832298,-0.006201399666759703,0.011060010822035967
3.3,cue,CE_p1.00,101,-0.007211924782841449,0.010534300318809885,-0.0005231613798270696,0.005307668196687882,0.03937100956628483,0.009823103107768578,-0.023533322990619908,0.006014662531589404,-0.0066683514447149015,0.01781418898016615,-0.004903696788288313,0.011219319871869743
3.4,cue,CE_p1.00,101,-0.008596444332751418,0.010366695002534069,0.001048089101812486,0.005366840361205581,0.0395471636865768,0.009671892468099874,-0.02461685599826412,0.0060348354651937166,-0.003203783652675164,0.017453378699049987,-0.003300863995506417,0.011440142347341219
3.5,cue,CE_p1.00,101,-0.010543481035301056,0.010249027900770329,0.002531401034816978,0.00547065087526527,0.04010038983006298,0.009538397439351925,-0.025835414691823377,0.0060725664403995,0.00020458042381299172,0.017223926181614606,-0.0017246406775170186,0.01166837893184617
3.6,cue,CE_p1.00,101,-0.011830633572087629,0.010105731144659305,0.0035001610501154425,0.0054736343498779875,0.0401646296780865,0.009386430601484039,-0.027213245615420736,0.0061254532179329585,0.00279768308247534,0.016855377261812302,-0.0006344907192659415,0.01178624953907594
3.7,cue,CE_p1.00,101,-0.013164032582847079,0.009888252595838119,0.004353964665752276,0.005476653954895211,0.0403454486094585,0.00925251258415237,-0.028240138601877407,0.0062079749536547955,0.0052986407191822,0.016499031073108104,0.00031748462133161776,0.011833501497894547
3.8,cue,CE_p1.00,101,-0.01425407501703855,0.009605166943703513,0.004647201380702659,0.005519472202435877,0.04046079115932792,0.009150262456397646,-0.028762441107877262,0.006278866493630376,0.007441206548272932,0.01628648746847563,0.000596136381145087,0.011865517144280828
3.9,cue,CE_p1.00,101,-0.015102735481272039,0.009321879818986824,0.004506080456450857,0.005551079880115338,0.04073357385374516,0.009081974924866284,-0.02887285667127947,0.006330153200728378,0.00808930860612694,0.016106569550781838,-0.0002356268177418369,0.011880521339449845
4.0,cue,CE_p1.00,101,-0.01616194272886284,0.009118494019624812,0.004338738779457952,0.00556816117870596,0.04128379311891752,0.00910470329882072,-0.02877266086928602,0.00637665310051824,0.008388333110512075,0.015874805043357865,-0.0013409571049301247,0.011888942583414708
4.1,cue,CE_p1.00,101,-0.017522383484319008,0.009020518273753022,0.0036020994936413263,0.005654806921184884,0.042052519719676384,0.009182681982829965,-0.02886391410592747,0.006404372116036531,0.00813435285757902,0.015808302284337362,-0.003791303622388513,0.011991426425828629
4.2,cue,CE_p1.00,101,-0.018965817674339587,0.009104996694713865,0.00278106388163455,0.005747778792905881,0.04274217308422405,0.009269430268559095,-0.029059488994839944,0.006435734109333042,0.006711133256076368,0.015960695802405445,-0.005863369215159755,0.012179380654904625
4.3,cue,CE_p1.00,101,-0.020110645160050695,0.009317732767156636,0.0017088361256488653,0.0058089044567529715,0.043303725492297405,0.009372242770069034,-0.028795531876928293,0.006418391665618192,0.0053582488293368695,0.016149810755696267,-0.007742853628549033,0.012288274636649223
4.4,cue,CE_p1.00,101,-0.02148116865642989,0.009536589301964835,0.0006983060563728269,0.0058583161635914205,0.04431730786148873,0.009446122183527143,-0.0283043695841621,0.006396503146974148,0.00435841289699563,0.016306073096361104,-0.009078698609890287,0.012398844148214799
4.5,cue,CE_p1.00,101,-0.02266984493190992,0.009742810949035122,-7.729836550700817e-05,0.005896125724279067,0.04545867451390334,0.009540547879432981,-0.02747382767520437,0.006410513405431816,0.0027308813219203277,0.016289150505385916,-0.010106261697331032,0.012568366573862372
4.6,cue,CE_p1.00,101,-0.02359773015805054,0.009964749624426342,-0.0008537446025897705,0.00595829273439063,0.046417642496215564,0.009690352575460068,-0.02660663456711597,0.006466302363740028,0.001654121411138772,0.016165313939598278,-0.01163957155921281,0.012797575434474231
4.7,cue,CE_p1.00,101,-0.023754234507971293,0.010192855598975937,-0.001784947493168297,0.0060600822644316125,0.0466378399970109,0.009849138784672487,-0.025702610545250155,0.006531046785520679,0.0008375518167082075,0.016092302130397678,-0.01309967881074992,0.013019684586702811
4.8,cue,CE_p1.00,101,-0.02397228080732283,0.01037402255613202,-0.002604789360438731,0.006172782447683716,0.04635995599368965,0.009929567988759101,-0.02460003166927603,0.0065775247937049025,1.662806962297938e-05,0.015915534728370633,-0.01400066900862461,0.013210940300959437
4.9,cue,CE_p1.00,101,-0.0246661989778716,0.010431192946724569,-0.0031836284652856594,0.0062268192124862705,0.04628128694875451,0.009994841168325103,-0.02351029698031348,0.006637054082979296,-0.00043330988407293725,0.015783134764767247,-0.014912494497610411,0.013181026085006316
5.0,cue,CE_p1.00,101,-0.024968343183855567,0.010543316942481831,-0.003713757154576362,0.006244465575055893,0.04584797082288986,0.010078629051193883,-0.022791676395250114,0.006759479398889076,-0.0009344475759877515,0.015703450865586242,-0.015673083445503288,0.013142342259471229
5.1,cue,CE_p1.00,101,-0.02531340469072731,0.01072087317918175,-0.003909540322668581,0.006259976174984344,0.04482747311731644,0.010138046990739205,-0.021970643254523813,0.0068486907849768216,-0.000128159608487364,0.015705518887813068,-0.015260198787875209,0.013106986195735778
5.2,cue,CE_p1.00,101,-0.025208165944598793,0.010842770133493992,-0.003860275922959545,0.006236641560888672,0.04300491077302644,0.010145780890626213,-0.020880449378733446,0.006946159690470724,0.0018782966460083861,0.01573590214726042,-0.01417161048742924,0.012982524916665336
5.3,cue,CE_p1.00,101,-0.02491932476710723,0.010834589220239655,-0.003680501350333396,0.006158966727867483,0.04067105764293678,0.010092290332356134,-0.019829968645200185,0.007062063499235716,0.0037170420218694653,0.01589997212692379,-0.012278311082020881,0.01276650838686627
5.4,cue,CE_p1.00,101,-0.025163423447155397,0.010793468079269699,-0.003520387760488714,0.00606488883426448,0.0381696974422273,0.010009795829648152,-0.01877676874463965,0.007126206371884043,0.006346526156384949,0.016064368971097618,-0.010091275487722075,0.012521507203256382
5.5,cue,CE_p1.00,101,-0.025836319483976394,0.010751804411670467,-0.0035374950059578344,0.0059835355054999925,0.035536231364173186,0.009893646742839228,-0.017478787627263383,0.007192657205981464,0.008925215759421724,0.016268844761923428,-0.008554978067205985,0.012273371129201915
5.6,cue,CE_p1.00,101,-0.02664479782970034,0.010744217256507763,-0.00362446979751629,0.00592321656103656,0.0321771487679296,0.009823244052364474,-0.016118051563728312,0.007288718864306739,0.011088111319234602,0.016301501295919788,-0.008039589466234813,0.012052242421493059
5.7,cue,CE_p1.00,101,-0.027504173523106207,0.010815984798975034,-0.004124119144352105,0.005899228953509847,0.028573655438258808,0.009757994333648004,-0.015122301596546428,0.007396600529237028,0.013069593518916253,0.01648330938713485,-0.008306152476670825,0.011931882472219787
5.8,cue,CE_p1.00,101,-0.028177774653834847,0.010905094948874403,-0.004979896440886194,0.00588357546706415,0.02501519651398066,0.009691124964021702,-0.014369914035108894,0.007486474527097868,0.013498476918034328,0.01672431481209014,-0.00892403288511373,0.011867474885419128
5.9,cue,CE_p1.00,101,-0.029122693828976927,0.010967917197061606,-0.005611481103974568,0.005881766262142757,0.022195021919991117,0.009647873599521383,-0.013640352259424053,0.007547780534923109,0.012585819632133066,0.016994985548742066,-0.00891917769363854,0.011909939862776704
6.0,cue,CE_p1.00,101,-0.029888768049900014,0.011105938166332322,-0.006414353532409547,0.005928781814963042,0.019536538834595447,0.009665465252981731,-0.012921860837106839,0.0075884326052767705,0.012037958882866543,0.017323229176463603,-0.009159113538279655,0.012055663734742744
6.1,cue,CE_p1.00,101,-0.03054535503794858,0.011266726966527791,-0.007394253582189008,0.005930960115065188,0.016937357579961093,0.009714790013890529,-0.01197517927430923,0.007553500124964105,0.012391791137013193,0.01754258757676508,-0.009799445917921807,0.012108108742825904
6.2,cue,CE_p1.00,101,-0.031069885381541977,0.011455664793765698,-0.008474078786653929,0.005948257474885717,0.014054140958679703,0.009814926306648916,-0.01101098365060016,0.007513636857741972,0.012401230770715975,0.017790075291982264,-0.01058399982590155,0.012081964636932244
6.3,cue,CE_p1.00,101,-0.03130836761747778,0.011558226347848227,-0.008939991190356378,0.006029441163360915,0.010921207262400173,0.009883517701071817,-0.009905482667836453,0.007460236967945951,0.013022270309843062,0.018142695719826667,-0.011070206995439301,0.012169320395322005
6.4,cue,CE_p1.00,101,-0.03172606604132593,0.011662122778233605,-0.008796199629637296,0.006071380845325775,0.008692947665503981,0.009885396664382427,-0.00999564651539907,0.00733452487484337,0.014185833972175417,0.0183589197665156,-0.010597076710261128,0.012262721889757003
6.5,cue,CE_p1.00,101,-0.03261049060960781,0.011787903014390984,-0.008860382586977732,0.006085608729027278,0.006623644387002721,0.009945765851637001,-0.01007602925863479,0.0071270521214617175,0.013707589839675403,0.018466443332837743,-0.010808264408938976,0.012168639249190673
6.6,cue,CE_p1.00,101,-0.032951989470426046,0.011787557425147945,-0.009009570833748815,0.006127868439475053,0.004880028996413312,0.00996115274250136,-0.010299921594102972,0.006877795509934204,0.012458698244794768,0.018683698292225822,-0.01202503045733558,0.012054260893448484
6.7,cue,CE_p1.00,101,-0.03242651919570699,0.011718839752701864,-0.008606858842405021,0.006196814158626146,0.003505358240750064,0.009933209149278439,-0.010743421006578442,0.006619955623911834,0.011255603690792752,0.018937131551717452,-0.012981016846352625,0.01198546192652959
6.8,cue,CE_p1.00,101,-0.0315894482039105,0.011606522463994042,-0.008202044165588973,0.006268883557576824,0.002504434603436628,0.009903783294820594,-0.01141496825263881,0.0063710919972412225,0.010800752426026426,0.019233854130515732,-0.013291170602449207,0.012082263932093986
6.9,cue,CE_p1.00,101,-0.030407725924140698,0.011501653587271976,-0.007802019447553668,0.006323474357877976,0.002390936470671658,0.009851851505598863,-0.011876722330978496,0.006128936907982767,0.010506281705573415,0.019343230479248907,-0.013840440536911042,0.012140857779340273
7.0,cue,CE_p1.00,101,-0.028753430619809117,0.011393911616339085,-0.006961823795520642,0.006348201170571992,0.0019996336465184167,0.009864973963651423,-0.012178878703909175,0.005929011775804496,0.011433735651155099,0.019318750931628496,-0.013625685661542727,0.012158726604073473
7.1,cue,CE_p1.00,101,-0.02662675870138338,0.011330060006223865,-0.005905225157198376,0.006383381232353941,0.0014987295885483334,0.009884287812659704,-0.012439406365367526,0.005792178245662768,0.013779173664495034,0.01917926924899766,-0.012775521062660056,0.012178688063069945
7.2,cue,CE_p1.00,101,-0.023803364149303154,0.011374169034203649,-0.004619720079083112,0.006433633317339535,0.0007155610694911533,0.009930851710981733,-0.012285735646089382,0.0056874753711368,0.017417003519670817,0.019179203538830767,-0.011585524872360094,0.012234992698086653
7.3,cue,CE_p1.00,101,-0.021283279480204347,0.011409814644648712,-0.003284963770542644,0.006440737394834321,0.0007210670946798971,0.009917768377542342,-0.012457013118113085,0.00564181710849355,0.02116374660605505,0.01916689282058325,-0.010398929253512787,0.012249089669704274
7.4,cue,CE_p1.00,101,-0.016862425131706712,0.011358644984311909,-0.0022033799591162266,0.006443090242401887,0.00021133721862002993,0.009925613857792155,-0.012396855900267699,0.005667846165209838,0.025428916178921006,0.01915229980385786,-0.009945330925864401,0.012213106054869357
7.5,cue,CE_p1.00,101,-0.012005528461694842,0.0113566063286614,-0.0016167445162558521,0.006436101542517175,0.0006644883740419472,0.009988778473362969,-0.012354291682409065,0.005762708182734641,0.02796099718424791,0.019133598605958854,-0.009650841656611906,0.012245303048546199
7.6,cue,CE_p1.00,101,-0.006519835403941226,0.011315289822522445,-0.0015446211639660152,0.006411373206414566,0.001117627609546365,0.009996553037693432,-0.012249101639023572,0.005837613894634305,0.028616931846171735,0.019012415017328844,-0.010295022245795028,0.0122307666392797
7.7,cue,CE_p1.00,101,2.0260273011944404e-05,0.011280299482855824,-0.0013607483117695025,0.006415052986683131,0.0013833483714790753,0.010002879319009795,-0.011593121510330645,0.005919124819661627,0.028593177760812927,0.01881478468314817,-0.011019077644799098,0.012283455745310552
7.8,cue,CE_p1.00,101,0.006015634657412635,0.011277412516834995,-0.0011863805975679893,0.006327269326287415,0.002573648022289284,0.009961754822480724,-0.011247054668172118,0.0060026260939861015,0.028986944090956958,0.01860444672904118,-0.010901589716854832,0.012282966925088271
7.9,cue,CE_p1.00,101,0.0125531474006359,0.011355131527408198,-0.0009419495249948032,0.006244123681499878,0.0037461936067742264,0.009912329274379478,-0.010798208349373083,0.0061035316426642896,0.029521970559120467,0.018412443818072704,-0.010489006630675929,0.012271881827163812
8.0,cue,CE_p1.00,101,0.01934199318887412,0.011470814168154014,-0.0007007576892584292,0.006186194463246708,0.005173338554945416,0.009774796993825796,-0.010673137671166968,0.006145636448433093,0.02968271002768379,0.01821749250222143,-0.010152490445935382,0.012301913175760255
8.1,cue,CE_p1.00,101,0.026477241472442906,0.01149419268483588,-0.00030785902032794924,0.0060799767328891165,0.0066918030879822175,0.00963349288998237,-0.011066522076156292,0.006177039621620056,0.030724001586688574,0.01803403747731821,-0.009057935115455999,0.01220186234390792
8.2,cue,CE_p1.00,101,0.03443742922464981,0.01157989726049565,1.3402920461160323e-05,0.005996537841625054,0.007854720858084457,0.009533091221710116,-0.01171746351930623,0.006200430696511929,0.029821687932820258,0.017936930745567875,-0.006603858100949708,0.012209978848261008
8.3,cue,CE_p1.00,101,0.043844344455748634,0.011626592524626908,-0.000523598755973411,0.005902271857471217,0.008637765974456054,0.009491291344055722,-0.01224858608842005,0.006234504510524736,0.026797383922968016,0.017984785923813508,-0.005766250295430315,0.012206325191539484
8.4,cue,CE_p1.00,101,0.0536017969258236,0.011678152413784337,-0.000981122096189012,0.005843779686405441,0.009437577682395847,0.009408559481776853,-0.012636117194647249,0.0062891182815135805,0.02404307950638971,0.018154586674535792,-0.005440831049028681,0.012198769284630135
8.5,cue,CE_p1.00,101,0.06359486292176172,0.011697024622712786,-0.001509625487589287,0.005867637967265084,0.010073384469241789,0.009302689234976626,-0.013029501031315671,0.006334455831829527,0.021879807664887837,0.018377268928112582,-0.005243534491832696,0.012306584249612803
8.6,cue,CE_p1.00,101,0.07433386163505049,0.011675277569878857,-0.0016779511785069549,0.0058963678543461975,0.010323562773536726,0.009127660199762539,-0.013471806928894806,0.00628327276464002,0.019665579010039017,0.01854618600177047,-0.004307326379849235,0.012282160995632188
8.7,cue,CE_p1.00,101,0.08522218703953491,0.011710823395223627,-0.0017465063274128122,0.0059555680430220465,0.009867277736415376,0.008969576760512344,-0.01383722803725347,0.0062062580478728395,0.018071052581019705,0.018807586689692648,-0.0030059338537791126,0.012267728756948796
8.8,cue,CE_p1.00,101,0.09670013906990006,0.011791893813576206,-0.0015700219263252433,0.006031939273122596,0.008708636443801336,0.008840388178099725,-0.013742058523842283,0.006094729197226444,0.015674549529188602,0.019143958246406256,-0.0023927826204398067,0.01232927883816745
8.9,cue,CE_p1.00,101,0.10872741965172711,0.011894648501764095,-0.0012100633863847824,0.006059362691403353,0.007372308745699695,0.008746270437607626,-0.013552063800928235,0.005909948998872014,0.013159925858256696,0.019389279395279846,-0.0012041305858288853,0.012359281397508104
9.0,cue,CE_p1.00,101,0.12151675722132746,0.012008506534509892,-0.0010221917151678449,0.006043421919821093,0.006058839703434706,0.008707246205055653,-0.01299126975769411,0.005708754065037878,0.010788364883463025,0.019421037324230832,-0.00029837542320300067,0.012215096537378237
9.1,cue,CE_p1.00,101,0.13442439691663854,0.012210769594095786,-0.0009498085029716995,0.006044771009747258,0.004291770550627546,0.008673261471833301,-0.012238036694633983,0.0054825710263325935,0.00857611966706289,0.019362348353904064,0.00016798054790136336,0.012101424662425152
9.2,cue,CE_p1.00,101,0.14764180756238243,0.01240745565363193,-0.0007125133643213966,0.006075116861799706,0.0023424801335967145,0.008640986231002349,-0.010834210536897695,0.005287843221884561,0.007705724121546819,0.019240931004073352,0.0005668340379381893,0.01205218228726735
9.3,cue,CE_p1.00,101,0.16053607190440292,0.012667691852036141,-0.0005138496886661611,0.006116775149817736,-3.796187239320278e-05,0.008613493960413833,-0.00899141045576423,0.0051394875546027065,0.006825591121082903,0.019027946940387123,0.0004676755010050929,0.01199220484673382
9.4,cue,CE_p1.00,101,0.17301359636327168,0.012899245963796926,-0.00030549157851239556,0.006168857628451568,-0.0019881827702219884,0.008606515977007354,-0.00707942076048697,0.005044102292955372,0.007201219584784123,0.01868467324678246,0.00030308617099026664,0.011947617665314124
9.5,cue,CE_p1.00,101,0.18421959573601213,0.013109291533445635,0.0003081661552857065,0.006183186516226986,-0.0036867950886405867,0.00856939659550497,-0.005462936221457685,0.005003919231249104,0.008868523651167207,0.018223948018423003,-0.0001632722921890615,0.011896198477231522
9.6,cue,CE_p1.00,101,0.19396296550768866,0.013337441479558619,0.0012251510311065653,0.006231954066674303,-0.004980598387829191,0.008553159837321463,-0.004177626115030447,0.005005156539047727,0.010675112820600647,0.017836265551078704,0.0001339418286116513,0.011929707964927348
9.7,cue,CE_p1.00,101,0.202932208954315,0.013628609624352481,0.00178491895471269,0.006330520414796226,-0.006158613355049044,0.008521323329109837,-0.0031555140298131813,0.005025360976422625,0.011148342336727044,0.01757177109284406,1.7953720506823217e-06,0.012030040361625725
9.8,cue,CE_p1.00,101,0.2117723362345038,0.013851094391798702,0.0021266605803721265,0.006373835332922293,-0.0074886246573575435,0.00846576316918826,-0.0022911043804165077,0.005108911797985632,0.009819046628930982,0.017414365640433933,-0.0006718150956372431,0.012169743675987037
9.9,cue,CE_p1.00,101,0.2187033817478394,0.014033022318751025,0.0031593187853510675,0.006363342309851915,-0.00808853120817997,0.00847353246884135,-0.0019455148209111621,0.005244347290981478,0.008540781703711918,0.017274545249621312,-0.00027026423774963523,0.012219247339137365
10.0,cue,CE_p1.00,101,0.224896692618494,0.014293170348752774,0.004570880959390978,0.006358450209764956,-0.008452237042342202,0.008528424799620826,-0.0013466296673644406,0.005376644317959302,0.009065361292305103,0.017322031397119145,0.000709253135767818,0.012299746605780872
10.1,cue,CE_p1.00,101,0.22948147127040514,0.014488688901996354,0.005307042756585958,0.0063717019604657655,-0.008644156984406454,0.00855660637190081,-0.000911655763263831,0.005527584940428104,0.010085166048729513,0.017445540033914114,0.0008918124865657709,0.012361362523443779
10.2,cue,CE_p1.00,101,0.23351017489019477,0.01458250189315175,0.005954451335744031,0.006400046519142424,-0.008828414693394421,0.008538198282514183,-0.00044346752865978664,0.00571064739309285,0.012091124291491107,0.01756002275017973,0.0008457135417566224,0.012415070153591756
10.3,cue,CE_p1.00,101,0.2379066550601338,0.014666128928914952,0.0067120240103906974,0.006390042452513986,-0.00959026569189092,0.008559941027617795,-0.00036913938068094157,0.005878235009796591,0.013042856330186967,0.017773903113511548,0.0007708093354343272,0.012473132795397798
10.4,cue,CE_p1.00,101,0.24089594650569046,0.014706832603708083,0.007393299993155242,0.00634477101132952,-0.010160018749708696,0.008593600341275744,-0.000711887174463035,0.006052502750064406,0.013410249921578599,0.018113413394903955,0.0018066277517425182,0.012442070646737953
10.5,cue,CE_p1.00,101,0.24310299508828725,0.014761835301324844,0.007712332303784164,0.006281520362381897,-0.010510202880459795,0.008600597081759942,-0.0011726020782933842,0.006202647081681604,0.012246176080923975,0.018394091539079317,0.00293716974877232,0.012340340007623234
10.6,cue,CE_p1.00,101,0.24507142629140388,0.014786945699526037,0.00820760504443763,0.0061776450006384535,-0.011146783386992548,0.008670321131650794,-0.0016144575819520568,0.00632025646238716,0.01012146514175626,0.018687163629645284,0.004284764868461311,0.012140081645861917
10.7,cue,CE_p1.00,101,0.24652965070184016,0.014738991316040626,0.008242778331971755,0.0061183187341789375,-0.011849107836295458,0.008803688771929838,-0.0020649403584921838,0.006445853769518858,0.007273775491906318,0.018798200138488052,0.00430671647587746,0.011886927859420698
10.8,cue,CE_p1.00,101,0.24714121708265688,0.014641047847035306,0.008507037653111171,0.006114607787727344,-0.012383462221066618,0.00898016370995986,-0.0019493700722893728,0.006583818134530486,0.005160744870593855,0.018750990409247437,0.004452727447490859,0.011759434443863615
10.9,cue,CE_p1.00,101,0.2474236643315572,0.014556545708609512,0.008842181547368894,0.006119282322593914,-0.012950949959979575,0.009124973547694084,-0.002434957673056294,0.006705912876410434,0.0027163196418534758,0.018636965201753983,0.00475389126495769,0.011747402452492155
11.0,cue,CE_p1.00,101,0.24755671606491747,0.014455351316369203,0.009064854873942799,0.006153283814614658,-0.013856068019253235,0.009261043196748189,-0.0026586165288018785,0.00677185311295445,0.0003911016545989735,0.01846166373804462,0.004674413262590087,0.01180796460149712
11.1,cue,CE_p1.00,101,0.2468168435213335,0.014348861937380235,0.009010614163801374,0.006141595764701153,-0.015257835655258683,0.009375165357077456,-0.002513874647313321,0.006771798232983436,-0.001423877536140305,0.01824679755917993,0.004071020261596297,0.011761104965353274
11.2,cue,CE_p1.00,101,0.24554605129270551,0.014229916343985119,0.008772628143945894,0.006146674369193836,-0.016311258476294374,0.00944141814329747,-0.002433417265794393,0.0067917558023096805,-0.003979597194834892,0.018035306729787266,0.0028018384889860045,0.011622598042433511
11.3,cue,CE_p1.00,101,0.24432154259671454,0.014122591372608158,0.008317931813707737,0.006184825414539625,-0.01708601756245765,0.009455558066711015,-0.002847279592784575,0.00681435279517161,-0.005260421473380699,0.01791643169932477,0.0016214081212548703,0.011597776693005024
11.4,cue,CE_p1.00,101,0.24216814962480193,0.01418632696855439,0.007688530061435471,0.006235296194034265,-0.01773785459853718,0.009526583315710246,-0.003495779143076581,0.006826835051244512,-0.006648160078118585,0.017796230697080723,0.0005640604569294767,0.011564465555002916
11.5,cue,CE_p1.00,101,0.23840980478219537,0.014259775599879267,0.006799092575422801,0.006281684817948577,-0.018384737237580575,0.009616890423662665,-0.0040398443266942705,0.006827705762763215,-0.007322834861089166,0.017554910055488652,-0.0012632565164477352,0.011570676182702067
11.6,cue,CE_p1.00,101,0.23383061022214302,0.014415234878117246,0.006057226879460342,0.006420128782802216,-0.01892252785633197,0.009740752347575108,-0.0042333718601952905,0.006853405362928143,-0.006736418272891654,0.017342104288014252,-0.0033432205917134157,0.011613979378748912
11.7,cue,CE_p1.00,101,0.22945919509358076,0.014537167430718997,0.004981705249509295,0.0066037392544303014,-0.01983690257755379,0.009863420695646632,-0.004493612194486379,0.006836921897775424,-0.006880313873156462,0.017129123595258977,-0.006249387036757451,0.011762831648248347
11.8,cue,CE_p1.00,101,0.22488312740391034,0.014668345660111213,0.00377935422908744,0.006771611458936932,-0.02129675015173853,0.010008132533974305,-0.004654861931890995,0.006831867517000243,-0.007331738635650077,0.016877861093350443,-0.010481261621103213,0.011880899914067445
11.9,cue,CE_p1.00,101,0.22000061098291257,0.014743857191605888,0.002692780319317102,0.006935324356540816,-0.02275811683098193,0.010146065736720718,-0.004618000400967356,0.006849866631853071,-0.008502790024500833,0.016719569421504772,-0.015174492091070085,0.012034584206514345
12.0,cue,CE_p1.00,101,0.21483326527575664,0.014853018162553987,0.0019083560615151128,0.007073442524523674,-0.024443726915140393,0.010333323343760078,-0.004578803530126444,0.006900424745265215,-0.009954486460548044,0.016487656237428212,-0.0193899649050305,0.012187099725045242
12.1,cue,CE_p1.00,101,0.20928131271262895,0.014919450439641468,0.0009207804257496528,0.007198673500652821,-0.026046112716397386,0.010573442784248155,-0.003939201218200663,0.006997565193995097,-0.011245837679597047,0.01639772140629525,-0.02368210742407847,0.012354644007383406
12.2,cue,CE_p1.00,101,0.20370960202775865,0.014984402243003857,-5.4834737781563595e-05,0.007345470663026144,-0.027936916278471752,0.01083310414592394,-0.003034810115485275,0.007066208521807194,-0.012274364927151943,0.016509873857913575,-0.027818159390679702,0.012612144856740153
12.3,cue,CE_p1.00,101,0.19703577976125092,0.014982459188841387,-0.0008151495353648776,0.007419261540055155,-0.02893750322874684,0.011019210441235572,-0.00176923872440203,0.007119724167718438,-0.01286488241604977,0.016533736307438863,-0.030523579392838462,0.012813491805636242
12.4,cue,CE_p1.00,101,0.18944546600669518,0.01493058816461837,-0.0014974281140456758,0.0074700674985627305,-0.029026629988500544,0.011160730449099005,-0.0007628505217504179,0.007147901190642091,-0.013808739632258421,0.016565023316812713,-0.03288835231827475,0.0129419191347056
12.5,cue,CE_p1.00,101,0.18165612879258447,0.014859698171389173,-0.002234986118111466,0.007500376267070642,-0.029232180749386237,0.011253266574225993,0.000387477165056543,0.007164621481649933,-0.01618285521332349,0.01662000112850849,-0.03539598255577829,0.013073690162749724
12.6,cue,CE_p1.00,101,0.17330795809714722,0.014636779434495732,-0.002566439398626743,0.007504508397213691,-0.0295523579034915,0.011168700098844997,0.0018691731235274095,0.007176653493514571,-0.018326554860296836,0.016535640724974668,-0.03687129997563965,0.013136468175674803
12.7,cue,CE_p1.00,101,0.16496755416662007,0.01437129116259619,-0.0027079888495043425,0.007436562148253267,-0.029750469435818393,0.011023766542833551,0.0032914342928705076,0.0072129996117333214,-0.018981737299035514,0.016456955888662767,-0.03781812290967673,0.01310537438623576
12.8,cue,CE_p1.00,101,0.1575295329370597,0.01400033852592162,-0.0028529162081136557,0.007333403180670021,-0.0301298192816449,0.010833024801146509,0.004409990584784655,0.007295686159657248,-0.020233154332066718,0.016354404452457234,-0.038610975688790156,0.013039860074892237
12.9,cue,CE_p1.00,101,0.15072355411688376,0.013681416408582957,-0.0030413041929366206,0.007226742273250827,-0.030462660555496304,0.010648571868820346,0.005314168694361672,0.007374046603181974,-0.021899445075089317,0.016327410403826636,-0.03944628375510369,0.013000047135512515
13.0,cue,CE_p1.00,101,0.14372101280912833,0.013433155580934598,-0.0026998998730764653,0.007148057927490447,-0.02994634834869746,0.010507443553776702,0.005959832933410306,0.007428064507317174,-0.02369194690431959,0.016410999652429866,-0.03905403397452804,0.013034451049368831
13.1,cue,CE_p1.00,101,0.13612579625951204,0.013165427470844603,-0.0025608278677491368,0.007113189826913821,-0.02872316586978056,0.010373796513502318,0.006735391561600097,0.007498798650464116,-0.02409946740042356,0.01629680950057927,-0.037820296562086665,0.013063420934627541
13.2,cue,CE_p1.00,101,0.12895751187103485,0.012946946341782194,-0.0025343597058907173,0.007114852546907467,-0.0273977618785611,0.010282528389535287,0.007737645920082324,0.007600336016338747,-0.024419569186778862,0.016207298134811234,-0.03632401278397264,0.0131243028174888
13.3,cue,CE_p1.00,101,0.12239110613123598,0.012850896510047102,-0.0025745419742548704,0.00710249129398241,-0.0258888539918885,0.010192666032588293,0.008403046598159193,0.007688439987386551,-0.025190814486679786,0.016114601930797327,-0.034416644630477916,0.01311981025186836
13.4,cue,CE_p1.00,101,0.11572203094507287,0.012831185557591452,-0.002676122281521922,0.007125589280001774,-0.023779481007577163,0.010051072628683991,0.008810658395103603,0.007758562194391184,-0.02555043920230468,0.016204937135305363,-0.03259115378666252,0.013162746763205188
13.5,cue,CE_p1.00,101,0.10905240667042042,0.012895299313508765,-0.0027641449593393745,0.007155082784491172,-0.021177226422547123,0.009957911682289529,0.008932074948945845,0.007799645022995253,-0.02585139937474803,0.016273786755444972,-0.03141291561662242,0.013204945014658626
13.6,cue,CE_p1.00,101,0.10434136200435835,0.012915470562997518,-0.0031177598836048827,0.007130568125842901,-0.019628941200821343,0.00988809643121428,0.008593834872652932,0.007822793168557387,-0.02697358506659102,0.016370770406891725,-0.03135424790872256,0.013142763604998279
13.7,cue,CE_p1.00,101,0.10013003211206445,0.012933905940064215,-0.0036637864776820593,0.007095953830327009,-0.01816034975375678,0.00985536710757626,0.008572396710096715,0.007877470249332559,-0.028175603954410416,0.016497635094934796,-0.03172738808023232,0.013038284759973541
13.8,cue,CE_p1.00,101,0.09631192471804056,0.012938691911645884,-0.004234297705783471,0.007072700539336515,-0.016361618299649775,0.009876580700010613,0.008083569800212806,0.007899963678869533,-0.028486935400371474,0.01675370922240885,-0.031611721785518444,0.012991342074578183
13.9,cue,CE_p1.00,101,0.0926356549748927,0.012943124362216245,-0.0047577511633372345,0.00700085281692387,-0.014199427758138827,0.00992090662920465,0.007512110659208668,0.007877027756283855,-0.02974695827356089,0.017116531382919808,-0.03167865125719281,0.012928391646664223
14.0,cue,CE_p1.00,101,0.08892370610862502,0.01291933664481743,-0.005487894006654659,0.006964547857579985,-0.011874496232997729,0.009971522790318016,0.006977837981308197,0.007836100183551787,-0.032263276789493686,0.017228562044972112,-0.0315470526901744,0.012945094787002022
14.1,cue,CE_p1.00,101,0.0844569352563637,0.012940887799084649,-0.005807502952857947,0.006901245838791842,-0.009436994639228008,0.009958179475138247,0.006292467471616389,0.007755714005775724,-0.03436682450982865,0.01733840803554643,-0.030880268874894163,0.012901874652214818
14.2,cue,CE_p1.00,101,0.07971854928273549,0.012917823557677649,-0.006593882906367673,0.006812325417570859,-0.006975172546226856,0.009898330872747057,0.00597961169869147,0.007636418788758561,-0.03541087311306305,0.01737457874510925,-0.030957842031960996,0.012892630869516948
14.3,cue,CE_p1.00,101,0.07504612915669809,0.01296961422774517,-0.007265064804705762,0.006708665205881176,-0.005053750139464128,0.009883642252580671,0.005674895549096324,0.007509377325997464,-0.03650096352902501,0.01747768285726508,-0.030734699625296277,0.01285780958142092
14.4,cue,CE_p1.00,101,0.07033966838222579,0.013005686142118363,-0.007796066428686836,0.00660666846640129,-0.0032269714605378517,0.00989977774163761,0.005128199016202115,0.007376377649216249,-0.03753511486015879,0.01746158050480786,-0.0311087390497203,0.012863058622183178
14.5,cue,CE_p1.00,101,0.06555207989547922,0.01298667329228375,-0.008459218835423553,0.006504073560229016,-0.001489206712810201,0.009913079275918371,0.004344484063952645,0.007244651613521041,-0.03769396598932733,0.01747771721808638,-0.032108125232021244,0.012806078418779137
14.6,cue,CE_p1.00,101,0.061553525690450625,0.012879819806984948,-0.008873795174218444,0.006381858371719265,-0.0006557360523681355,0.009896335816695476,0.003563461475690892,0.007110817679627052,-0.038556343100910405,0.017508498563797995,-0.033396702077738885,0.012677940537395033
14.7,cue,CE_p1.00,101,0.0586101385680692,0.012765589869428336,-0.009159018154049556,0.0063292196734538704,-0.00015879840587632556,0.009923808160388223,0.002692687128261133,0.007000370249166116,-0.039815467367993185,0.017578681391026772,-0.03419531957764296,0.012647177677813965
14.8,cue,CE_p1.00,101,0.055535713486039785,0.012657654023049745,-0.009218838394735383,0.006274856782873922,0.00046474832082933957,0.009964924717871835,0.0020611776003186815,0.006942370507957782,-0.04008077838281775,0.017701979633381344,-0.03432335565119881,0.012726213956437245
14.9,cue,CE_p1.00,101,0.0514287009357264,0.012522233801022803,-0.008710697617979971,0.006185544170333258,0.0016698379972056132,0.00997213420049554,0.0015640623784497344,0.006928171949774289,-0.039284557357279024,0.017756933766977272,-0.03284963085624759,0.012708742556602249
15.0,cue,CE_p1.00,101,0.047601582542100944,0.01242887607062762,-0.007979186593632427,0.006145793136929434,0.0023725311777171767,0.00996840257239683,0.001255609063393126,0.006913795110124588,-0.03838228969059147,0.017947842199788476,-0.03109124357958718,0.012727245460953298
15.1,cue,CE_p1.00,101,0.04448570633477041,0.01233170141865228,-0.007214649762298608,0.006131516830375667,0.0027660724420376028,0.009912500831536187,0.001212035966978002,0.006898873374569768,-0.037623027328317765,0.018209028179155904,-0.029153479256086034,0.012810729536029304
15.2,cue,CE_p1.00,101,0.04227733880945783,0.012278045427255859,-0.006354849641067864,0.006121915318013652,0.0027895626152231547,0.009842004086601842,0.0006772758098450453,0.006913590565800048,-0.03580193144796538,0.018306818287276892,-0.027013318350564346,0.012839685412987151
15.3,cue,CE_p1.00,101,0.04016831668272463,0.012176994195152635,-0.005383231209982713,0.006081439394805902,0.003078139887723255,0.00972122102456657,0.00044971167627972893,0.006926783557547809,-0.03376656395367779,0.018416981960058452,-0.02454048195091568,0.01284280833517809
15.4,cue,CE_p1.00,101,0.038925670480419755,0.012094493574572015,-0.004522508520385063,0.006034186512973444,0.003236383954631307,0.009593976092535506,0.00011046831888385303,0.006937131298601881,-0.030971039768072237,0.018523503426573378,-0.022154935927402943,0.012816755986675516
15.5,cue,CE_p1.00,101,0.038597106815909686,0.012035911861429653,-0.0032409900224438667,0.0059861144790489314,0.00297387136841064,0.009483256101586814,-0.0002524442052553882,0.006952229896965481,-0.02875241227794714,0.018587217412857814,-0.0192262238990127,0.012771468802180995
15.6,cue,CE_p1.00,101,0.03870919993896587,0.011993119001172439,-0.002425398853858812,0.005908341646242601,0.0029750909541939644,0.009347258467218652,-0.00048196464754617373,0.006981904163073755,-0.024754598678295527,0.01864483609628175,-0.016388095720049883,0.012582776303326437
15.7,cue,CE_p1.00,101,0.03993221172483989,0.012015889672033835,-0.0017922751415031964,0.005903373156583801,0.0025364739813737514,0.00921499917702592,-0.0007056864211000306,0.007010714020935229,-0.02178884197448217,0.01871799400349277,-0.012637693035905128,0.012448997603182474
15.8,cue,CE_p1.00,101,0.041116166152838945,0.01210401393716669,-0.001089003356060573,0.00596623527741521,0.0026351480899109102,0.009104617273063567,-0.0006135676701427101,0.0070373832563569915,-0.018550922744445524,0.018730692671318768,-0.008176718591626594,0.012387123251596912
15.9,cue,CE_p1.00,101,0.04181232512456401,0.012263224455352145,-0.0006936387093467613,0.006085695262272352,0.0028756729808689127,0.009065940482142352,-8.680722249308358e-05,0.007071437563345233,-0.014956125696061168,0.018725118109947793,-0.003732034003842658,0.01240589586868062
16.0,cue,CE_p1.00,101,0.041862248922610625,0.01240456007053146,-0.00037985490339441884,0.006190785226112354,0.0028721053257916296,0.009051351823937574,0.0002841554992872178,0.0071061355474914085,-0.01139046578272543,0.018711528070650227,0.00016242635750578072,0.012365752898705031
-1.0,outcome,CE_p1.00,101,-0.030375136988368166,0.010989565977693606,-0.00830024446971144,0.005929378753811726,0.018306039013731325,0.010364133832412692,-0.015824806561284103,0.007031010909205551,0.000469548662863355,0.016801550760414508,-0.014877887995594552,0.01142163201537922
-0.9,outcome,CE_p1.00,101,-0.03387425957930883,0.011191919190639252,-0.008616936099263079,0.005933844342993414,0.016813731162644376,0.010439415066714246,-0.01516122977103366,0.006986105504060195,0.0009322735576290895,0.016719487334390944,-0.01530105238184858,0.01153640447923965
-0.8,outcome,CE_p1.00,101,-0.037745984269974754,0.01146792463314259,-0.009105267545806596,0.005971917843151427,0.015468748014614214,0.010493637481568681,-0.014953577908406837,0.006927515583493823,0.0019080874205839266,0.016812494874684513,-0.016122329200112667,0.01171679057168171
-0.7,outcome,CE_p1.00,101,-0.04122836006047024,0.011749872160961699,-0.009462053622345435,0.00606489702802719,0.013816237243735388,0.010540298587902815,-0.015106615360596648,0.006887834157228129,0.003833540440997561,0.017046985468521954,-0.01688473523191002,0.012004003707482983
-0.6,outcome,CE_p1.00,101,-0.04478943467881358,0.012036888458591901,-0.009696214891161415,0.006196808143456438,0.011920556709939698,0.01048332780288255,-0.015035194997876538,0.006791933074971122,0.007538254521279289,0.01723159275310984,-0.017024032078020487,0.012404387635058705
-0.5,outcome,CE_p1.00,101,-0.047917802808602354,0.012334612608156789,-0.009861063072807869,0.006359548375937046,0.010300385266160735,0.010369369340746034,-0.014843391565384018,0.006696141476557693,0.010852759822469209,0.017481390615333776,-0.01666654608549805,0.012733153963782929
-0.4,outcome,CE_p1.00,101,-0.05103539432179653,0.012590770592781266,-0.009505578348161589,0.0065317957140933235,0.008919485227180293,0.010265026062129527,-0.013979785483121026,0.006614236507013934,0.014162787703940631,0.017900950005379987,-0.015940324781738558,0.013128678857868255
-0.3,outcome,CE_p1.00,101,-0.05264297634445877,0.012707701337501978,-0.008702418413172158,0.006653323473730782,0.007657351117438796,0.010196577108585616,-0.013083742598901698,0.006528285259931116,0.01741695408524824,0.018160753880733706,-0.015099617399847704,0.013432635543634336
-0.2,outcome,CE_p1.00,101,-0.052979975691983795,0.012702844823103878,-0.00811717183374423,0.0067155001834808695,0.00685546970602015,0.010125443743692435,-0.01290885554212815,0.0064709710302390255,0.0194529024206277,0.018430601965374625,-0.014692804400550317,0.013600754299617645
-0.1,outcome,CE_p1.00,101,-0.05269575620352559,0.01264555569552723,-0.007290700597118508,0.006736152897923234,0.0065319892798868465,0.010128797936274846,-0.012770004629955563,0.006387388448015717,0.021840511267934,0.018760856944193525,-0.013878197759842623,0.013641918279689911
-0.0,outcome,CE_p1.00,101,-0.05150572254128841,0.012594889781666735,-0.006846409249310867,0.00668818995555637,0.005615167784127418,0.010137918526513311,-0.012701400257051661,0.006296851802464428,0.023829606378555156,0.01899991724591828,-0.014391770952291261,0.013570028219701524
0.1,outcome,CE_p1.00,101,-0.04980980200045452,0.012532891911148059,-0.00644401254648454,0.0065883990657852705,0.00499076669091692,0.010112488528790611,-0.012794671610531648,0.006172894237915229,0.025008976109666275,0.01910717999920719,-0.015355814530667191,0.013395530218460534
0.2,outcome,CE_p1.00,101,-0.04741771176184965,0.012463750974962736,-0.006376784914289423,0.006443320447262785,0.004416742126669842,0.010119444446406337,-0.012902278975708923,0.006085023871641371,0.028009423892044052,0.019017468802788307,-0.01625656343787871,0.013091081069827442
0.3,outcome,CE_p1.00,101,-0.043768425829722526,0.012395479776694699,-0.005782562861859113,0.006354174651845887,0.0038746494239428613,0.010077806023106787,-0.013089803546766272,0.006006364572173107,0.03095527961279237,0.018926284465210677,-0.015551600661189085,0.012780160183368323
0.4,outcome,CE_p1.00,101,-0.038544587748771876,0.012221754276348584,-0.004426617752646683,0.006301834041717232,0.0035659996688137104,0.010011396434766643,-0.013368725923306886,0.00590699561764487,0.03151778014507451,0.018894714080029927,-0.013413915936313673,0.012532511300564753
0.5,outcome,CE_p1.00,101,-0.032729525648532466,0.011983743615330339,-0.002987670369608264,0.006293403665075635,0.0035852940944983975,0.009959300860523029,-0.013066528114136208,0.005828924763873986,0.03174647490521669,0.01868515974441531,-0.01121294115968057,0.012424285312311515
0.6,outcome,CE_p1.00,101,-0.026349716328150783,0.011749470500149704,-0.0015359446805612504,0.006298045093455111,0.0038966769573832286,0.009927625433629177,-0.012660011000459558,0.005775093236977139,0.03033730371500868,0.01852209204136816,-0.009087802004748376,0.012345877643910102
0.7,outcome,CE_p1.00,101,-0.019079381150423933,0.01154536044402185,-0.00031114271116274375,0.006242702282988736,0.004557369140551234,0.00997855883125677,-0.012283848414600191,0.005729776179262143,0.026866978921150562,0.018320627634838934,-0.007835561622964393,0.012206492635093803
0.8,outcome,CE_p1.00,101,-0.011457212085182703,0.011454368763413235,0.0007381266271878303,0.006163523462301549,0.005209103846715671,0.010027836558848214,-0.011804557400584241,0.005717028825928619,0.02365917462611843,0.01826936984849909,-0.006973320200445107,0.012135016470531211
0.9,outcome,CE_p1.00,101,-0.004419249804365986,0.01147935700994005,0.0009320695128558192,0.006067958832595435,0.006118617203964379,0.01006572760082421,-0.01167529772363281,0.005685783905615499,0.021026811521257096,0.01836785816846212,-0.006505726145062203,0.012121130973923979
1.0,outcome,CE_p1.00,101,0.00249753297195613,0.011589760572849156,0.0005676881328762112,0.005936771654300275,0.007270653127235027,0.010051171481761784,-0.011446182460469247,0.005668000819949462,0.017431510533822067,0.018427915473344648,-0.006061587039139907,0.01208679744855155
1.1,outcome,CE_p1.00,101,0.010547488215619398,0.01169764567822804,0.00023392150446644122,0.005833871527701105,0.00829042606091642,0.009961677210668473,-0.0114198572457483,0.005624873847861216,0.012458045109107353,0.018558458290958577,-0.006071082367748151,0.012086130545738748
1.2,outcome,CE_p1.00,101,0.020390490484970505,0.011796783294208016,-0.00018518600761102848,0.005750403064144805,0.008647202662057218,0.009888449000488967,-0.011048215022951356,0.005566146027570413,0.00873350534729043,0.018753575681816754,-0.006595770274795328,0.012066022704961219
1.3,outcome,CE_p1.00,101,0.03205128433277352,0.011977565941192073,-0.0006469407238486729,0.0056860088431292585,0.009328555151524195,0.009753091701050931,-0.010685930097534166,0.005526959694953223,0.0069215143190368075,0.0189165705564074,-0.00727259438108919,0.012111903669041814
1.4,outcome,CE_p1.00,101,0.04491901373666872,0.012111663756105883,-0.0010168221100378427,0.005660858791311134,0.00976569951341348,0.009580374534453899,-0.010250975083450159,0.005498984839061787,0.0042912272580332604,0.019045766078139154,-0.008159565040059671,0.012176358451802469
1.5,outcome,CE_p1.00,101,0.057581105715762894,0.01220743098597476,-0.001189379146433062,0.005694815285851047,0.010434963550834182,0.00937169587735304,-0.0099647286389683,0.005471969324185314,0.002344992693586143,0.01921175299121992,-0.008832590391525614,0.012209502259585522
1.6,outcome,CE_p1.00,101,0.0707228550660393,0.012344792298438292,-0.0008963082125684261,0.0057720463957891864,0.010379055260746999,0.009111271019367918,-0.009198894720217532,0.005469267391682428,0.0005863866042401158,0.01935748696056247,-0.009726489858550482,0.012237490833301395
1.7,outcome,CE_p1.00,101,0.08379938203959474,0.012507888947861416,-0.0006027415459843538,0.005846982384971424,0.010074089183352774,0.008885960634923373,-0.0085459614044519,0.00546244267518304,-0.0012955909667282442,0.019392360708959593,-0.010266841971600426,0.01226802351232039
1.8,outcome,CE_p1.00,101,0.09739760816291788,0.012724936607229755,-0.0003850915763924974,0.005915045068156219,0.009779760058717791,0.008673589466664834,-0.008012980528745748,0.005439315280083484,-0.0019261498375308117,0.019419311781301136,-0.010390979046672194,0.01222629968252917
1.9,outcome,CE_p1.00,101,0.11133854241458595,0.013053693313788195,-2.1934570303652824e-05,0.005949154745739553,0.009206250260754247,0.008526740212803516,-0.007429504871549471,0.00542256381312765,-0.0019190690885938293,0.01944355175551664,-0.009683452414588862,0.012153923699548737
2.0,outcome,CE_p1.00,101,0.12600280461919933,0.013348645482203809,0.0005481222304797479,0.005990813577314399,0.007910588779117444,0.00842423895742915,-0.007025707021478136,0.005384639309822499,-0.001719066680159349,0.019388159243833157,-0.007930639733370194,0.012144440441027006
2.1,outcome,CE_p1.00,101,0.14111290383775923,0.013615930582244503,0.0011239837537475245,0.006033958686485691,0.005843090694049996,0.008374537618850103,-0.0066806642292304,0.005372148343145017,-0.0015889930627095877,0.019249645162051587,-0.006584327511505954,0.012183547734754337
2.2,outcome,CE_p1.00,101,0.15594914129053952,0.013774753446623829,0.0020657856834979233,0.006036594880671743,0.003839163751130005,0.008355225485888983,-0.005805335385732397,0.005384153739227618,-0.0003226026083197747,0.01901240970253104,-0.0048167457233506,0.012085891243415078
2.3,outcome,CE_p1.00,101,0.17048579717085263,0.013901707206107955,0.0026992809811854936,0.0060363799864519814,0.0016511241909850497,0.008426607034614066,-0.004845012926770659,0.005434446596010703,0.0023664922064543905,0.018844007520914474,-0.003694255848326898,0.012051345955930659
2.4,outcome,CE_p1.00,101,0.18453524437184302,0.014027147240782417,0.0034034709482561407,0.00605379372289332,-0.0007494482654909596,0.008498784721755954,-0.0034865850352900083,0.005511805978982395,0.006067890274482875,0.01877967770645158,-0.0026096442319335123,0.012016931170428737
2.5,outcome,CE_p1.00,101,0.19784736435348774,0.014196307420320277,0.004400742229478999,0.00608441626863178,-0.0034684068965677114,0.008614768766450913,-0.0024112448605747502,0.005619462550656475,0.006038258798739429,0.018633193606341816,-0.0006956960558761302,0.0119842076864721
2.6,outcome,CE_p1.00,101,0.2095068823794031,0.014335662060571953,0.0055665380564822765,0.006070682647107607,-0.006025218023241323,0.008727213981159897,-0.001659767752804648,0.0057220284580644576,0.007052362321201109,0.018501229723928064,0.002116346659958022,0.012026246374205534
2.7,outcome,CE_p1.00,101,0.22052575831140875,0.014507330092780095,0.006418249432857376,0.005975754287868827,-0.008452850736852535,0.008871603039716985,-0.000752684970604258,0.005829687411362828,0.0063261397171168274,0.018316713503598172,0.003952160879132102,0.011956967767688518
2.8,outcome,CE_p1.00,101,0.23089442225810655,0.014735635226198437,0.00671243915010064,0.005906761528455435,-0.010394883636280067,0.008999143637669483,5.097908841027177e-05,0.005857123032446555,0.005396193280470902,0.01827332308131293,0.005287385521167822,0.01186161852578594
2.9,outcome,CE_p1.00,101,0.24017595070857542,0.01498070115306754,0.006242765934297459,0.005853426996143951,-0.011865459919805317,0.009042489345514434,0.0005427133597863753,0.005872794835661282,0.005460082122158227,0.018442168291395413,0.005827089211794661,0.011761252178446303
3.0,outcome,CE_p1.00,101,0.2486789909463479,0.015186028049427024,0.005883776359366137,0.005812029616564665,-0.01331977690580691,0.009130716466210454,0.0009916436401257345,0.005930968379314553,0.004613610442156288,0.018386618450909633,0.00619948184733691,0.011700845047277714
3.1,outcome,CE_p1.00,101,0.2553076735978885,0.015338178296090198,0.005006136541676391,0.005799328195400979,-0.01443344501969316,0.009176254757021185,0.0013892243189830178,0.005986535672272761,0.0023913061197338866,0.018351321527743377,0.005369086747392896,0.01160749743821917
3.2,outcome,CE_p1.00,101,0.26075163137818735,0.015500652418918735,0.004570075052837292,0.0057923063224124445,-0.015576542642023374,0.009218793234470102,0.0015185859604347055,0.006070663571491633,0.00134246350295612,0.01812104302719388,0.004512216945832329,0.011495322704432948
3.3,outcome,CE_p1.00,101,0.2644417916952038,0.015598251434044202,0.004079549612509648,0.005793527929565621,-0.015698716021538665,0.009250129841114382,0.0016434333898774174,0.006185448546626927,0.00042480934548711006,0.017936076874683193,0.0032042992676931253,0.011385759003662822
3.4,outcome,CE_p1.00,101,0.2676628158893426,0.01569221009001574,0.004076293152169252,0.005759194664327114,-0.015600370881285033,0.009300107187805362,0.0011976666854996,0.006292510350740041,-0.0016014928378445185,0.017803472397826987,0.0027420483090821062,0.011236971042135578
3.5,outcome,CE_p1.00,101,0.27072698276178964,0.015740618299539492,0.00455620798045124,0.005723762738686034,-0.015938964356731634,0.009340077041320411,0.0007378565750534686,0.006427358871418169,-0.005175951056401266,0.017663583009345427,0.0019581537684560035,0.01100841699437985
3.6,outcome,CE_p1.00,101,0.27237286732725974,0.01572917516328953,0.005152860073455718,0.005691218629844547,-0.015969788569661497,0.00934079035905435,-0.00023111427808108863,0.006516834064207256,-0.008653717602662694,0.017702316151827574,0.0025201471467827595,0.010833295463470227
3.7,outcome,CE_p1.00,101,0.2719474595742978,0.015683544071742123,0.0056448186325956645,0.005683277873930151,-0.014941131941968914,0.009328161402006893,-0.001471251383355996,0.006565629412687525,-0.011267686204519378,0.01771794682207326,0.0031452012842349145,0.010730579443732253
3.8,outcome,CE_p1.00,101,0.269490050300894,0.015504685386189732,0.005859308087037799,0.005637889600881296,-0.013733579100895675,0.00927748031567852,-0.002349496506658429,0.006582962203223315,-0.012682824127406837,0.017726250733195878,0.003988220303408396,0.010643144122405614
3.9,outcome,CE_p1.00,101,0.265866152067589,0.015253973385214916,0.005993926065070206,0.005648261687829467,-0.01252123576469069,0.009277420300112622,-0.0033719414876380144,0.006588866169987946,-0.01366880606686345,0.017776163704060936,0.004562844562146133,0.010521536041930991
4.0,outcome,CE_p1.00,101,0.26240331251221016,0.014932815497640766,0.006297995286925822,0.005682641499601899,-0.012020491308309414,0.00926616779422172,-0.004191794984697611,0.00656768699712317,-0.015673616553050485,0.017839857263177265,0.004866894891184742,0.010495435945486138
4.1,outcome,CE_p1.00,101,0.25817881059241854,0.014623649990611177,0.006037205933170257,0.005775768693192231,-0.012253623839694,0.009280161585795182,-0.0047039033498872205,0.00653756214786548,-0.01721897418247654,0.017986895488846376,0.003959813395245049,0.010476531415151267
4.2,outcome,CE_p1.00,101,0.2531435971900125,0.014391738066251521,0.005827208087417126,0.005891394424657412,-0.012598286742908756,0.009308589551073982,-0.00517104651608335,0.006510220633660005,-0.0180224596751624,0.01819452644314429,0.0028136896472316228,0.0104954699397775
4.3,outcome,CE_p1.00,101,0.24792890918031274,0.01423586787757216,0.005831495859023538,0.006004361556299512,-0.01305233355372089,0.009354465410751881,-0.0054831449254655745,0.006532271340700023,-0.01743952514283072,0.018484118654665368,0.0012671311222890755,0.010511715291007142
4.4,outcome,CE_p1.00,101,0.24212492413390635,0.014147430312700198,0.005545414983285347,0.006095260279510705,-0.013509303758323243,0.009476620789697394,-0.005784949373009762,0.00657603820046637,-0.014734674800941542,0.018656148101451425,-0.0009607962767392567,0.0105993658022975
4.5,outcome,CE_p1.00,101,0.23608243494132272,0.01410280958496335,0.005106643135793114,0.0061710751608968165,-0.014457436809701149,0.009596464643955851,-0.006222389374951105,0.006632549266204443,-0.012568508118305177,0.01858118933196496,-0.0033867547920580425,0.010808530233672044
4.6,outcome,CE_p1.00,101,0.2301169221156305,0.01407131846482716,0.004438216358674091,0.006229571015152398,-0.015316545399858246,0.009688691862296522,-0.0062994439458645595,0.006664474048484693,-0.011819382847519636,0.018447160833886138,-0.00640135046336089,0.01103212049311646
4.7,outcome,CE_p1.00,101,0.22383775845692483,0.01409949800977354,0.0038454187556177157,0.006220576302444969,-0.016431770641710298,0.009751036502444478,-0.006218713600483299,0.006665510846849303,-0.011391793509120503,0.01824898794103331,-0.009205960150056154,0.011095916221942026
4.8,outcome,CE_p1.00,101,0.2170931385691838,0.014214920907609738,0.0031982598489406215,0.006225000324750019,-0.017866107163579448,0.00984635259185407,-0.005819337134298596,0.006678070736263326,-0.009510922283137347,0.018013269576030045,-0.011839844630798395,0.011181820888548667
4.9,outcome,CE_p1.00,101,0.21042390467598265,0.014359412058941905,0.0023040378049098893,0.0062141661645920485,-0.01974957627427911,0.009971917682361752,-0.00527793911720239,0.006727475955071713,-0.008961244917100096,0.01776869945319681,-0.015093827583364824,0.011254291878745397
5.0,outcome,CE_p1.00,101,0.20474650454535753,0.014534193057562558,0.0013999274011340182,0.006263478142685743,-0.022155455127180142,0.010122773423934325,-0.004472035214270703,0.0067947394132436495,-0.009805154164627506,0.017570936572252407,-0.018547748496175315,0.011345116078408686
5.1,outcome,CE_p1.00,101,0.19953739749564586,0.014634194608812073,0.0006565644497362266,0.006303180049310644,-0.02457425433318645,0.01018993426618683,-0.0035453402162219827,0.00686557501335843,-0.010713043932277124,0.017429262943743928,-0.022412336459093872,0.011434701920231933
5.2,outcome,CE_p1.00,101,0.1936576198938285,0.014719499565316242,4.0612401444488346e-05,0.0062954426319514,-0.026740193457563458,0.01026518776368075,-0.0025555886342584614,0.006970832263320108,-0.01135546057424839,0.01730470115302456,-0.02609502277220608,0.01139746481166766
5.3,outcome,CE_p1.00,101,0.18740875671065121,0.014753907505116818,-0.00041620517709063784,0.006328591291670285,-0.028191246972853082,0.010326583551305866,-0.0020358287328645338,0.007027952760454069,-0.01188539968804385,0.017242878784678582,-0.028953332999280847,0.01142256804979526
5.4,outcome,CE_p1.00,101,0.18158865613142244,0.014774109341048955,-0.0007025807598689924,0.0063662244552199175,-0.0295537023166221,0.010362406207819195,-0.0018268825958793068,0.007043747107362693,-0.012722223128273752,0.01717484661380252,-0.031619723227809864,0.011462479524540282
5.5,outcome,CE_p1.00,101,0.17560423225530322,0.014638508436936848,-0.001244107538326641,0.006410023820027529,-0.03086858089988328,0.010324444115621027,-0.001369528794353593,0.007038170681516101,-0.014547991428225434,0.016968554679652727,-0.03399373111741922,0.011577815353501237
5.6,outcome,CE_p1.00,101,0.16985371466588656,0.014492613859654353,-0.001821212560576616,0.0065122543739139765,-0.031833042774789114,0.010272536467687145,-0.0008860135900989935,0.00706270109796455,-0.017138448305902408,0.016819116736121402,-0.035437385300866764,0.011687375129961064
5.7,outcome,CE_p1.00,101,0.16488753659219435,0.014328036277368306,-0.0024989003565537675,0.006642618017621197,-0.03257343372369141,0.010253839390701095,-0.0001634969502932371,0.0070829464087006945,-0.021264625303643165,0.01676724935153019,-0.03706374674465286,0.011871502557866431
5.8,outcome,CE_p1.00,101,0.1593143739432938,0.014151254359211426,-0.003296890978984717,0.006754707916408126,-0.032926926432823966,0.010218741540176235,0.001088555544156491,0.007139309593744732,-0.023110367432915616,0.016696834781187882,-0.03825867416599035,0.012029234492807675
5.9,outcome,CE_p1.00,101,0.15306666624056256,0.013939076028842983,-0.003971874199494808,0.006839525857542783,-0.032790423067225814,0.010174149526771389,0.0022491821280509793,0.007241933092561491,-0.022637635438280682,0.01658195685893447,-0.039221190175151584,0.012188425267316255
6.0,outcome,CE_p1.00,101,0.14647413196070638,0.013704142337319236,-0.004649170248248436,0.006872747040407876,-0.032626712077454705,0.010119296449759787,0.003411603260799807,0.007379372153446782,-0.022557734211905905,0.016414992275136292,-0.04013001170363518,0.012314670242142696
6.1,outcome,CE_p1.00,101,0.13993957732820156,0.013463894401183299,-0.005324440640849145,0.006898662096211788,-0.031869672966320574,0.01003816324073213,0.004575472562398395,0.007526292605502245,-0.022394196239935313,0.01635929514922382,-0.041038929580667925,0.01233357232936142
6.2,outcome,CE_p1.00,101,0.13292204635222823,0.013228695352965336,-0.00574123429197988,0.006927709309103156,-0.030639114046784342,0.009906188674880608,0.005682494383692756,0.0076202056129313555,-0.02200456025650059,0.016295360361684996,-0.041318042046226224,0.012349560607076687
6.3,outcome,CE_p1.00,101,0.12506412989503632,0.01303029246413027,-0.0061721990028915374,0.00689904315098879,-0.02907869511626226,0.009779777143092527,0.006287798501835536,0.0076582787420074626,-0.020792782788661982,0.016218821970628832,-0.04123319065084726,0.012421113673971498
6.4,outcome,CE_p1.00,101,0.1170768637207374,0.012816552807554215,-0.006795498527932022,0.006866766054394552,-0.027326139688427332,0.00970569741545988,0.006682418267305337,0.007645048637829847,-0.02072812020024185,0.016179039418655183,-0.04049764890091844,0.012538962023175209
6.5,outcome,CE_p1.00,101,0.10956795633276344,0.01261585854469738,-0.007571905045274407,0.006848719726524971,-0.025516010751778413,0.009674692472204914,0.00745892256879819,0.007631366371325429,-0.020501209819883532,0.01620826172175501,-0.039893735517428905,0.012666638848050695
6.6,outcome,CE_p1.00,101,0.10219925326696243,0.012411644941596522,-0.008441358919700237,0.006849180704634532,-0.02365900936503156,0.00965833813021542,0.00853366686286607,0.007610284570564292,-0.020408535158087854,0.01628916565712541,-0.03980992156264402,0.012805707393304092
6.7,outcome,CE_p1.00,101,0.09494750632509624,0.012248998439128527,-0.009193552720735684,0.006848476402128404,-0.02130195035825723,0.009714340814388772,0.00934783396580958,0.007574987878489989,-0.020330574111711745,0.016354493717385395,-0.039509189917972386,0.012918665806007545
6.8,outcome,CE_p1.00,101,0.08832347176570202,0.012218589594943588,-0.009349332930333049,0.0067943147983250745,-0.018958276765705096,0.009820606670478125,0.009910413613873152,0.007545517502044501,-0.020851839926036307,0.016396411531119082,-0.03872466998058,0.013011725514561444
6.9,outcome,CE_p1.00,101,0.08177871594148747,0.012188192095341333,-0.009267817171602211,0.006728310399874744,-0.01645207296169015,0.009883513719883082,0.01045279197606882,0.0075353472680642596,-0.019662699183174016,0.016410638628676553,-0.037680588964804335,0.013100985680771962
7.0,outcome,CE_p1.00,101,0.07538242860759153,0.012137632936214528,-0.009107317027737082,0.006659408914061462,-0.01429377599492877,0.009925246883528707,0.010243565775291754,0.007554133696282267,-0.01968896308507738,0.01637737557469779,-0.03650176095587269,0.01315573434010955
7.1,outcome,CE_p1.00,101,0.06975183094023385,0.01217840464654469,-0.00885099487329749,0.00661169591783924,-0.012387937539434558,0.010027302372004835,0.009541670748540846,0.007565198333343385,-0.020147814249487063,0.01643233532155651,-0.03520789760229418,0.0132886334018588
7.2,outcome,CE_p1.00,101,0.06507460666570611,0.012258871343547782,-0.008947898272292231,0.006531571308345789,-0.010658478286328626,0.010112899530180885,0.0086250290593607,0.007577296157586882,-0.02136763879101809,0.016433653929525026,-0.03416042304205913,0.013396660208955852
7.3,outcome,CE_p1.00,101,0.06089198720334083,0.012367244672032705,-0.008702438898328852,0.006503009918231579,-0.008485361203982663,0.010204934778207664,0.0074223607377187605,0.0076120251589799764,-0.02208976580215395,0.016568781704050916,-0.032803345193021645,0.013580412855765084
7.4,outcome,CE_p1.00,101,0.05723092511785188,0.012479018207520173,-0.008408788164434959,0.006527520213073786,-0.006427223614436533,0.010283228736954272,0.00599585700862372,0.00761704098386177,-0.02314833961328353,0.01676725514957631,-0.03160560180534808,0.013877135657416549
7.5,outcome,CE_p1.00,101,0.05489107216402769,0.012629672945431334,-0.007961094005506687,0.006531744849785263,-0.005028680796039644,0.010328239951439687,0.004716176799494387,0.007597959413753009,-0.023450899971303577,0.016995344138586006,-0.030092071514784616,0.014007550339213914
7.6,outcome,CE_p1.00,101,0.05349483145741398,0.012670997823862978,-0.0074455801777944175,0.006481514478456477,-0.0037835541561509786,0.010281160588188797,0.0034567647793327105,0.007543770444765373,-0.023305370785317688,0.017239086982783695,-0.02904613503512735,0.014031684608807285
7.7,outcome,CE_p1.00,101,0.05217463633772834,0.01270706022990132,-0.006831209376835998,0.006388493901640605,-0.002763538895388259,0.010244996245992418,0.0020679405337773495,0.007462164849599882,-0.02259284673260843,0.017256746092934285,-0.027486421567150737,0.013918357427501478
7.8,outcome,CE_p1.00,101,0.051237755939013564,0.012740065033361832,-0.005849104097767709,0.006343030871637097,-0.0016264721562898802,0.010163681482935715,0.0003608465201468668,0.007359530223818744,-0.0219591359296307,0.017430823872542325,-0.024948000619564405,0.01387819264173649
7.9,outcome,CE_p1.00,101,0.050485275460836206,0.012775361000609692,-0.004763530445977173,0.006360238780405297,-0.000723278264011148,0.010055496678216447,-0.0011662746824832849,0.007276511580689419,-0.02040567516783912,0.017656142777065256,-0.02199939713364512,0.013921211990775522
8.0,outcome,CE_p1.00,101,0.04979864463957015,0.01272765773096272,-0.004259321999444397,0.006381326760593528,-0.00039880364017466695,0.009866778696606132,-0.0022195552641089307,0.007232818282940618,-0.018532369352828367,0.01775145445647858,-0.01960730526926085,0.01399298958364574
8.1,outcome,CE_p1.00,101,0.04899193034923386,0.012650346944459292,-0.003832653264023841,0.006413952275473447,-0.000371905304260176,0.009749010676007537,-0.003349918406358703,0.007176079455800462,-0.016411088202869305,0.017965561851234376,-0.017424511478369882,0.01402122338640614
8.2,outcome,CE_p1.00,101,0.04820448430919489,0.012592904844245276,-0.003301924273808138,0.006437529742063156,-0.0003582458283986928,0.009667237096476987,-0.0040792038108869045,0.007097246033104721,-0.015186645859511622,0.018082768898130597,-0.0149343234658896,0.014027814503494267
8.3,outcome,CE_p1.00,101,0.04790666666966774,0.012568220955582994,-0.0027408649448987304,0.006459583737602744,-0.00033523171439700213,0.009590835595170401,-0.0046386528244961025,0.00701340337235376,-0.015580352633775102,0.0181412417033659,-0.012461542626522904,0.013999916057844505
8.4,outcome,CE_p1.00,101,0.04736952380718812,0.012576380046452914,-0.0025154695042921746,0.006443778735886252,-0.00028059529373455357,0.009493585004486145,-0.004673533903817726,0.0069483285318209355,-0.014850901657810733,0.01812053038325021,-0.010352917311896293,0.013925380337605266
8.5,outcome,CE_p1.00,101,0.0469646984726565,0.012556608650751656,-0.0026249539261705324,0.006394258847017313,-0.0002669109562918826,0.009407506330904675,-0.004688188213245945,0.006895187215446544,-0.014974790988822654,0.018064212166538827,-0.008769316871349497,0.013769384272945086
8.6,outcome,CE_p1.00,101,0.04623951610797922,0.012630595802765248,-0.002724461654210341,0.006366678830945191,-5.72693018066974e-05,0.00929914592385172,-0.00440872541992676,0.006888638424023008,-0.015121219657867547,0.01809876385398085,-0.007144185425842233,0.013507324365802147
8.7,outcome,CE_p1.00,101,0.04546590773127858,0.012731151691959642,-0.0029599211542314786,0.00632422529622206,0.0001893330607807891,0.009177550004191383,-0.00412635556173131,0.006909476133946374,-0.015769062281435806,0.01825300473002313,-0.006081582073855177,0.013166701453909576
8.8,outcome,CE_p1.00,101,0.04464696702595488,0.012804566077763563,-0.003047290620909087,0.006224663990128434,0.0004346950962356378,0.009151092581366878,-0.003551770443242566,0.006898106954286481,-0.016387653189961302,0.018450687350501496,-0.004865036197732101,0.012790483831106399
8.9,outcome,CE_p1.00,101,0.043772269558694475,0.01286027061918163,-0.0033125468682379065,0.006166249989779944,0.0010288764034893155,0.009137878675520697,-0.002242472751074755,0.006867550345003575,-0.018037356140614434,0.018594048406994957,-0.004085809013501057,0.01250616786616184
9.0,outcome,CE_p1.00,101,0.04313982986406548,0.01293461912536966,-0.003817122953643656,0.0061134877078576075,0.001675137550782613,0.009140251091005388,-0.0011695183102927074,0.00685847195019359,-0.01955050558136328,0.018672185359840575,-0.0037474326248312633,0.012278272430141218
9.1,outcome,CE_p1.00,101,0.04274725679540936,0.012958191525761642,-0.004294531031542606,0.006052920874255672,0.0019920263754444646,0.009100425283222545,0.0002386418035406968,0.006867363669665842,-0.021344910450658165,0.018760158994962965,-0.0040042072373453075,0.012029619724554042
9.2,outcome,CE_p1.00,101,0.042669322925290104,0.01297681350963202,-0.004815904184198326,0.006024065778796043,0.0027377891771197573,0.009146892649562373,0.0016544787352701555,0.0068131697542904305,-0.023667435718317305,0.01887923108658931,-0.0038710654473142364,0.01179594566736035
9.3,outcome,CE_p1.00,101,0.04207306701873027,0.013039384741769449,-0.005138040002177198,0.005979519125949025,0.004100524618815505,0.00922201448510567,0.002834944102917683,0.006750572925069378,-0.025519441286832676,0.019002800701606044,-0.0032014057809706216,0.011572873771631019
9.4,outcome,CE_p1.00,101,0.042083481080506996,0.013108858868843722,-0.005653312816608812,0.005933341086634483,0.00555275033938917,0.009293292215158764,0.0041713216951965795,0.006699451061687461,-0.027587321665220477,0.01899067026123581,-0.002830028212382961,0.011295882566488342
9.5,outcome,CE_p1.00,101,0.04232497991217636,0.013134334753838413,-0.006257472864211802,0.0059514315577135005,0.006713689820221233,0.009372439874417375,0.005441658117617674,0.006640319582415558,-0.02858433504243372,0.019090246926401624,-0.002570813833898323,0.011148313230058049
9.6,outcome,CE_p1.00,101,0.042507472660080314,0.013166303900713692,-0.006358181474633114,0.005950258540113247,0.0077723778104225975,0.009503393564396174,0.0063529319145747025,0.006622762548066526,-0.029648665126973874,0.019121796109366034,-0.0016596161285491295,0.011057760801305707
9.7,outcome,CE_p1.00,101,0.04246038244127537,0.01316805513238126,-0.006142014758815742,0.005905914038240835,0.009007681708761187,0.00962137160298398,0.007085917696498356,0.006638807207977096,-0.030656154320628737,0.019091092788041705,9.238835785063276e-05,0.01093272861582141
9.8,outcome,CE_p1.00,101,0.04233769116585708,0.013126291669835807,-0.005745987249569247,0.005865919103382767,0.01003173622677363,0.009732708830765983,0.008130300937129055,0.006668683006102525,-0.03101453206095689,0.019101032628467525,0.0024996436488360202,0.010891671937819852
9.9,outcome,CE_p1.00,101,0.04288626681261702,0.013043408884080003,-0.005340375290592095,0.0058352096182676455,0.01034275140749931,0.009832709179895502,0.009298909472787815,0.006679171173033333,-0.03150851500104793,0.019201662553324814,0.0047454098365371355,0.010913273864670225
10.0,outcome,CE_p1.00,101,0.043808935105648344,0.012964990370217682,-0.005325091139940482,0.005803020319675734,0.010511613721651353,0.009914068607729407,0.010575211661791257,0.006704778144774168,-0.03232382504244504,0.019287389840685138,0.006683134718477501,0.010825726341169246
10.1,outcome,CE_p1.00,101,0.044985396532772115,0.01294923838505958,-0.005465332102628441,0.00574759160115966,0.010650891068102573,0.009966799120111388,0.011355392308075429,0.0067690126380835535,-0.03200667099419997,0.019377735560064592,0.00853837492265701,0.010751078437424122
10.2,outcome,CE_p1.00,101,0.04631626366840822,0.01291968587690563,-0.005393082796510786,0.0056786540301195475,0.010421661038423735,0.009990548488060884,0.011919312856668503,0.006851227484831329,-0.031020561642116667,0.019298669902752023,0.010615031845980732,0.010637278796142177
10.3,outcome,CE_p1.00,101,0.047741900975093995,0.012974884861321066,-0.005132890193289498,0.0056656601466547425,0.010126110862876176,0.010018166500416367,0.011994860158475217,0.006928625545515323,-0.029814991440905148,0.019293355265379748,0.012763190524458328,0.01057745912610205
10.4,outcome,CE_p1.00,101,0.0482890879287815,0.013041449172796397,-0.004992831442503838,0.005707944931909818,0.01006829543558894,0.009983968469348002,0.011725612009119172,0.0069637157983519216,-0.028855295192597184,0.019424220553184966,0.01430382753401117,0.010567128258046763
10.5,outcome,CE_p1.00,101,0.04924887346593221,0.013067397705289939,-0.004732564085616184,0.005727696188285654,0.009375732998794382,0.00992738748069121,0.011453760201421057,0.007020456928878769,-0.028455682087322378,0.019472376428926862,0.01487682042304211,0.010653157676983667
10.6,outcome,CE_p1.00,101,0.05063122505676541,0.013168890013433344,-0.0048718459110223605,0.005749170455290477,0.008114938048225679,0.00988721066217633,0.011103203629533652,0.007035588692602773,-0.027796709152801954,0.019486669687247188,0.014710622343391643,0.010755696423869119
10.7,outcome,CE_p1.00,101,0.05173732245725979,0.013292631175872063,-0.004866800368681297,0.005748910887124414,0.006706530407452505,0.009819212967080626,0.010895053455884414,0.0070970357132360195,-0.0266524861064383,0.019406348127370104,0.014771433715735721,0.010879222127814182
10.8,outcome,CE_p1.00,101,0.0526412113419986,0.013450634863077314,-0.0052552658488753965,0.0057770599213580786,0.005670018485230763,0.00968699446257767,0.010973718928566275,0.007199951675178844,-0.02613901160451443,0.019271181514635482,0.013734700206605839,0.011058780976823956
10.9,outcome,CE_p1.00,101,0.05402557696695647,0.013614084222661095,-0.005586541981913481,0.005798364162426232,0.004311452243821071,0.009592829950925716,0.011230256575749139,0.007287027075989121,-0.024505647920436375,0.019028132552427746,0.01220208664931381,0.011261619916782529
11.0,outcome,CE_p1.00,101,0.0553168150522127,0.013701197222696596,-0.006523903897871675,0.005766512273817335,0.003202418945532666,0.009527331479066332,0.011375790009846905,0.007389039433804711,-0.024180365027098537,0.01864994124037632,0.008978104885035245,0.01133623975341734
11.1,outcome,CE_p1.00,101,0.0561395875240312,0.013723676738502274,-0.007454195722759696,0.005749124214384089,0.002715331696797783,0.009388976734186103,0.011279790729396336,0.007471487446335937,-0.023987626950970512,0.01846531700549079,0.005844577782578371,0.011427269636911744
11.2,outcome,CE_p1.00,101,0.05693377306163934,0.01371659428200456,-0.008448441829667882,0.005729172122717489,0.0023761938692060934,0.0091830710771885,0.010918057755806773,0.007503153428846521,-0.023235477247714305,0.018242127896015918,0.0023925143959557583,0.01148819704248781
11.3,outcome,CE_p1.00,101,0.05778683347734928,0.013580995654159274,-0.009348587940187105,0.005732259251299404,0.0016270032203561473,0.008925318184340322,0.010353537371428394,0.007443888424526,-0.02316339937814579,0.018109238454741165,-0.001459828428580141,0.01154611023264308
11.4,outcome,CE_p1.00,101,0.05825898157901589,0.013423574671036219,-0.009984121119356091,0.005713088557328257,0.0009447262348507524,0.008685001507763497,0.010258918371390285,0.007327926286886652,-0.02442594987603012,0.018166310191683552,-0.0049874460206561074,0.011552281433434558
11.5,outcome,CE_p1.00,101,0.05891313731231495,0.01323868978601055,-0.010723149356384708,0.005720940894493176,0.0003027078560427845,0.008526329889378449,0.010424728740948325,0.007193354616948569,-0.026010888790975545,0.0183762140378909,-0.008466112596816445,0.011543096215815212
11.6,outcome,CE_p1.00,101,0.060017879156226535,0.01308554236825611,-0.01136866896599053,0.0057192992972807674,-0.0008983896782335532,0.008435584717465706,0.01102413202639439,0.007085900261187844,-0.028041344490948462,0.018702186101793646,-0.01106445365928894,0.011502978892303497
11.7,outcome,CE_p1.00,101,0.06127188975239071,0.013028076609831943,-0.01194007602245666,0.0057502056255045965,-0.0022533079116805747,0.008439446458011247,0.011530873029150845,0.007010267420754827,-0.030522690914194146,0.019062644880728508,-0.012616534669542203,0.011415291269065726
11.8,outcome,CE_p1.00,101,0.06203390136500831,0.012975640664366468,-0.012144795261074743,0.005783418678910784,-0.003608605798858806,0.008485767847095801,0.012064356741633475,0.006991275454389714,-0.03364998408467094,0.019456529806034833,-0.013557573509842281,0.011336824218910767
11.9,outcome,CE_p1.00,101,0.06234831688180057,0.012946476963962554,-0.011888088999065193,0.005878196175982978,-0.004094524681523899,0.008518236963886008,0.01241735436565355,0.006965845970418433,-0.03630409249513115,0.019755942908052344,-0.013642775009560923,0.011245651505280221
12.0,outcome,CE_p1.00,101,0.0626498029914719,0.012955925461567933,-0.011375324212286765,0.00597597951942006,-0.0047359739087744,0.00858463948325484,0.012512606665849718,0.006925122487147629,-0.03843569627722603,0.020068960923258855,-0.01311834255884709,0.011214469396341076
12.1,outcome,CE_p1.00,101,0.062330718694275464,0.01285021302219538,-0.010920025191015066,0.006055903245309279,-0.004970634961110034,0.008631932891738638,0.012602979593833165,0.006879367879297153,-0.03976965945339173,0.02006780959219409,-0.01215718303559065,0.01126554234585131
12.2,outcome,CE_p1.00,101,0.06202424821932513,0.012682703284869767,-0.010988224775894638,0.0060975774631596815,-0.005325898983955455,0.008647776103893143,0.012517468927057964,0.006854221652463833,-0.04005943526243297,0.020020350089947465,-0.011838635023082569,0.011351244161972147
12.3,outcome,CE_p1.00,101,0.06262669576682371,0.012569935953731145,-0.010158785748446258,0.006228872749539156,-0.0063072262715973045,0.008744783888243231,0.01264578216094017,0.006848112972349793,-0.0415255414606676,0.020174935918703393,-0.009832817177621194,0.011521715351418585
12.4,outcome,CE_p1.00,101,0.06265772169444775,0.012420691462817933,-0.009378784226364761,0.006359227563851332,-0.0077151025584213245,0.008741770405312054,0.0127539623038363,0.0068532588248000625,-0.04145259557177382,0.02012612253788756,-0.008020247057979182,0.011662875104666631
12.5,outcome,CE_p1.00,101,0.06191766397669186,0.012212999444878893,-0.008733639591501466,0.00646221638765237,-0.0085472259630335,0.008699460560938907,0.01290703493133626,0.006873870192669006,-0.041496538897895244,0.019920793939922795,-0.0056806917097975045,0.011816250487431379
12.6,outcome,CE_p1.00,101,0.06114523686183657,0.011960308311356112,-0.008117592537707037,0.0065295716700959254,-0.009000785729935472,0.008651096027820061,0.012899564491458739,0.006916545735067652,-0.04107771599387861,0.019662478370508333,-0.003322727391634308,0.011996030218327281
12.7,outcome,CE_p1.00,101,0.05978030490189219,0.011738968621064647,-0.007705179450016842,0.0065148334915735105,-0.009178440312217625,0.008632275145400341,0.01290612022551968,0.0069816125693241545,-0.0395439964033097,0.019230463496166667,-0.0011668887115523182,0.012064514680837283
12.8,outcome,CE_p1.00,101,0.05783634005014963,0.011588633443905757,-0.007055913174444316,0.006496644051817033,-0.008847747819224051,0.008503638630865257,0.012717148485034515,0.007019057260889638,-0.036916707300523405,0.019014939546337983,0.00026494155420902094,0.012150115720856483
12.9,outcome,CE_p1.00,101,0.055606425429908915,0.011460499382536633,-0.006416273960120039,0.006513795600196479,-0.008063623420502854,0.00837855203825194,0.012632215880347918,0.006988957416812448,-0.03306840700603201,0.018990079641402886,0.0006737279280151351,0.012262490006531398
13.0,outcome,CE_p1.00,101,0.05377660878634687,0.011302688907459365,-0.005761886452414952,0.0064799391308289255,-0.0073302704636380505,0.008254228409262277,0.012599366947014988,0.0069494919362473795,-0.028173847074801535,0.019049288353419618,0.0008488633337701202,0.012370919216444376
13.1,outcome,CE_p1.00,101,0.05195060450219752,0.011246390328928947,-0.005307263670854293,0.006450608144201332,-0.006404806213155138,0.008197864861426239,0.01251793126662688,0.006895602746596832,-0.023273364130962093,0.019166255607643033,0.0010192645897191077,0.012454045406428577
13.2,outcome,CE_p1.00,101,0.050119075023797484,0.011218756359660626,-0.005066350436227945,0.006372903879149552,-0.005632546089265244,0.008207738906263326,0.012486254562474954,0.006833576691792829,-0.018967849247696157,0.01918722112918845,0.0009274460477092713,0.01250444448008448
13.3,outcome,CE_p1.00,101,0.04827757247114052,0.011286993212180605,-0.004820417340274887,0.006291661712891517,-0.005090463273941564,0.008232397146775114,0.012274176014331416,0.00674916876306093,-0.014723988250273014,0.01932873038083832,0.0006287972479245852,0.012620486440930076
13.4,outcome,CE_p1.00,101,0.04667095170758149,0.011373896875392007,-0.00432651920583906,0.0061697502644698695,-0.004530397912121928,0.008297757352522873,0.012085620689296094,0.0066903665011361175,-0.012290196959000167,0.019367876524006407,0.0011958035502910244,0.012714367878456924
13.5,outcome,CE_p1.00,101,0.04484726073248319,0.011418060423602256,-0.003771459694110464,0.005977527567531385,-0.0037113886030611387,0.00835085761560177,0.01197671377285335,0.006667521297631407,-0.009701837568600491,0.019200596374480596,0.0014824551705066124,0.01267070266759396
13.6,outcome,CE_p1.00,101,0.04424976555512769,0.011428024847264582,-0.003410882070741335,0.005823971429786137,-0.003278444792640137,0.00835233711559712,0.011917736892613393,0.006612451867430097,-0.00821844896057262,0.019263636032195636,0.001777252577962443,0.012684698075206198
13.7,outcome,CE_p1.00,101,0.04405810868242827,0.011573426714316205,-0.0020234289706254215,0.0057485497910830345,-0.0034767908184533468,0.008396617859856353,0.011377968060183423,0.006622214886020786,-0.005644356386489701,0.019284685041673685,0.0018700028775075525,0.012625785384311243
13.8,outcome,CE_p1.00,101,0.04291218639987725,0.011650503444401916,-0.0011494788440561273,0.005681087497271644,-0.0021985763464250573,0.008359264782690164,0.011047577496012087,0.006554034714034735,-0.003229237625270401,0.01917845529209599,0.001871690011989786,0.01255831957281338
13.9,outcome,CE_p1.00,101,0.040996972526387926,0.01167956498084291,-0.0004196167182402689,0.0056732457867221565,-0.0004960557310635495,0.008248263338220912,0.010342255860106285,0.0064472785406725,-0.0008445637060333083,0.01903984913511766,0.001715307728893264,0.012525802759013176
14.0,outcome,CE_p1.00,101,0.039487619256130764,0.011684807247456708,-0.0002758413594849373,0.0056951575176123785,0.0009473035805528498,0.008184758310979964,0.009311471695882539,0.006313523905855038,0.0010251505159169123,0.018816054017416945,0.0013159442669231352,0.01248347219498768
14.1,outcome,CE_p1.00,101,0.03789710755390374,0.01169880976029425,-0.0001792586752478633,0.005766497596789959,0.0021722548469643955,0.008124281904444173,0.007675810084838982,0.006188877760157763,0.0018787209396396662,0.01866225369249592,0.0011333185398537293,0.01244173046892551
14.2,outcome,CE_p1.00,101,0.03629580756985602,0.01171362929668762,-0.0002830545606474947,0.0058323051329286875,0.003544697783729624,0.008049443764916795,0.005832128699201335,0.006058577406213382,0.0014657404043729658,0.018497432509739075,0.0011870796209637311,0.01245604276083641
14.3,outcome,CE_p1.00,101,0.034849536590682746,0.011704351724132665,-0.0004404281058913691,0.005860679336865879,0.004994683915432461,0.007981937875403104,0.004171104423949369,0.005962507380987907,0.000474662605103361,0.01842534274203509,0.001051443851015959,0.0124304462872682
14.4,outcome,CE_p1.00,101,0.033938753790924404,0.011615763871990582,-0.000578335695995935,0.005904819082925149,0.005778910162343134,0.007888620228170816,0.0023219100075030277,0.005897012429493551,-0.00028506162065947165,0.01838709356299983,0.0006686383419579124,0.012383436847977842
14.5,outcome,CE_p1.00,101,0.032859722193099794,0.011500249168131197,-0.001001741659900736,0.005955967426066418,0.00672275792936052,0.007840777744767526,0.0006880998693498548,0.005894074198222385,-0.0016851721425644233,0.018428233521125242,0.00015574095310668954,0.012361217862403247
14.6,outcome,CE_p1.00,101,0.030994354142099587,0.011478001336031015,-0.0016175125655511137,0.0060097500521531086,0.008045785963087502,0.007861520801567752,-0.0007175833363943707,0.005893507940867215,-0.0030967542023493163,0.018660885472091857,-0.0010003316720393163,0.012401112409021657
14.7,outcome,CE_p1.00,101,0.02786923509180835,0.011244212836035711,-0.0019278869393794032,0.006045611741807466,0.010074515472249856,0.00791656550415621,-0.002114201390416901,0.005927046030243528,-0.0028064214926792016,0.018485595496250427,-0.0020267468723911596,0.012427032443025543
14.8,outcome,CE_p1.00,101,0.024750124718988454,0.011170253332705783,-0.002073726382283569,0.006036787232336866,0.011326862093470683,0.007935346584062324,-0.0035425716341151423,0.006007660847169973,-0.0030923141983179047,0.018233703642879254,-0.002569790250618752,0.01248098487786737
14.9,outcome,CE_p1.00,101,0.021345695223960955,0.011088887335594735,-0.002552894191784192,0.005995812568426222,0.012828320980594735,0.007961430175621275,-0.004836205313455062,0.006082095087184032,-0.0033594282247574325,0.018081751963840997,-0.002764771677834303,0.012531934199064608
15.0,outcome,CE_p1.00,101,0.018035445152752058,0.010966924118886867,-0.0028236819319211242,0.005954952569459365,0.014097084378487909,0.007962043154478474,-0.005925216889503529,0.0061225292036673025,-0.004265839182176999,0.017970816571017807,-0.002180685899559046,0.012559894592706098
15.1,outcome,CE_p1.00,101,0.0157094128344372,0.010857869711960282,-0.0026690637478032375,0.005902275043061118,0.01425509254460268,0.007883898119479553,-0.006600667054938664,0.006164138123893279,-0.003923460130598997,0.017870223468428734,-0.0009843509978751414,0.012587140856224302
15.2,outcome,CE_p1.00,101,0.013814886171254809,0.010769872636890854,-0.0019753643300373007,0.005878779673781689,0.014154021557118932,0.007824832689849705,-0.007194289519014142,0.006267873919856033,-0.003901018048984439,0.01767233966706124,0.0006634029803129844,0.012659435652142172
15.3,outcome,CE_p1.00,101,0.012289678467312633,0.010684872708664321,-0.0010179342671309945,0.005868985235813378,0.014198806675912204,0.007695996144481057,-0.007348934074493169,0.0063171392559575315,-0.0033588714825335377,0.017623007447166078,0.002435785984774283,0.012783030705775788
15.4,outcome,CE_p1.00,101,0.010944951904204423,0.010631116954956454,-0.00022968293105993462,0.005882749432467584,0.013738119053108332,0.0075174853385960175,-0.006871205556124209,0.006362155958262139,-0.001972845435401102,0.017607878759833964,0.0046545656955687565,0.01287428246291815
15.5,outcome,CE_p1.00,101,0.009030421173496386,0.010649989401395164,0.0006190314460187137,0.0059119422924725955,0.01352529073293508,0.007427498746505059,-0.006685157749548065,0.006447665070231878,0.0020870933934263175,0.017500366505203833,0.007179137645170362,0.012916097789333999
15.6,outcome,CE_p1.00,101,0.006711334958394508,0.010806842353775232,0.0011223105725834126,0.005963318459595397,0.013612361903633264,0.007426773401243941,-0.006325771674946148,0.006529792880454141,0.00555403410612234,0.0174156775730413,0.009128266195356543,0.0129733898093257
15.7,outcome,CE_p1.00,101,0.004746947473703727,0.010978768346558235,0.001643508749816,0.006060306653246585,0.013568521021939652,0.007449695388139511,-0.005671698891865232,0.006576469906392003,0.009461032417261424,0.01753356739998388,0.010899638405612044,0.01305600967239501
15.8,outcome,CE_p1.00,101,0.003738373071415009,0.011126579271425727,0.0021188287245161534,0.006157685854164428,0.013210856373338013,0.0075032714843493,-0.005391929183980595,0.006655780092535876,0.012545598028811238,0.01783053597393836,0.012642891167655336,0.013154009202307353
15.9,outcome,CE_p1.00,101,0.003492390467070289,0.011274250233753452,0.002312776584922728,0.006214186463764876,0.012637682429905386,0.007531664166272476,-0.005634633403826795,0.006723685192876833,0.015418355345932971,0.01825163192501782,0.014048749785321267,0.013284390937947246
16.0,outcome,CE_p1.00,101,0.004795346406487002,0.011390530907950806,0.0019110450335745432,0.006253187201177066,0.011371406474566591,0.007580600868958863,-0.005892070271708264,0.006809787613388813,0.019187902446830562,0.018538872300185708,0.014809482114372175,0.013245245611087763
